=== RUN   TestServeRF3NodeSpaceQualification
PROFILE_WORKLOAD_START 1788632493016966262
    node_space_process_qualification_test.go:199: write 340: &{Kind:3 Refusal:0 HasState:true State:{Fence:{Group:{ClusterID:[1 2 3 4 5 6 7 8 9 10 11 12 13 14 15 16] ClusterIncarnation:[21 22 23 24 25 26 27 28 29 30 31 32 33 34 35 36] TopologyRecoveryEpoch:3 ShardIncarnation:[141 142 143 144 145 146 147 148 149 150 151 152 153 154 155 156] GroupID:[161 162 163 164 165 166 167 168 169 170 171 172 173 174 175 176]} AllocationGeneration:23 Command:{ReplicaSetVersion:1 ActivePolicyGeneration:5 ProtectionEpoch:7 OwnershipEpoch:11 SchemaGeneration:13 RelationManifestDigest:[79 151 51 240 198 197 74 246 87 36 107 35 179 155 174 183 70 215 120 165 19 220 139 248 76 165 192 0 236 230 77 210] RoutingVersion:17 RouteGeneration:19} MemberID:3 StoreID:[182 181 180 187 186 185 184 191 190 189 188 195 194 193 192 199] NodeIncarnation:1 Term:2} LeaderID:0 Commit:680 Applied:680 CheckpointApplied:680} Outcome:{Code:0 AppliedIndex:0 CompletionAppliedSequence:0 CompletionBytes:0} RequestDigest:[0 0 0 0 0 0 0 0 0 0 0 0 0 0 0 0 0 0 0 0 0 0 0 0 0 0 0 0 0 0 0 0] Completion:[] ReadApplied:0 Value:[] readLease:<nil> sqlResult:<nil>}
    node_space_process_qualification_test.go:199: write 340: &{Kind:3 Refusal:0 HasState:true State:{Fence:{Group:{ClusterID:[1 2 3 4 5 6 7 8 9 10 11 12 13 14 15 16] ClusterIncarnation:[21 22 23 24 25 26 27 28 29 30 31 32 33 34 35 36] TopologyRecoveryEpoch:3 ShardIncarnation:[141 142 143 144 145 146 147 148 149 150 151 152 153 154 155 156] GroupID:[161 162 163 164 165 166 167 168 169 170 171 172 173 174 175 176]} AllocationGeneration:23 Command:{ReplicaSetVersion:1 ActivePolicyGeneration:5 ProtectionEpoch:7 OwnershipEpoch:11 SchemaGeneration:13 RelationManifestDigest:[79 151 51 240 198 197 74 246 87 36 107 35 179 155 174 183 70 215 120 165 19 220 139 248 76 165 192 0 236 230 77 210] RoutingVersion:17 RouteGeneration:19} MemberID:3 StoreID:[182 181 180 187 186 185 184 191 190 189 188 195 194 193 192 199] NodeIncarnation:1 Term:2} LeaderID:0 Commit:680 Applied:680 CheckpointApplied:680} Outcome:{Code:0 AppliedIndex:0 CompletionAppliedSequence:0 CompletionBytes:0} RequestDigest:[0 0 0 0 0 0 0 0 0 0 0 0 0 0 0 0 0 0 0 0 0 0 0 0 0 0 0 0 0 0 0 0] Completion:[] ReadApplied:0 Value:[] readLease:<nil> sqlResult:<nil>}
    serve_rf3_fault_process_test.go:770: member 1 process diagnostics:
        === RUN   TestServeRF3CommandProcessHelper
        raft2026/09/05 18:21:31 INFO: 1 switched to configuration voters=(1 2 3)
        raft2026/09/05 18:21:31 INFO: 1 became follower at term 1
        raft2026/09/05 18:21:31 INFO: newRaft 1 [peers: [1,2,3], term: 1, commit: 1, applied: 1, lastindex: 1, lastterm: 1]
        vibedb-shard RF3 ready distribution="catalog" shard="controlplane" member=1 replica-set=1 peer=127.0.0.1:42391 native=127.0.0.1:41581 snapshot=127.0.0.1:38147 control=127.0.0.1:46075 gateway=disabled
        raft2026/09/05 18:21:32 INFO: 1 [logterm: 1, index: 1, vote: 0] cast MsgPreVote for 3 [logterm: 1, index: 1] at term 1
        raft2026/09/05 18:21:32 INFO: 1 [term: 1] received a MsgVote message with higher term from 3 [term: 2]
        raft2026/09/05 18:21:32 INFO: 1 became follower at term 2
        raft2026/09/05 18:21:32 INFO: 1 [logterm: 1, index: 1, vote: 0] cast MsgVote for 3 [logterm: 1, index: 1] at term 2
        raft2026/09/05 18:21:32 INFO: 1 [logterm: 1, index: 1, vote: 3] rejected MsgPreVote from 2 [logterm: 1, index: 1] at term 2
        raft2026/09/05 18:21:32 INFO: 1 [logterm: 1, index: 1, vote: 3] rejected MsgVote from 2 [logterm: 1, index: 1] at term 2
        raft2026/09/05 18:21:32 INFO: entry at index 4 missing from unstable log; ignoring
        raft2026/09/05 18:21:32 INFO: entry at index 6 missing from unstable log; ignoring
        raft2026/09/05 18:21:32 INFO: entry at index 7 missing from unstable log; ignoring
        raft2026/09/05 18:21:32 INFO: entry at index 8 missing from unstable log; ignoring
        raft2026/09/05 18:21:32 INFO: entry at index 10 missing from unstable log; ignoring
        raft2026/09/05 18:21:32 INFO: entry at index 11 missing from unstable log; ignoring
        raft2026/09/05 18:21:32 INFO: entry at index 12 missing from unstable log; ignoring
        raft2026/09/05 18:21:32 INFO: entry at index 15 missing from unstable log; ignoring
        raft2026/09/05 18:21:32 INFO: entry at index 16 missing from unstable log; ignoring
        raft2026/09/05 18:21:32 INFO: entry at index 18 missing from unstable log; ignoring
        raft2026/09/05 18:21:32 INFO: entry at index 19 missing from unstable log; ignoring
        raft2026/09/05 18:21:32 INFO: entry at index 20 missing from unstable log; ignoring
        raft2026/09/05 18:21:32 INFO: entry at index 22 missing from unstable log; ignoring
        raft2026/09/05 18:21:32 INFO: entry at index 23 missing from unstable log; ignoring
        raft2026/09/05 18:21:32 INFO: entry at index 24 missing from unstable log; ignoring
        raft2026/09/05 18:21:32 INFO: entry at index 26 missing from unstable log; ignoring
        raft2026/09/05 18:21:32 INFO: entry at index 28 missing from unstable log; ignoring
        raft2026/09/05 18:21:32 INFO: entry at index 30 missing from unstable log; ignoring
        raft2026/09/05 18:21:32 INFO: entry at index 32 missing from unstable log; ignoring
        raft2026/09/05 18:21:32 INFO: entry at index 32 missing from unstable log; ignoring
        raft2026/09/05 18:21:32 INFO: entry at index 34 missing from unstable log; ignoring
        raft2026/09/05 18:21:32 INFO: entry at index 35 missing from unstable log; ignoring
        raft2026/09/05 18:21:32 INFO: entry at index 36 missing from unstable log; ignoring
        raft2026/09/05 18:21:32 INFO: entry at index 38 missing from unstable log; ignoring
        raft2026/09/05 18:21:32 INFO: entry at index 39 missing from unstable log; ignoring
        raft2026/09/05 18:21:32 INFO: entry at index 40 missing from unstable log; ignoring
        raft2026/09/05 18:21:32 INFO: entry at index 42 missing from unstable log; ignoring
        raft2026/09/05 18:21:32 INFO: entry at index 43 missing from unstable log; ignoring
        raft2026/09/05 18:21:32 INFO: entry at index 44 missing from unstable log; ignoring
        raft2026/09/05 18:21:32 INFO: entry at index 46 missing from unstable log; ignoring
        raft2026/09/05 18:21:32 INFO: entry at index 47 missing from unstable log; ignoring
        raft2026/09/05 18:21:32 INFO: entry at index 48 missing from unstable log; ignoring
        raft2026/09/05 18:21:32 INFO: entry at index 50 missing from unstable log; ignoring
        raft2026/09/05 18:21:32 INFO: entry at index 52 missing from unstable log; ignoring
        raft2026/09/05 18:21:32 INFO: entry at index 52 missing from unstable log; ignoring
        raft2026/09/05 18:21:32 INFO: entry at index 54 missing from unstable log; ignoring
        raft2026/09/05 18:21:32 INFO: entry at index 56 missing from unstable log; ignoring
        raft2026/09/05 18:21:32 INFO: entry at index 56 missing from unstable log; ignoring
        raft2026/09/05 18:21:32 INFO: entry at index 58 missing from unstable log; ignoring
        raft2026/09/05 18:21:32 INFO: entry at index 60 missing from unstable log; ignoring
        raft2026/09/05 18:21:32 INFO: entry at index 61 missing from unstable log; ignoring
        raft2026/09/05 18:21:32 INFO: entry at index 62 missing from unstable log; ignoring
        raft2026/09/05 18:21:32 INFO: entry at index 64 missing from unstable log; ignoring
        raft2026/09/05 18:21:32 INFO: entry at index 65 missing from unstable log; ignoring
        raft2026/09/05 18:21:32 INFO: entry at index 66 missing from unstable log; ignoring
        raft2026/09/05 18:21:33 INFO: entry at index 68 missing from unstable log; ignoring
        raft2026/09/05 18:21:33 INFO: entry at index 70 missing from unstable log; ignoring
        raft2026/09/05 18:21:33 INFO: entry at index 70 missing from unstable log; ignoring
        raft2026/09/05 18:21:33 INFO: entry at index 72 missing from unstable log; ignoring
        raft2026/09/05 18:21:33 INFO: entry at index 74 missing from unstable log; ignoring
        raft2026/09/05 18:21:33 INFO: entry at index 74 missing from unstable log; ignoring
        raft2026/09/05 18:21:33 INFO: entry at index 76 missing from unstable log; ignoring
        raft2026/09/05 18:21:33 INFO: entry at index 78 missing from unstable log; ignoring
        raft2026/09/05 18:21:33 INFO: entry at index 78 missing from unstable log; ignoring
        raft2026/09/05 18:21:33 INFO: entry at index 80 missing from unstable log; ignoring
        raft2026/09/05 18:21:33 INFO: entry at index 82 missing from unstable log; ignoring
        raft2026/09/05 18:21:33 INFO: entry at index 86 missing from unstable log; ignoring
        raft2026/09/05 18:21:33 INFO: entry at index 86 missing from unstable log; ignoring
        raft2026/09/05 18:21:33 INFO: entry at index 88 missing from unstable log; ignoring
        raft2026/09/05 18:21:33 INFO: entry at index 90 missing from unstable log; ignoring
        raft2026/09/05 18:21:33 INFO: entry at index 90 missing from unstable log; ignoring
        raft2026/09/05 18:21:33 INFO: entry at index 92 missing from unstable log; ignoring
        raft2026/09/05 18:21:33 INFO: entry at index 94 missing from unstable log; ignoring
        raft2026/09/05 18:21:33 INFO: entry at index 94 missing from unstable log; ignoring
        raft2026/09/05 18:21:33 INFO: entry at index 96 missing from unstable log; ignoring
        raft2026/09/05 18:21:33 INFO: entry at index 100 missing from unstable log; ignoring
        raft2026/09/05 18:21:33 INFO: entry at index 102 missing from unstable log; ignoring
        raft2026/09/05 18:21:33 INFO: entry at index 103 missing from unstable log; ignoring
        raft2026/09/05 18:21:33 INFO: entry at index 104 missing from unstable log; ignoring
        raft2026/09/05 18:21:33 INFO: entry at index 106 missing from unstable log; ignoring
        raft2026/09/05 18:21:33 INFO: entry at index 106 missing from unstable log; ignoring
        raft2026/09/05 18:21:33 INFO: entry at index 108 missing from unstable log; ignoring
        raft2026/09/05 18:21:33 INFO: entry at index 110 missing from unstable log; ignoring
        raft2026/09/05 18:21:33 INFO: entry at index 110 missing from unstable log; ignoring
        raft2026/09/05 18:21:33 INFO: entry at index 112 missing from unstable log; ignoring
        raft2026/09/05 18:21:33 INFO: entry at index 114 missing from unstable log; ignoring
        raft2026/09/05 18:21:33 INFO: entry at index 116 missing from unstable log; ignoring
        raft2026/09/05 18:21:33 INFO: entry at index 118 missing from unstable log; ignoring
        raft2026/09/05 18:21:33 INFO: entry at index 118 missing from unstable log; ignoring
        raft2026/09/05 18:21:33 INFO: entry at index 120 missing from unstable log; ignoring
        raft2026/09/05 18:21:33 INFO: entry at index 121 missing from unstable log; ignoring
        raft2026/09/05 18:21:33 INFO: entry at index 122 missing from unstable log; ignoring
        raft2026/09/05 18:21:33 INFO: entry at index 124 missing from unstable log; ignoring
        raft2026/09/05 18:21:33 INFO: entry at index 126 missing from unstable log; ignoring
        raft2026/09/05 18:21:33 INFO: entry at index 128 missing from unstable log; ignoring
        raft2026/09/05 18:21:33 INFO: entry at index 130 missing from unstable log; ignoring
        raft2026/09/05 18:21:33 INFO: entry at index 131 missing from unstable log; ignoring
        raft2026/09/05 18:21:33 INFO: entry at index 132 missing from unstable log; ignoring
        raft2026/09/05 18:21:33 INFO: entry at index 134 missing from unstable log; ignoring
        raft2026/09/05 18:21:33 INFO: entry at index 134 missing from unstable log; ignoring
        raft2026/09/05 18:21:33 INFO: entry at index 136 missing from unstable log; ignoring
        raft2026/09/05 18:21:33 INFO: entry at index 138 missing from unstable log; ignoring
        raft2026/09/05 18:21:33 INFO: entry at index 138 missing from unstable log; ignoring
        raft2026/09/05 18:21:33 INFO: entry at index 140 missing from unstable log; ignoring
        raft2026/09/05 18:21:34 INFO: entry at index 142 missing from unstable log; ignoring
        raft2026/09/05 18:21:34 INFO: entry at index 142 missing from unstable log; ignoring
        raft2026/09/05 18:21:34 INFO: entry at index 143 missing from unstable log; ignoring
        raft2026/09/05 18:21:34 INFO: entry at index 144 missing from unstable log; ignoring
        raft2026/09/05 18:21:34 INFO: entry at index 146 missing from unstable log; ignoring
        raft2026/09/05 18:21:34 INFO: entry at index 148 missing from unstable log; ignoring
        raft2026/09/05 18:21:34 INFO: entry at index 148 missing from unstable log; ignoring
        raft2026/09/05 18:21:34 INFO: entry at index 148 missing from unstable log; ignoring
        raft2026/09/05 18:21:34 INFO: entry at index 150 missing from unstable log; ignoring
        raft2026/09/05 18:21:34 INFO: entry at index 151 missing from unstable log; ignoring
        raft2026/09/05 18:21:34 INFO: entry at index 151 missing from unstable log; ignoring
        raft2026/09/05 18:21:34 INFO: entry at index 152 missing from unstable log; ignoring
        raft2026/09/05 18:21:34 INFO: entry at index 156 missing from unstable log; ignoring
        raft2026/09/05 18:21:34 INFO: entry at index 158 missing from unstable log; ignoring
        raft2026/09/05 18:21:34 INFO: entry at index 158 missing from unstable log; ignoring
        raft2026/09/05 18:21:34 INFO: entry at index 160 missing from unstable log; ignoring
        raft2026/09/05 18:21:34 INFO: entry at index 162 missing from unstable log; ignoring
        raft2026/09/05 18:21:34 INFO: entry at index 162 missing from unstable log; ignoring
        raft2026/09/05 18:21:34 INFO: entry at index 164 missing from unstable log; ignoring
        raft2026/09/05 18:21:34 INFO: entry at index 166 missing from unstable log; ignoring
        raft2026/09/05 18:21:34 INFO: entry at index 168 missing from unstable log; ignoring
        raft2026/09/05 18:21:34 INFO: entry at index 170 missing from unstable log; ignoring
        raft2026/09/05 18:21:34 INFO: entry at index 172 missing from unstable log; ignoring
        raft2026/09/05 18:21:34 INFO: entry at index 173 missing from unstable log; ignoring
        raft2026/09/05 18:21:34 INFO: entry at index 174 missing from unstable log; ignoring
        raft2026/09/05 18:21:34 INFO: entry at index 175 missing from unstable log; ignoring
        raft2026/09/05 18:21:34 INFO: entry at index 176 missing from unstable log; ignoring
        raft2026/09/05 18:21:34 INFO: entry at index 176 missing from unstable log; ignoring
        raft2026/09/05 18:21:34 INFO: entry at index 178 missing from unstable log; ignoring
        raft2026/09/05 18:21:34 INFO: entry at index 178 missing from unstable log; ignoring
        raft2026/09/05 18:21:34 INFO: entry at index 180 missing from unstable log; ignoring
        raft2026/09/05 18:21:34 INFO: entry at index 181 missing from unstable log; ignoring
        raft2026/09/05 18:21:34 INFO: entry at index 182 missing from unstable log; ignoring
        raft2026/09/05 18:21:34 INFO: entry at index 183 missing from unstable log; ignoring
        raft2026/09/05 18:21:34 INFO: entry at index 184 missing from unstable log; ignoring
        raft2026/09/05 18:21:34 INFO: entry at index 184 missing from unstable log; ignoring
        raft2026/09/05 18:21:34 INFO: entry at index 186 missing from unstable log; ignoring
        raft2026/09/05 18:21:34 INFO: entry at index 188 missing from unstable log; ignoring
        raft2026/09/05 18:21:35 INFO: entry at index 190 missing from unstable log; ignoring
        raft2026/09/05 18:21:35 INFO: entry at index 192 missing from unstable log; ignoring
        raft2026/09/05 18:21:35 INFO: entry at index 192 missing from unstable log; ignoring
        raft2026/09/05 18:21:35 INFO: entry at index 192 missing from unstable log; ignoring
        raft2026/09/05 18:21:35 INFO: entry at index 192 missing from unstable log; ignoring
        raft2026/09/05 18:21:35 INFO: entry at index 193 missing from unstable log; ignoring
        raft2026/09/05 18:21:35 INFO: entry at index 194 missing from unstable log; ignoring
        raft2026/09/05 18:21:35 INFO: entry at index 194 missing from unstable log; ignoring
        raft2026/09/05 18:21:35 INFO: entry at index 196 missing from unstable log; ignoring
        raft2026/09/05 18:21:35 INFO: entry at index 196 missing from unstable log; ignoring
        raft2026/09/05 18:21:35 INFO: entry at index 197 missing from unstable log; ignoring
        raft2026/09/05 18:21:35 INFO: entry at index 198 missing from unstable log; ignoring
        raft2026/09/05 18:21:35 INFO: entry at index 200 missing from unstable log; ignoring
        raft2026/09/05 18:21:35 INFO: entry at index 203 missing from unstable log; ignoring
        raft2026/09/05 18:21:35 INFO: entry at index 203 missing from unstable log; ignoring
        raft2026/09/05 18:21:35 INFO: entry at index 206 missing from unstable log; ignoring
        raft2026/09/05 18:21:35 INFO: entry at index 206 missing from unstable log; ignoring
        raft2026/09/05 18:21:35 INFO: entry at index 208 missing from unstable log; ignoring
        raft2026/09/05 18:21:35 INFO: entry at index 208 missing from unstable log; ignoring
        raft2026/09/05 18:21:35 INFO: entry at index 208 missing from unstable log; ignoring
        raft2026/09/05 18:21:35 INFO: entry at index 208 missing from unstable log; ignoring
        raft2026/09/05 18:21:35 INFO: entry at index 209 missing from unstable log; ignoring
        raft2026/09/05 18:21:35 INFO: entry at index 210 missing from unstable log; ignoring
        raft2026/09/05 18:21:35 INFO: entry at index 210 missing from unstable log; ignoring
        raft2026/09/05 18:21:35 INFO: entry at index 212 missing from unstable log; ignoring
        raft2026/09/05 18:21:36 INFO: entry at index 214 missing from unstable log; ignoring
        raft2026/09/05 18:21:36 INFO: entry at index 214 missing from unstable log; ignoring
        raft2026/09/05 18:21:36 INFO: entry at index 214 missing from unstable log; ignoring
        raft2026/09/05 18:21:36 INFO: entry at index 216 missing from unstable log; ignoring
        raft2026/09/05 18:21:36 INFO: entry at index 217 missing from unstable log; ignoring
        raft2026/09/05 18:21:36 INFO: entry at index 218 missing from unstable log; ignoring
        raft2026/09/05 18:21:36 INFO: entry at index 218 missing from unstable log; ignoring
        raft2026/09/05 18:21:36 INFO: entry at index 220 missing from unstable log; ignoring
        raft2026/09/05 18:21:36 INFO: entry at index 222 missing from unstable log; ignoring
        raft2026/09/05 18:21:36 INFO: entry at index 222 missing from unstable log; ignoring
        raft2026/09/05 18:21:36 INFO: entry at index 224 missing from unstable log; ignoring
        raft2026/09/05 18:21:36 INFO: entry at index 226 missing from unstable log; ignoring
        raft2026/09/05 18:21:36 INFO: entry at index 226 missing from unstable log; ignoring
        raft2026/09/05 18:21:36 INFO: entry at index 230 missing from unstable log; ignoring
        raft2026/09/05 18:21:36 INFO: entry at index 230 missing from unstable log; ignoring
        raft2026/09/05 18:21:36 INFO: entry at index 232 missing from unstable log; ignoring
        raft2026/09/05 18:21:36 INFO: entry at index 233 missing from unstable log; ignoring
        raft2026/09/05 18:21:36 INFO: entry at index 234 missing from unstable log; ignoring
        raft2026/09/05 18:21:36 INFO: entry at index 234 missing from unstable log; ignoring
        raft2026/09/05 18:21:36 INFO: entry at index 235 missing from unstable log; ignoring
        raft2026/09/05 18:21:36 INFO: entry at index 235 missing from unstable log; ignoring
        raft2026/09/05 18:21:36 INFO: entry at index 235 missing from unstable log; ignoring
        raft2026/09/05 18:21:36 INFO: entry at index 238 missing from unstable log; ignoring
        raft2026/09/05 18:21:36 INFO: entry at index 238 missing from unstable log; ignoring
        raft2026/09/05 18:21:36 INFO: entry at index 239 missing from unstable log; ignoring
        raft2026/09/05 18:21:36 INFO: entry at index 240 missing from unstable log; ignoring
        raft2026/09/05 18:21:36 INFO: entry at index 240 missing from unstable log; ignoring
        raft2026/09/05 18:21:36 INFO: entry at index 240 missing from unstable log; ignoring
        raft2026/09/05 18:21:37 INFO: entry at index 242 missing from unstable log; ignoring
        raft2026/09/05 18:21:37 INFO: entry at index 244 missing from unstable log; ignoring
        raft2026/09/05 18:21:37 INFO: entry at index 245 missing from unstable log; ignoring
        raft2026/09/05 18:21:37 INFO: entry at index 246 missing from unstable log; ignoring
        raft2026/09/05 18:21:37 INFO: entry at index 246 missing from unstable log; ignoring
        raft2026/09/05 18:21:37 INFO: entry at index 247 missing from unstable log; ignoring
        raft2026/09/05 18:21:37 INFO: entry at index 247 missing from unstable log; ignoring
        raft2026/09/05 18:21:37 INFO: entry at index 248 missing from unstable log; ignoring
        raft2026/09/05 18:21:37 INFO: entry at index 250 missing from unstable log; ignoring
        raft2026/09/05 18:21:37 INFO: entry at index 250 missing from unstable log; ignoring
        raft2026/09/05 18:21:37 INFO: entry at index 251 missing from unstable log; ignoring
        raft2026/09/05 18:21:37 INFO: entry at index 253 missing from unstable log; ignoring
        raft2026/09/05 18:21:37 INFO: entry at index 254 missing from unstable log; ignoring
        raft2026/09/05 18:21:37 INFO: entry at index 254 missing from unstable log; ignoring
        raft2026/09/05 18:21:37 INFO: entry at index 256 missing from unstable log; ignoring
        raft2026/09/05 18:21:37 INFO: entry at index 258 missing from unstable log; ignoring
        raft2026/09/05 18:21:37 INFO: entry at index 258 missing from unstable log; ignoring
        raft2026/09/05 18:21:37 INFO: entry at index 260 missing from unstable log; ignoring
        raft2026/09/05 18:21:37 INFO: entry at index 262 missing from unstable log; ignoring
        raft2026/09/05 18:21:38 INFO: entry at index 264 missing from unstable log; ignoring
        raft2026/09/05 18:21:38 INFO: entry at index 264 missing from unstable log; ignoring
        raft2026/09/05 18:21:38 INFO: entry at index 264 missing from unstable log; ignoring
        raft2026/09/05 18:21:38 INFO: entry at index 266 missing from unstable log; ignoring
        raft2026/09/05 18:21:38 INFO: entry at index 266 missing from unstable log; ignoring
        raft2026/09/05 18:21:38 INFO: entry at index 266 missing from unstable log; ignoring
        raft2026/09/05 18:21:38 INFO: entry at index 268 missing from unstable log; ignoring
        raft2026/09/05 18:21:38 INFO: entry at index 269 missing from unstable log; ignoring
        raft2026/09/05 18:21:38 INFO: entry at index 270 missing from unstable log; ignoring
        raft2026/09/05 18:21:38 INFO: entry at index 271 missing from unstable log; ignoring
        raft2026/09/05 18:21:38 INFO: entry at index 272 missing from unstable log; ignoring
        raft2026/09/05 18:21:38 INFO: entry at index 272 missing from unstable log; ignoring
        raft2026/09/05 18:21:38 INFO: entry at index 274 missing from unstable log; ignoring
        raft2026/09/05 18:21:38 INFO: entry at index 274 missing from unstable log; ignoring
        raft2026/09/05 18:21:38 INFO: entry at index 276 missing from unstable log; ignoring
        raft2026/09/05 18:21:38 INFO: entry at index 277 missing from unstable log; ignoring
        raft2026/09/05 18:21:38 INFO: entry at index 278 missing from unstable log; ignoring
        raft2026/09/05 18:21:38 INFO: entry at index 278 missing from unstable log; ignoring
        raft2026/09/05 18:21:38 INFO: entry at index 279 missing from unstable log; ignoring
        raft2026/09/05 18:21:38 INFO: entry at index 280 missing from unstable log; ignoring
        raft2026/09/05 18:21:38 INFO: entry at index 280 missing from unstable log; ignoring
        raft2026/09/05 18:21:39 INFO: entry at index 282 missing from unstable log; ignoring
        raft2026/09/05 18:21:39 INFO: entry at index 282 missing from unstable log; ignoring
        raft2026/09/05 18:21:39 INFO: entry at index 284 missing from unstable log; ignoring
        raft2026/09/05 18:21:39 INFO: entry at index 285 missing from unstable log; ignoring
        raft2026/09/05 18:21:39 INFO: entry at index 285 missing from unstable log; ignoring
        raft2026/09/05 18:21:39 INFO: entry at index 286 missing from unstable log; ignoring
        raft2026/09/05 18:21:39 INFO: entry at index 288 missing from unstable log; ignoring
        raft2026/09/05 18:21:39 INFO: entry at index 288 missing from unstable log; ignoring
        raft2026/09/05 18:21:39 INFO: entry at index 290 missing from unstable log; ignoring
        raft2026/09/05 18:21:39 INFO: entry at index 290 missing from unstable log; ignoring
        raft2026/09/05 18:21:39 INFO: entry at index 294 missing from unstable log; ignoring
        raft2026/09/05 18:21:39 INFO: entry at index 294 missing from unstable log; ignoring
        raft2026/09/05 18:21:39 INFO: entry at index 296 missing from unstable log; ignoring
        raft2026/09/05 18:21:39 INFO: entry at index 297 missing from unstable log; ignoring
        raft2026/09/05 18:21:39 INFO: entry at index 298 missing from unstable log; ignoring
        raft2026/09/05 18:21:40 INFO: entry at index 300 missing from unstable log; ignoring
        raft2026/09/05 18:21:40 INFO: entry at index 301 missing from unstable log; ignoring
        raft2026/09/05 18:21:40 INFO: entry at index 302 missing from unstable log; ignoring
        raft2026/09/05 18:21:40 INFO: entry at index 302 missing from unstable log; ignoring
        raft2026/09/05 18:21:40 INFO: entry at index 304 missing from unstable log; ignoring
        raft2026/09/05 18:21:40 INFO: entry at index 305 missing from unstable log; ignoring
        raft2026/09/05 18:21:40 INFO: entry at index 306 missing from unstable log; ignoring
        raft2026/09/05 18:21:40 INFO: entry at index 306 missing from unstable log; ignoring
        raft2026/09/05 18:21:40 INFO: entry at index 306 missing from unstable log; ignoring
        raft2026/09/05 18:21:41 INFO: entry at index 307 missing from unstable log; ignoring
        raft2026/09/05 18:21:41 INFO: entry at index 307 missing from unstable log; ignoring
        raft2026/09/05 18:21:41 INFO: entry at index 308 missing from unstable log; ignoring
        raft2026/09/05 18:21:41 INFO: entry at index 309 missing from unstable log; ignoring
        raft2026/09/05 18:21:41 INFO: entry at index 310 missing from unstable log; ignoring
        raft2026/09/05 18:21:41 INFO: entry at index 310 missing from unstable log; ignoring
        raft2026/09/05 18:21:41 INFO: entry at index 310 missing from unstable log; ignoring
        raft2026/09/05 18:21:41 INFO: entry at index 312 missing from unstable log; ignoring
        raft2026/09/05 18:21:41 INFO: entry at index 312 missing from unstable log; ignoring
        raft2026/09/05 18:21:41 INFO: entry at index 314 missing from unstable log; ignoring
        raft2026/09/05 18:21:41 INFO: entry at index 314 missing from unstable log; ignoring
        raft2026/09/05 18:21:41 INFO: entry at index 314 missing from unstable log; ignoring
        raft2026/09/05 18:21:41 INFO: entry at index 316 missing from unstable log; ignoring
        raft2026/09/05 18:21:41 INFO: entry at index 317 missing from unstable log; ignoring
        raft2026/09/05 18:21:41 INFO: entry at index 318 missing from unstable log; ignoring
        raft2026/09/05 18:21:41 INFO: entry at index 318 missing from unstable log; ignoring
        raft2026/09/05 18:21:41 INFO: entry at index 320 missing from unstable log; ignoring
        raft2026/09/05 18:21:41 INFO: entry at index 320 missing from unstable log; ignoring
        raft2026/09/05 18:21:41 INFO: entry at index 322 missing from unstable log; ignoring
        raft2026/09/05 18:21:41 INFO: entry at index 322 missing from unstable log; ignoring
        raft2026/09/05 18:21:41 INFO: entry at index 322 missing from unstable log; ignoring
        raft2026/09/05 18:21:42 INFO: entry at index 324 missing from unstable log; ignoring
        raft2026/09/05 18:21:42 INFO: entry at index 325 missing from unstable log; ignoring
        raft2026/09/05 18:21:42 INFO: entry at index 326 missing from unstable log; ignoring
        raft2026/09/05 18:21:42 INFO: entry at index 326 missing from unstable log; ignoring
        raft2026/09/05 18:21:42 INFO: entry at index 328 missing from unstable log; ignoring
        raft2026/09/05 18:21:42 INFO: entry at index 330 missing from unstable log; ignoring
        raft2026/09/05 18:21:42 INFO: entry at index 332 missing from unstable log; ignoring
        raft2026/09/05 18:21:42 INFO: entry at index 333 missing from unstable log; ignoring
        raft2026/09/05 18:21:42 INFO: entry at index 334 missing from unstable log; ignoring
        raft2026/09/05 18:21:42 INFO: entry at index 336 missing from unstable log; ignoring
        raft2026/09/05 18:21:42 INFO: entry at index 336 missing from unstable log; ignoring
        raft2026/09/05 18:21:43 INFO: entry at index 338 missing from unstable log; ignoring
        raft2026/09/05 18:21:43 INFO: entry at index 339 missing from unstable log; ignoring
        raft2026/09/05 18:21:43 INFO: entry at index 340 missing from unstable log; ignoring
        raft2026/09/05 18:21:43 INFO: entry at index 342 missing from unstable log; ignoring
        raft2026/09/05 18:21:43 INFO: entry at index 344 missing from unstable log; ignoring
        raft2026/09/05 18:21:44 INFO: entry at index 345 missing from unstable log; ignoring
        raft2026/09/05 18:21:44 INFO: entry at index 346 missing from unstable log; ignoring
        raft2026/09/05 18:21:44 INFO: entry at index 346 missing from unstable log; ignoring
        raft2026/09/05 18:21:44 INFO: entry at index 348 missing from unstable log; ignoring
        raft2026/09/05 18:21:44 INFO: entry at index 350 missing from unstable log; ignoring
        raft2026/09/05 18:21:44 INFO: entry at index 350 missing from unstable log; ignoring
        raft2026/09/05 18:21:45 INFO: entry at index 352 missing from unstable log; ignoring
        raft2026/09/05 18:21:45 INFO: entry at index 352 missing from unstable log; ignoring
        raft2026/09/05 18:21:45 INFO: entry at index 354 missing from unstable log; ignoring
        raft2026/09/05 18:21:45 INFO: entry at index 354 missing from unstable log; ignoring
        raft2026/09/05 18:21:45 INFO: entry at index 356 missing from unstable log; ignoring
        raft2026/09/05 18:21:46 INFO: entry at index 357 missing from unstable log; ignoring
        raft2026/09/05 18:21:46 INFO: entry at index 358 missing from unstable log; ignoring
        raft2026/09/05 18:21:47 INFO: entry at index 361 missing from unstable log; ignoring
        raft2026/09/05 18:21:47 INFO: entry at index 362 missing from unstable log; ignoring
        raft2026/09/05 18:21:47 INFO: entry at index 362 missing from unstable log; ignoring
        raft2026/09/05 18:21:47 INFO: entry at index 362 missing from unstable log; ignoring
        raft2026/09/05 18:21:47 INFO: entry at index 362 missing from unstable log; ignoring
        raft2026/09/05 18:21:47 INFO: entry at index 363 missing from unstable log; ignoring
        raft2026/09/05 18:21:47 INFO: entry at index 363 missing from unstable log; ignoring
        raft2026/09/05 18:21:47 INFO: entry at index 364 missing from unstable log; ignoring
        raft2026/09/05 18:21:48 INFO: entry at index 366 missing from unstable log; ignoring
        raft2026/09/05 18:21:49 INFO: entry at index 368 missing from unstable log; ignoring
        raft2026/09/05 18:21:50 INFO: entry at index 369 missing from unstable log; ignoring
        raft2026/09/05 18:21:50 INFO: entry at index 370 missing from unstable log; ignoring
        raft2026/09/05 18:21:50 INFO: entry at index 370 missing from unstable log; ignoring
        raft2026/09/05 18:21:50 INFO: entry at index 372 missing from unstable log; ignoring
        raft2026/09/05 18:21:51 INFO: entry at index 373 missing from unstable log; ignoring
        raft2026/09/05 18:21:51 INFO: entry at index 374 missing from unstable log; ignoring
        raft2026/09/05 18:21:51 INFO: entry at index 374 missing from unstable log; ignoring
        raft2026/09/05 18:21:51 INFO: entry at index 374 missing from unstable log; ignoring
        raft2026/09/05 18:21:51 INFO: entry at index 374 missing from unstable log; ignoring
        raft2026/09/05 18:21:52 INFO: entry at index 376 missing from unstable log; ignoring
        raft2026/09/05 18:21:52 INFO: entry at index 376 missing from unstable log; ignoring
        raft2026/09/05 18:21:52 INFO: entry at index 376 missing from unstable log; ignoring
        raft2026/09/05 18:21:52 INFO: entry at index 376 missing from unstable log; ignoring
        raft2026/09/05 18:21:52 INFO: entry at index 376 missing from unstable log; ignoring
        raft2026/09/05 18:21:52 INFO: entry at index 377 missing from unstable log; ignoring
        raft2026/09/05 18:21:52 INFO: entry at index 378 missing from unstable log; ignoring
        raft2026/09/05 18:21:52 INFO: entry at index 378 missing from unstable log; ignoring
        raft2026/09/05 18:21:52 INFO: entry at index 380 missing from unstable log; ignoring
        raft2026/09/05 18:21:53 INFO: entry at index 381 missing from unstable log; ignoring
        raft2026/09/05 18:21:53 INFO: entry at index 382 missing from unstable log; ignoring
        raft2026/09/05 18:21:53 INFO: entry at index 382 missing from unstable log; ignoring
        raft2026/09/05 18:21:53 INFO: entry at index 384 missing from unstable log; ignoring
        raft2026/09/05 18:21:53 INFO: entry at index 385 missing from unstable log; ignoring
        raft2026/09/05 18:21:53 INFO: entry at index 386 missing from unstable log; ignoring
        raft2026/09/05 18:21:54 INFO: entry at index 388 missing from unstable log; ignoring
        raft2026/09/05 18:21:54 INFO: entry at index 388 missing from unstable log; ignoring
        raft2026/09/05 18:21:54 INFO: entry at index 388 missing from unstable log; ignoring
        raft2026/09/05 18:21:54 INFO: entry at index 388 missing from unstable log; ignoring
        raft2026/09/05 18:21:54 INFO: entry at index 388 missing from unstable log; ignoring
        raft2026/09/05 18:21:54 INFO: entry at index 390 missing from unstable log; ignoring
        raft2026/09/05 18:21:54 INFO: entry at index 390 missing from unstable log; ignoring
        raft2026/09/05 18:21:54 INFO: entry at index 390 missing from unstable log; ignoring
        raft2026/09/05 18:21:54 INFO: entry at index 390 missing from unstable log; ignoring
        raft2026/09/05 18:21:55 INFO: entry at index 392 missing from unstable log; ignoring
        raft2026/09/05 18:21:56 INFO: entry at index 394 missing from unstable log; ignoring
        raft2026/09/05 18:21:56 INFO: entry at index 394 missing from unstable log; ignoring
        raft2026/09/05 18:21:56 INFO: entry at index 394 missing from unstable log; ignoring
        raft2026/09/05 18:21:57 INFO: entry at index 396 missing from unstable log; ignoring
        raft2026/09/05 18:21:58 INFO: entry at index 398 missing from unstable log; ignoring
        raft2026/09/05 18:21:58 INFO: entry at index 398 missing from unstable log; ignoring
        raft2026/09/05 18:21:58 INFO: entry at index 398 missing from unstable log; ignoring
        raft2026/09/05 18:21:58 INFO: entry at index 398 missing from unstable log; ignoring
        raft2026/09/05 18:21:59 INFO: entry at index 400 missing from unstable log; ignoring
        raft2026/09/05 18:22:00 INFO: entry at index 401 missing from unstable log; ignoring
        raft2026/09/05 18:22:00 INFO: entry at index 402 missing from unstable log; ignoring
        raft2026/09/05 18:22:00 INFO: entry at index 402 missing from unstable log; ignoring
        raft2026/09/05 18:22:00 INFO: entry at index 402 missing from unstable log; ignoring
        raft2026/09/05 18:22:01 INFO: entry at index 404 missing from unstable log; ignoring
        raft2026/09/05 18:22:02 INFO: entry at index 406 missing from unstable log; ignoring
        raft2026/09/05 18:22:02 INFO: entry at index 406 missing from unstable log; ignoring
        raft2026/09/05 18:22:02 INFO: entry at index 406 missing from unstable log; ignoring
        raft2026/09/05 18:22:03 INFO: entry at index 408 missing from unstable log; ignoring
        raft2026/09/05 18:22:04 INFO: entry at index 410 missing from unstable log; ignoring
        raft2026/09/05 18:22:04 INFO: entry at index 410 missing from unstable log; ignoring
        raft2026/09/05 18:22:04 INFO: entry at index 410 missing from unstable log; ignoring
        raft2026/09/05 18:22:05 INFO: entry at index 412 missing from unstable log; ignoring
        raft2026/09/05 18:22:05 INFO: entry at index 412 missing from unstable log; ignoring
        raft2026/09/05 18:22:06 INFO: entry at index 413 missing from unstable log; ignoring
        raft2026/09/05 18:22:06 INFO: entry at index 414 missing from unstable log; ignoring
        raft2026/09/05 18:22:06 INFO: entry at index 414 missing from unstable log; ignoring
        raft2026/09/05 18:22:06 INFO: entry at index 414 missing from unstable log; ignoring
        raft2026/09/05 18:22:06 INFO: entry at index 415 missing from unstable log; ignoring
        raft2026/09/05 18:22:06 INFO: entry at index 415 missing from unstable log; ignoring
        raft2026/09/05 18:22:06 INFO: entry at index 416 missing from unstable log; ignoring
        raft2026/09/05 18:22:07 INFO: entry at index 417 missing from unstable log; ignoring
        raft2026/09/05 18:22:07 INFO: entry at index 418 missing from unstable log; ignoring
        raft2026/09/05 18:22:07 INFO: entry at index 418 missing from unstable log; ignoring
        raft2026/09/05 18:22:07 INFO: entry at index 419 missing from unstable log; ignoring
        raft2026/09/05 18:22:07 INFO: entry at index 419 missing from unstable log; ignoring
        raft2026/09/05 18:22:07 INFO: entry at index 420 missing from unstable log; ignoring
        raft2026/09/05 18:22:07 INFO: entry at index 420 missing from unstable log; ignoring
        raft2026/09/05 18:22:08 INFO: entry at index 422 missing from unstable log; ignoring
        raft2026/09/05 18:22:08 INFO: entry at index 422 missing from unstable log; ignoring
        raft2026/09/05 18:22:08 INFO: entry at index 424 missing from unstable log; ignoring
        raft2026/09/05 18:22:09 INFO: entry at index 425 missing from unstable log; ignoring
        raft2026/09/05 18:22:09 INFO: entry at index 426 missing from unstable log; ignoring
        raft2026/09/05 18:22:09 INFO: entry at index 426 missing from unstable log; ignoring
        raft2026/09/05 18:22:09 INFO: entry at index 428 missing from unstable log; ignoring
        raft2026/09/05 18:22:10 INFO: entry at index 429 missing from unstable log; ignoring
        raft2026/09/05 18:22:10 INFO: entry at index 430 missing from unstable log; ignoring
        raft2026/09/05 18:22:10 INFO: entry at index 430 missing from unstable log; ignoring
        raft2026/09/05 18:22:10 INFO: entry at index 430 missing from unstable log; ignoring
        raft2026/09/05 18:22:12 INFO: entry at index 434 missing from unstable log; ignoring
        raft2026/09/05 18:22:12 INFO: entry at index 436 missing from unstable log; ignoring
        raft2026/09/05 18:22:12 INFO: entry at index 436 missing from unstable log; ignoring
        raft2026/09/05 18:22:13 INFO: entry at index 437 missing from unstable log; ignoring
        raft2026/09/05 18:22:13 INFO: entry at index 438 missing from unstable log; ignoring
        raft2026/09/05 18:22:13 INFO: entry at index 438 missing from unstable log; ignoring
        raft2026/09/05 18:22:13 INFO: entry at index 439 missing from unstable log; ignoring
        raft2026/09/05 18:22:13 INFO: entry at index 439 missing from unstable log; ignoring
        raft2026/09/05 18:22:13 INFO: entry at index 439 missing from unstable log; ignoring
        raft2026/09/05 18:22:13 INFO: entry at index 440 missing from unstable log; ignoring
        raft2026/09/05 18:22:13 INFO: entry at index 442 missing from unstable log; ignoring
        raft2026/09/05 18:22:13 INFO: entry at index 442 missing from unstable log; ignoring
        raft2026/09/05 18:22:13 INFO: entry at index 442 missing from unstable log; ignoring
        raft2026/09/05 18:22:14 INFO: entry at index 443 missing from unstable log; ignoring
        raft2026/09/05 18:22:14 INFO: entry at index 443 missing from unstable log; ignoring
        raft2026/09/05 18:22:14 INFO: entry at index 445 missing from unstable log; ignoring
        raft2026/09/05 18:22:14 INFO: entry at index 446 missing from unstable log; ignoring
        raft2026/09/05 18:22:14 INFO: entry at index 446 missing from unstable log; ignoring
        raft2026/09/05 18:22:14 INFO: entry at index 446 missing from unstable log; ignoring
        raft2026/09/05 18:22:15 INFO: entry at index 447 missing from unstable log; ignoring
        raft2026/09/05 18:22:15 INFO: entry at index 447 missing from unstable log; ignoring
        raft2026/09/05 18:22:15 INFO: entry at index 448 missing from unstable log; ignoring
        raft2026/09/05 18:22:15 INFO: entry at index 448 missing from unstable log; ignoring
        raft2026/09/05 18:22:15 INFO: entry at index 450 missing from unstable log; ignoring
        raft2026/09/05 18:22:15 INFO: entry at index 450 missing from unstable log; ignoring
        raft2026/09/05 18:22:16 INFO: entry at index 453 missing from unstable log; ignoring
        raft2026/09/05 18:22:16 INFO: entry at index 454 missing from unstable log; ignoring
        raft2026/09/05 18:22:16 INFO: entry at index 456 missing from unstable log; ignoring
        raft2026/09/05 18:22:16 INFO: entry at index 457 missing from unstable log; ignoring
        raft2026/09/05 18:22:16 INFO: entry at index 458 missing from unstable log; ignoring
        raft2026/09/05 18:22:16 INFO: entry at index 458 missing from unstable log; ignoring
        raft2026/09/05 18:22:16 INFO: entry at index 460 missing from unstable log; ignoring
        raft2026/09/05 18:22:17 INFO: entry at index 461 missing from unstable log; ignoring
        raft2026/09/05 18:22:17 INFO: entry at index 462 missing from unstable log; ignoring
        raft2026/09/05 18:22:17 INFO: entry at index 464 missing from unstable log; ignoring
        raft2026/09/05 18:22:18 INFO: entry at index 465 missing from unstable log; ignoring
        raft2026/09/05 18:22:18 INFO: entry at index 466 missing from unstable log; ignoring
        raft2026/09/05 18:22:18 INFO: entry at index 466 missing from unstable log; ignoring
        raft2026/09/05 18:22:18 INFO: entry at index 466 missing from unstable log; ignoring
        raft2026/09/05 18:22:18 INFO: entry at index 466 missing from unstable log; ignoring
        raft2026/09/05 18:22:18 INFO: entry at index 466 missing from unstable log; ignoring
        raft2026/09/05 18:22:18 INFO: entry at index 466 missing from unstable log; ignoring
        raft2026/09/05 18:22:18 INFO: entry at index 466 missing from unstable log; ignoring
        raft2026/09/05 18:22:18 INFO: entry at index 466 missing from unstable log; ignoring
        raft2026/09/05 18:22:18 INFO: entry at index 468 missing from unstable log; ignoring
        raft2026/09/05 18:22:19 INFO: entry at index 469 missing from unstable log; ignoring
        raft2026/09/05 18:22:19 INFO: entry at index 470 missing from unstable log; ignoring
        raft2026/09/05 18:22:20 INFO: entry at index 471 missing from unstable log; ignoring
        raft2026/09/05 18:22:20 INFO: entry at index 472 missing from unstable log; ignoring
        raft2026/09/05 18:22:20 INFO: entry at index 474 missing from unstable log; ignoring
        raft2026/09/05 18:22:20 INFO: entry at index 476 missing from unstable log; ignoring
        raft2026/09/05 18:22:20 INFO: entry at index 477 missing from unstable log; ignoring
        raft2026/09/05 18:22:20 INFO: entry at index 478 missing from unstable log; ignoring
        raft2026/09/05 18:22:20 INFO: entry at index 478 missing from unstable log; ignoring
        raft2026/09/05 18:22:20 INFO: entry at index 480 missing from unstable log; ignoring
        raft2026/09/05 18:22:21 INFO: entry at index 481 missing from unstable log; ignoring
        raft2026/09/05 18:22:21 INFO: entry at index 482 missing from unstable log; ignoring
        raft2026/09/05 18:22:21 INFO: entry at index 482 missing from unstable log; ignoring
        raft2026/09/05 18:22:21 INFO: entry at index 482 missing from unstable log; ignoring
        raft2026/09/05 18:22:22 INFO: entry at index 484 missing from unstable log; ignoring
        raft2026/09/05 18:22:23 INFO: entry at index 485 missing from unstable log; ignoring
        raft2026/09/05 18:22:23 INFO: entry at index 486 missing from unstable log; ignoring
        raft2026/09/05 18:22:23 INFO: entry at index 486 missing from unstable log; ignoring
        raft2026/09/05 18:22:23 INFO: entry at index 486 missing from unstable log; ignoring
        raft2026/09/05 18:22:23 INFO: entry at index 486 missing from unstable log; ignoring
        raft2026/09/05 18:22:25 INFO: entry at index 488 missing from unstable log; ignoring
        raft2026/09/05 18:22:25 INFO: entry at index 488 missing from unstable log; ignoring
        raft2026/09/05 18:22:25 INFO: entry at index 488 missing from unstable log; ignoring
        raft2026/09/05 18:22:25 INFO: entry at index 489 missing from unstable log; ignoring
        raft2026/09/05 18:22:25 INFO: entry at index 490 missing from unstable log; ignoring
        raft2026/09/05 18:22:25 INFO: entry at index 490 missing from unstable log; ignoring
        raft2026/09/05 18:22:25 INFO: entry at index 490 missing from unstable log; ignoring
        raft2026/09/05 18:22:27 INFO: entry at index 492 missing from unstable log; ignoring
        raft2026/09/05 18:22:29 INFO: entry at index 493 missing from unstable log; ignoring
        raft2026/09/05 18:22:29 INFO: entry at index 494 missing from unstable log; ignoring
        raft2026/09/05 18:22:29 INFO: entry at index 494 missing from unstable log; ignoring
        raft2026/09/05 18:22:29 INFO: entry at index 494 missing from unstable log; ignoring
        raft2026/09/05 18:22:29 INFO: entry at index 494 missing from unstable log; ignoring
        raft2026/09/05 18:22:30 INFO: entry at index 496 missing from unstable log; ignoring
        raft2026/09/05 18:22:30 INFO: entry at index 496 missing from unstable log; ignoring
        raft2026/09/05 18:22:30 INFO: entry at index 496 missing from unstable log; ignoring
        raft2026/09/05 18:22:30 INFO: entry at index 496 missing from unstable log; ignoring
        raft2026/09/05 18:22:30 INFO: entry at index 496 missing from unstable log; ignoring
        raft2026/09/05 18:22:31 INFO: entry at index 497 missing from unstable log; ignoring
        raft2026/09/05 18:22:31 INFO: entry at index 498 missing from unstable log; ignoring
        raft2026/09/05 18:22:31 INFO: entry at index 498 missing from unstable log; ignoring
        raft2026/09/05 18:22:31 INFO: entry at index 498 missing from unstable log; ignoring
        raft2026/09/05 18:22:33 INFO: entry at index 500 missing from unstable log; ignoring
        raft2026/09/05 18:22:33 INFO: entry at index 500 missing from unstable log; ignoring
        raft2026/09/05 18:22:34 INFO: entry at index 501 missing from unstable log; ignoring
        raft2026/09/05 18:22:34 INFO: entry at index 502 missing from unstable log; ignoring
        raft2026/09/05 18:22:34 INFO: entry at index 502 missing from unstable log; ignoring
        raft2026/09/05 18:22:34 INFO: entry at index 502 missing from unstable log; ignoring
        raft2026/09/05 18:22:35 INFO: entry at index 503 missing from unstable log; ignoring
        raft2026/09/05 18:22:35 INFO: entry at index 504 missing from unstable log; ignoring
        raft2026/09/05 18:22:36 INFO: entry at index 506 missing from unstable log; ignoring
        raft2026/09/05 18:22:36 INFO: entry at index 506 missing from unstable log; ignoring
        raft2026/09/05 18:22:36 INFO: entry at index 506 missing from unstable log; ignoring
        raft2026/09/05 18:22:36 INFO: entry at index 506 missing from unstable log; ignoring
        raft2026/09/05 18:22:37 INFO: entry at index 508 missing from unstable log; ignoring
        raft2026/09/05 18:22:37 INFO: entry at index 508 missing from unstable log; ignoring
        raft2026/09/05 18:22:38 INFO: entry at index 510 missing from unstable log; ignoring
        raft2026/09/05 18:22:38 INFO: entry at index 510 missing from unstable log; ignoring
        raft2026/09/05 18:22:38 INFO: entry at index 510 missing from unstable log; ignoring
        raft2026/09/05 18:22:39 INFO: entry at index 512 missing from unstable log; ignoring
        raft2026/09/05 18:22:39 INFO: entry at index 512 missing from unstable log; ignoring
        raft2026/09/05 18:22:40 INFO: entry at index 513 missing from unstable log; ignoring
        raft2026/09/05 18:22:40 INFO: entry at index 514 missing from unstable log; ignoring
        raft2026/09/05 18:22:40 INFO: entry at index 514 missing from unstable log; ignoring
        raft2026/09/05 18:22:42 INFO: entry at index 517 missing from unstable log; ignoring
        raft2026/09/05 18:22:42 INFO: entry at index 517 missing from unstable log; ignoring
        raft2026/09/05 18:22:42 INFO: entry at index 518 missing from unstable log; ignoring
        raft2026/09/05 18:22:43 INFO: entry at index 520 missing from unstable log; ignoring
        raft2026/09/05 18:22:43 INFO: entry at index 520 missing from unstable log; ignoring
        raft2026/09/05 18:22:43 INFO: entry at index 520 missing from unstable log; ignoring
        raft2026/09/05 18:22:43 INFO: entry at index 520 missing from unstable log; ignoring
        raft2026/09/05 18:22:43 INFO: entry at index 520 missing from unstable log; ignoring
        raft2026/09/05 18:22:43 INFO: entry at index 520 missing from unstable log; ignoring
        raft2026/09/05 18:22:43 INFO: entry at index 520 missing from unstable log; ignoring
        raft2026/09/05 18:22:43 INFO: entry at index 520 missing from unstable log; ignoring
        raft2026/09/05 18:22:43 INFO: entry at index 520 missing from unstable log; ignoring
        raft2026/09/05 18:22:45 INFO: entry at index 521 missing from unstable log; ignoring
        raft2026/09/05 18:22:45 INFO: entry at index 522 missing from unstable log; ignoring
        raft2026/09/05 18:22:45 INFO: entry at index 522 missing from unstable log; ignoring
        raft2026/09/05 18:22:45 INFO: entry at index 522 missing from unstable log; ignoring
        raft2026/09/05 18:22:45 INFO: entry at index 522 missing from unstable log; ignoring
        raft2026/09/05 18:22:45 INFO: entry at index 522 missing from unstable log; ignoring
        raft2026/09/05 18:22:45 INFO: entry at index 522 missing from unstable log; ignoring
        raft2026/09/05 18:22:45 INFO: entry at index 522 missing from unstable log; ignoring
        raft2026/09/05 18:22:45 INFO: entry at index 522 missing from unstable log; ignoring
        raft2026/09/05 18:22:45 INFO: entry at index 522 missing from unstable log; ignoring
        raft2026/09/05 18:22:45 INFO: entry at index 522 missing from unstable log; ignoring
        raft2026/09/05 18:22:45 INFO: entry at index 522 missing from unstable log; ignoring
        raft2026/09/05 18:22:45 INFO: entry at index 522 missing from unstable log; ignoring
        raft2026/09/05 18:22:45 INFO: entry at index 522 missing from unstable log; ignoring
        raft2026/09/05 18:22:45 INFO: entry at index 522 missing from unstable log; ignoring
        raft2026/09/05 18:22:45 INFO: entry at index 522 missing from unstable log; ignoring
        raft2026/09/05 18:22:45 INFO: entry at index 522 missing from unstable log; ignoring
        raft2026/09/05 18:22:45 INFO: entry at index 522 missing from unstable log; ignoring
        raft2026/09/05 18:22:45 INFO: entry at index 522 missing from unstable log; ignoring
        raft2026/09/05 18:22:45 INFO: entry at index 522 missing from unstable log; ignoring
        raft2026/09/05 18:22:45 INFO: entry at index 522 missing from unstable log; ignoring
        raft2026/09/05 18:22:46 INFO: entry at index 524 missing from unstable log; ignoring
        raft2026/09/05 18:22:46 INFO: entry at index 524 missing from unstable log; ignoring
        raft2026/09/05 18:22:46 INFO: entry at index 524 missing from unstable log; ignoring
        raft2026/09/05 18:22:47 INFO: entry at index 525 missing from unstable log; ignoring
        raft2026/09/05 18:22:47 INFO: entry at index 526 missing from unstable log; ignoring
        raft2026/09/05 18:22:47 INFO: entry at index 526 missing from unstable log; ignoring
        raft2026/09/05 18:22:48 INFO: entry at index 528 missing from unstable log; ignoring
        raft2026/09/05 18:22:48 INFO: entry at index 528 missing from unstable log; ignoring
        raft2026/09/05 18:22:48 INFO: entry at index 528 missing from unstable log; ignoring
        raft2026/09/05 18:22:48 INFO: entry at index 528 missing from unstable log; ignoring
        raft2026/09/05 18:22:48 INFO: entry at index 528 missing from unstable log; ignoring
        raft2026/09/05 18:22:49 INFO: entry at index 529 missing from unstable log; ignoring
        raft2026/09/05 18:22:49 INFO: entry at index 530 missing from unstable log; ignoring
        raft2026/09/05 18:22:49 INFO: entry at index 530 missing from unstable log; ignoring
        raft2026/09/05 18:22:49 INFO: entry at index 530 missing from unstable log; ignoring
        raft2026/09/05 18:22:49 INFO: entry at index 530 missing from unstable log; ignoring
        raft2026/09/05 18:22:49 INFO: entry at index 530 missing from unstable log; ignoring
        raft2026/09/05 18:22:49 INFO: entry at index 530 missing from unstable log; ignoring
        raft2026/09/05 18:22:49 INFO: entry at index 530 missing from unstable log; ignoring
        raft2026/09/05 18:22:50 INFO: entry at index 531 missing from unstable log; ignoring
        raft2026/09/05 18:22:50 INFO: entry at index 531 missing from unstable log; ignoring
        raft2026/09/05 18:22:50 INFO: entry at index 531 missing from unstable log; ignoring
        raft2026/09/05 18:22:50 INFO: entry at index 532 missing from unstable log; ignoring
        raft2026/09/05 18:22:50 INFO: entry at index 532 missing from unstable log; ignoring
        raft2026/09/05 18:22:50 INFO: entry at index 532 missing from unstable log; ignoring
        raft2026/09/05 18:22:51 INFO: entry at index 533 missing from unstable log; ignoring
        raft2026/09/05 18:22:51 INFO: entry at index 534 missing from unstable log; ignoring
        raft2026/09/05 18:22:52 INFO: entry at index 536 missing from unstable log; ignoring
        raft2026/09/05 18:22:52 INFO: entry at index 536 missing from unstable log; ignoring
        raft2026/09/05 18:22:52 INFO: entry at index 537 missing from unstable log; ignoring
        raft2026/09/05 18:22:52 INFO: entry at index 538 missing from unstable log; ignoring
        raft2026/09/05 18:22:52 INFO: entry at index 538 missing from unstable log; ignoring
        raft2026/09/05 18:22:54 INFO: entry at index 541 missing from unstable log; ignoring
        raft2026/09/05 18:22:54 INFO: entry at index 542 missing from unstable log; ignoring
        raft2026/09/05 18:22:54 INFO: entry at index 542 missing from unstable log; ignoring
        raft2026/09/05 18:22:55 INFO: entry at index 546 missing from unstable log; ignoring
        raft2026/09/05 18:22:55 INFO: entry at index 546 missing from unstable log; ignoring
        raft2026/09/05 18:22:56 INFO: entry at index 547 missing from unstable log; ignoring
        raft2026/09/05 18:22:56 INFO: entry at index 547 missing from unstable log; ignoring
        raft2026/09/05 18:22:56 INFO: entry at index 548 missing from unstable log; ignoring
        raft2026/09/05 18:22:56 INFO: entry at index 548 missing from unstable log; ignoring
        raft2026/09/05 18:22:56 INFO: entry at index 548 missing from unstable log; ignoring
        raft2026/09/05 18:22:56 INFO: entry at index 548 missing from unstable log; ignoring
        raft2026/09/05 18:22:56 INFO: entry at index 548 missing from unstable log; ignoring
        raft2026/09/05 18:22:56 INFO: entry at index 548 missing from unstable log; ignoring
        raft2026/09/05 18:22:56 INFO: entry at index 548 missing from unstable log; ignoring
        raft2026/09/05 18:22:56 INFO: entry at index 548 missing from unstable log; ignoring
        raft2026/09/05 18:22:57 INFO: entry at index 549 missing from unstable log; ignoring
        raft2026/09/05 18:22:57 INFO: entry at index 550 missing from unstable log; ignoring
        raft2026/09/05 18:22:58 INFO: entry at index 551 missing from unstable log; ignoring
        raft2026/09/05 18:22:58 INFO: entry at index 552 missing from unstable log; ignoring
        raft2026/09/05 18:22:58 INFO: entry at index 552 missing from unstable log; ignoring
        raft2026/09/05 18:22:59 INFO: entry at index 553 missing from unstable log; ignoring
        raft2026/09/05 18:22:59 INFO: entry at index 554 missing from unstable log; ignoring
        raft2026/09/05 18:23:03 INFO: entry at index 556 missing from unstable log; ignoring
        raft2026/09/05 18:23:03 INFO: entry at index 556 missing from unstable log; ignoring
        raft2026/09/05 18:23:03 INFO: entry at index 556 missing from unstable log; ignoring
        raft2026/09/05 18:23:04 INFO: entry at index 558 missing from unstable log; ignoring
        raft2026/09/05 18:23:04 INFO: entry at index 558 missing from unstable log; ignoring
        raft2026/09/05 18:23:04 INFO: entry at index 558 missing from unstable log; ignoring
        raft2026/09/05 18:23:05 INFO: entry at index 559 missing from unstable log; ignoring
        raft2026/09/05 18:23:05 INFO: entry at index 560 missing from unstable log; ignoring
        raft2026/09/05 18:23:05 INFO: entry at index 560 missing from unstable log; ignoring
        raft2026/09/05 18:23:05 INFO: entry at index 560 missing from unstable log; ignoring
        raft2026/09/05 18:23:09 INFO: entry at index 561 missing from unstable log; ignoring
        raft2026/09/05 18:23:09 INFO: entry at index 562 missing from unstable log; ignoring
        raft2026/09/05 18:23:09 INFO: entry at index 562 missing from unstable log; ignoring
        raft2026/09/05 18:23:09 INFO: entry at index 562 missing from unstable log; ignoring
        raft2026/09/05 18:23:09 INFO: entry at index 562 missing from unstable log; ignoring
        raft2026/09/05 18:23:10 INFO: entry at index 566 missing from unstable log; ignoring
        raft2026/09/05 18:23:10 INFO: entry at index 566 missing from unstable log; ignoring
        raft2026/09/05 18:23:10 INFO: entry at index 566 missing from unstable log; ignoring
        raft2026/09/05 18:23:10 INFO: entry at index 568 missing from unstable log; ignoring
        raft2026/09/05 18:23:12 INFO: entry at index 569 missing from unstable log; ignoring
        raft2026/09/05 18:23:12 INFO: entry at index 570 missing from unstable log; ignoring
        raft2026/09/05 18:23:12 INFO: entry at index 570 missing from unstable log; ignoring
        raft2026/09/05 18:23:12 INFO: entry at index 570 missing from unstable log; ignoring
        raft2026/09/05 18:23:12 INFO: entry at index 570 missing from unstable log; ignoring
        raft2026/09/05 18:23:13 INFO: entry at index 572 missing from unstable log; ignoring
        raft2026/09/05 18:23:14 INFO: entry at index 573 missing from unstable log; ignoring
        raft2026/09/05 18:23:14 INFO: entry at index 574 missing from unstable log; ignoring
        raft2026/09/05 18:23:14 INFO: entry at index 574 missing from unstable log; ignoring
        raft2026/09/05 18:23:14 INFO: entry at index 574 missing from unstable log; ignoring
        raft2026/09/05 18:23:14 INFO: entry at index 574 missing from unstable log; ignoring
        raft2026/09/05 18:23:14 INFO: entry at index 574 missing from unstable log; ignoring
        raft2026/09/05 18:23:14 INFO: entry at index 574 missing from unstable log; ignoring
        raft2026/09/05 18:23:14 INFO: entry at index 574 missing from unstable log; ignoring
        raft2026/09/05 18:23:14 INFO: entry at index 574 missing from unstable log; ignoring
        raft2026/09/05 18:23:15 INFO: entry at index 575 missing from unstable log; ignoring
        raft2026/09/05 18:23:15 INFO: entry at index 575 missing from unstable log; ignoring
        raft2026/09/05 18:23:15 INFO: entry at index 575 missing from unstable log; ignoring
        raft2026/09/05 18:23:15 INFO: entry at index 575 missing from unstable log; ignoring
        raft2026/09/05 18:23:15 INFO: entry at index 576 missing from unstable log; ignoring
        raft2026/09/05 18:23:15 INFO: entry at index 576 missing from unstable log; ignoring
        raft2026/09/05 18:23:15 INFO: entry at index 576 missing from unstable log; ignoring
        raft2026/09/05 18:23:16 INFO: entry at index 577 missing from unstable log; ignoring
        raft2026/09/05 18:23:16 INFO: entry at index 578 missing from unstable log; ignoring
        raft2026/09/05 18:23:16 INFO: entry at index 578 missing from unstable log; ignoring
        raft2026/09/05 18:23:16 INFO: entry at index 578 missing from unstable log; ignoring
        raft2026/09/05 18:23:20 INFO: entry at index 580 missing from unstable log; ignoring
        raft2026/09/05 18:23:20 INFO: entry at index 580 missing from unstable log; ignoring
        raft2026/09/05 18:23:20 INFO: entry at index 580 missing from unstable log; ignoring
        raft2026/09/05 18:23:22 INFO: entry at index 581 missing from unstable log; ignoring
        raft2026/09/05 18:23:22 INFO: entry at index 582 missing from unstable log; ignoring
        raft2026/09/05 18:23:22 INFO: entry at index 582 missing from unstable log; ignoring
        raft2026/09/05 18:23:22 INFO: entry at index 582 missing from unstable log; ignoring
        raft2026/09/05 18:23:22 INFO: entry at index 582 missing from unstable log; ignoring
        raft2026/09/05 18:23:22 INFO: entry at index 582 missing from unstable log; ignoring
        raft2026/09/05 18:23:24 INFO: entry at index 583 missing from unstable log; ignoring
        raft2026/09/05 18:23:24 INFO: entry at index 584 missing from unstable log; ignoring
        raft2026/09/05 18:23:24 INFO: entry at index 584 missing from unstable log; ignoring
        raft2026/09/05 18:23:24 INFO: entry at index 584 missing from unstable log; ignoring
        raft2026/09/05 18:23:24 INFO: entry at index 584 missing from unstable log; ignoring
        raft2026/09/05 18:23:25 INFO: entry at index 586 missing from unstable log; ignoring
        raft2026/09/05 18:23:25 INFO: entry at index 586 missing from unstable log; ignoring
        raft2026/09/05 18:23:25 INFO: entry at index 586 missing from unstable log; ignoring
        raft2026/09/05 18:23:25 INFO: entry at index 586 missing from unstable log; ignoring
        raft2026/09/05 18:23:26 INFO: entry at index 588 missing from unstable log; ignoring
        raft2026/09/05 18:23:26 INFO: entry at index 588 missing from unstable log; ignoring
        raft2026/09/05 18:23:26 INFO: entry at index 589 missing from unstable log; ignoring
        raft2026/09/05 18:23:26 INFO: entry at index 589 missing from unstable log; ignoring
        raft2026/09/05 18:23:26 INFO: entry at index 590 missing from unstable log; ignoring
        raft2026/09/05 18:23:26 INFO: entry at index 590 missing from unstable log; ignoring
        raft2026/09/05 18:23:27 INFO: entry at index 592 missing from unstable log; ignoring
        raft2026/09/05 18:23:27 INFO: entry at index 592 missing from unstable log; ignoring
        raft2026/09/05 18:23:28 INFO: entry at index 593 missing from unstable log; ignoring
        raft2026/09/05 18:23:28 INFO: entry at index 594 missing from unstable log; ignoring
        raft2026/09/05 18:23:28 INFO: entry at index 594 missing from unstable log; ignoring
        raft2026/09/05 18:23:28 INFO: entry at index 594 missing from unstable log; ignoring
        raft2026/09/05 18:23:28 INFO: entry at index 594 missing from unstable log; ignoring
        raft2026/09/05 18:23:28 INFO: entry at index 594 missing from unstable log; ignoring
        raft2026/09/05 18:23:29 INFO: entry at index 595 missing from unstable log; ignoring
        raft2026/09/05 18:23:29 INFO: entry at index 595 missing from unstable log; ignoring
        raft2026/09/05 18:23:29 INFO: entry at index 596 missing from unstable log; ignoring
        raft2026/09/05 18:23:29 INFO: entry at index 598 missing from unstable log; ignoring
        raft2026/09/05 18:23:29 INFO: entry at index 600 missing from unstable log; ignoring
        raft2026/09/05 18:23:29 INFO: entry at index 600 missing from unstable log; ignoring
        raft2026/09/05 18:23:30 INFO: entry at index 601 missing from unstable log; ignoring
        raft2026/09/05 18:23:30 INFO: entry at index 602 missing from unstable log; ignoring
        raft2026/09/05 18:23:30 INFO: entry at index 602 missing from unstable log; ignoring
        raft2026/09/05 18:23:30 INFO: entry at index 602 missing from unstable log; ignoring
        raft2026/09/05 18:23:31 INFO: entry at index 603 missing from unstable log; ignoring
        raft2026/09/05 18:23:31 INFO: entry at index 603 missing from unstable log; ignoring
        raft2026/09/05 18:23:31 INFO: entry at index 603 missing from unstable log; ignoring
        raft2026/09/05 18:23:31 INFO: entry at index 604 missing from unstable log; ignoring
        raft2026/09/05 18:23:31 INFO: entry at index 604 missing from unstable log; ignoring
        raft2026/09/05 18:23:31 INFO: entry at index 605 missing from unstable log; ignoring
        raft2026/09/05 18:23:31 INFO: entry at index 606 missing from unstable log; ignoring
        raft2026/09/05 18:23:32 INFO: entry at index 607 missing from unstable log; ignoring
        raft2026/09/05 18:23:32 INFO: entry at index 607 missing from unstable log; ignoring
        raft2026/09/05 18:23:32 INFO: entry at index 608 missing from unstable log; ignoring
        raft2026/09/05 18:23:32 INFO: entry at index 610 missing from unstable log; ignoring
        raft2026/09/05 18:23:33 INFO: entry at index 611 missing from unstable log; ignoring
        raft2026/09/05 18:23:33 INFO: entry at index 614 missing from unstable log; ignoring
        raft2026/09/05 18:23:34 INFO: entry at index 616 missing from unstable log; ignoring
        raft2026/09/05 18:23:34 INFO: entry at index 618 missing from unstable log; ignoring
        raft2026/09/05 18:23:34 INFO: entry at index 618 missing from unstable log; ignoring
        raft2026/09/05 18:23:35 INFO: entry at index 620 missing from unstable log; ignoring
        raft2026/09/05 18:23:35 INFO: entry at index 620 missing from unstable log; ignoring
        raft2026/09/05 18:23:35 INFO: entry at index 620 missing from unstable log; ignoring
        raft2026/09/05 18:23:35 INFO: entry at index 620 missing from unstable log; ignoring
        raft2026/09/05 18:23:35 INFO: entry at index 620 missing from unstable log; ignoring
        raft2026/09/05 18:23:35 INFO: entry at index 620 missing from unstable log; ignoring
        raft2026/09/05 18:23:35 INFO: entry at index 620 missing from unstable log; ignoring
        raft2026/09/05 18:23:35 INFO: entry at index 620 missing from unstable log; ignoring
        raft2026/09/05 18:23:36 INFO: entry at index 622 missing from unstable log; ignoring
        raft2026/09/05 18:23:36 INFO: entry at index 622 missing from unstable log; ignoring
        raft2026/09/05 18:23:36 INFO: entry at index 624 missing from unstable log; ignoring
        raft2026/09/05 18:23:37 INFO: entry at index 626 missing from unstable log; ignoring
        raft2026/09/05 18:23:37 INFO: entry at index 626 missing from unstable log; ignoring
        raft2026/09/05 18:23:37 INFO: entry at index 626 missing from unstable log; ignoring
        raft2026/09/05 18:23:37 INFO: entry at index 628 missing from unstable log; ignoring
        raft2026/09/05 18:23:37 INFO: entry at index 628 missing from unstable log; ignoring
        raft2026/09/05 18:23:38 INFO: entry at index 629 missing from unstable log; ignoring
        raft2026/09/05 18:23:38 INFO: entry at index 630 missing from unstable log; ignoring
        raft2026/09/05 18:23:38 INFO: entry at index 630 missing from unstable log; ignoring
        raft2026/09/05 18:23:38 INFO: entry at index 630 missing from unstable log; ignoring
        raft2026/09/05 18:23:38 INFO: entry at index 630 missing from unstable log; ignoring
        raft2026/09/05 18:23:40 INFO: entry at index 632 missing from unstable log; ignoring
        raft2026/09/05 18:23:41 INFO: entry at index 633 missing from unstable log; ignoring
        raft2026/09/05 18:23:41 INFO: entry at index 634 missing from unstable log; ignoring
        raft2026/09/05 18:23:41 INFO: entry at index 634 missing from unstable log; ignoring
        raft2026/09/05 18:23:41 INFO: entry at index 634 missing from unstable log; ignoring
        raft2026/09/05 18:23:42 INFO: entry at index 636 missing from unstable log; ignoring
        raft2026/09/05 18:23:42 INFO: entry at index 636 missing from unstable log; ignoring
        raft2026/09/05 18:23:43 INFO: entry at index 638 missing from unstable log; ignoring
        raft2026/09/05 18:23:43 INFO: entry at index 638 missing from unstable log; ignoring
        raft2026/09/05 18:23:43 INFO: entry at index 638 missing from unstable log; ignoring
        raft2026/09/05 18:23:43 INFO: entry at index 640 missing from unstable log; ignoring
        raft2026/09/05 18:23:43 INFO: entry at index 640 missing from unstable log; ignoring
        raft2026/09/05 18:23:43 INFO: entry at index 640 missing from unstable log; ignoring
        raft2026/09/05 18:23:43 INFO: entry at index 640 missing from unstable log; ignoring
        raft2026/09/05 18:23:44 INFO: entry at index 642 missing from unstable log; ignoring
        raft2026/09/05 18:23:44 INFO: entry at index 642 missing from unstable log; ignoring
        raft2026/09/05 18:23:44 INFO: entry at index 642 missing from unstable log; ignoring
        raft2026/09/05 18:23:44 INFO: entry at index 642 missing from unstable log; ignoring
        raft2026/09/05 18:23:44 INFO: entry at index 644 missing from unstable log; ignoring
        raft2026/09/05 18:23:44 INFO: entry at index 644 missing from unstable log; ignoring
        raft2026/09/05 18:23:45 INFO: entry at index 645 missing from unstable log; ignoring
        raft2026/09/05 18:23:45 INFO: entry at index 646 missing from unstable log; ignoring
        raft2026/09/05 18:23:45 INFO: entry at index 646 missing from unstable log; ignoring
        raft2026/09/05 18:23:45 INFO: entry at index 646 missing from unstable log; ignoring
        raft2026/09/05 18:23:46 INFO: entry at index 647 missing from unstable log; ignoring
        raft2026/09/05 18:23:48 INFO: entry at index 650 missing from unstable log; ignoring
        raft2026/09/05 18:23:48 INFO: entry at index 650 missing from unstable log; ignoring
        raft2026/09/05 18:23:49 INFO: entry at index 652 missing from unstable log; ignoring
        raft2026/09/05 18:23:49 INFO: entry at index 652 missing from unstable log; ignoring
        raft2026/09/05 18:23:52 INFO: entry at index 654 missing from unstable log; ignoring
        raft2026/09/05 18:23:52 INFO: entry at index 654 missing from unstable log; ignoring
        raft2026/09/05 18:23:52 INFO: entry at index 654 missing from unstable log; ignoring
        raft2026/09/05 18:23:52 INFO: entry at index 654 missing from unstable log; ignoring
        raft2026/09/05 18:23:52 INFO: entry at index 654 missing from unstable log; ignoring
        raft2026/09/05 18:23:52 INFO: entry at index 654 missing from unstable log; ignoring
        raft2026/09/05 18:23:52 INFO: entry at index 654 missing from unstable log; ignoring
        raft2026/09/05 18:23:52 INFO: entry at index 654 missing from unstable log; ignoring
        raft2026/09/05 18:23:52 INFO: entry at index 654 missing from unstable log; ignoring
        raft2026/09/05 18:23:52 INFO: entry at index 654 missing from unstable log; ignoring
        raft2026/09/05 18:23:52 INFO: entry at index 654 missing from unstable log; ignoring
        raft2026/09/05 18:23:52 INFO: entry at index 654 missing from unstable log; ignoring
        raft2026/09/05 18:23:52 INFO: entry at index 654 missing from unstable log; ignoring
        raft2026/09/05 18:23:54 INFO: entry at index 656 missing from unstable log; ignoring
        raft2026/09/05 18:23:54 INFO: entry at index 656 missing from unstable log; ignoring
        raft2026/09/05 18:23:55 INFO: entry at index 657 missing from unstable log; ignoring
        raft2026/09/05 18:23:55 INFO: entry at index 657 missing from unstable log; ignoring
        raft2026/09/05 18:23:55 INFO: entry at index 658 missing from unstable log; ignoring
        raft2026/09/05 18:23:56 INFO: entry at index
    serve_rf3_fault_process_test.go:770: member 2 process diagnostics:
        === RUN   TestServeRF3CommandProcessHelper
        raft2026/09/05 18:21:31 INFO: 2 switched to configuration voters=(1 2 3)
        raft2026/09/05 18:21:31 INFO: 2 became follower at term 1
        raft2026/09/05 18:21:31 INFO: newRaft 2 [peers: [1,2,3], term: 1, commit: 1, applied: 1, lastindex: 1, lastterm: 1]
        vibedb-shard RF3 ready distribution="catalog" shard="controlplane" member=2 replica-set=1 peer=127.0.0.1:38523 native=127.0.0.1:36787 snapshot=127.0.0.1:45667 control=127.0.0.1:44459 gateway=disabled
        raft2026/09/05 18:21:32 INFO: 2 is starting a new election at term 1
        raft2026/09/05 18:21:32 INFO: 2 became pre-candidate at term 1
        raft2026/09/05 18:21:32 INFO: 2 [logterm: 1, index: 1] sent MsgPreVote request to 1 at term 1
        raft2026/09/05 18:21:32 INFO: 2 [logterm: 1, index: 1] sent MsgPreVote request to 3 at term 1
        raft2026/09/05 18:21:32 INFO: 2 received MsgPreVoteResp from 2 at term 1
        raft2026/09/05 18:21:32 INFO: 2 has received 1 MsgPreVoteResp votes and 0 vote rejections
        raft2026/09/05 18:21:32 INFO: 2 [logterm: 1, index: 1, vote: 0] cast MsgPreVote for 3 [logterm: 1, index: 1] at term 1
        raft2026/09/05 18:21:32 INFO: 2 received MsgPreVoteResp from 3 at term 1
        raft2026/09/05 18:21:32 INFO: 2 has received 2 MsgPreVoteResp votes and 0 vote rejections
        raft2026/09/05 18:21:32 INFO: 2 became candidate at term 2
        raft2026/09/05 18:21:32 INFO: 2 [logterm: 1, index: 1] sent MsgVote request to 1 at term 2
        raft2026/09/05 18:21:32 INFO: 2 [logterm: 1, index: 1] sent MsgVote request to 3 at term 2
        raft2026/09/05 18:21:32 INFO: 2 [logterm: 1, index: 1, vote: 2] rejected MsgVote from 3 [logterm: 1, index: 1] at term 2
        raft2026/09/05 18:21:32 INFO: 2 received MsgVoteResp from 2 at term 2
        raft2026/09/05 18:21:32 INFO: 2 has received 1 MsgVoteResp votes and 0 vote rejections
        raft2026/09/05 18:21:32 INFO: 2 received MsgVoteResp rejection from 3 at term 2
        raft2026/09/05 18:21:32 INFO: 2 has received 1 MsgVoteResp votes and 1 vote rejections
        raft2026/09/05 18:21:32 INFO: 2 became follower at term 2
        raft2026/09/05 18:21:32 INFO: entry at index 4 missing from unstable log; ignoring
        raft2026/09/05 18:21:32 INFO: entry at index 6 missing from unstable log; ignoring
        raft2026/09/05 18:21:32 INFO: entry at index 7 missing from unstable log; ignoring
        raft2026/09/05 18:21:32 INFO: entry at index 8 missing from unstable log; ignoring
        raft2026/09/05 18:21:32 INFO: entry at index 10 missing from unstable log; ignoring
        raft2026/09/05 18:21:32 INFO: entry at index 11 missing from unstable log; ignoring
        raft2026/09/05 18:21:32 INFO: entry at index 12 missing from unstable log; ignoring
        raft2026/09/05 18:21:32 INFO: entry at index 14 missing from unstable log; ignoring
        raft2026/09/05 18:21:32 INFO: entry at index 15 missing from unstable log; ignoring
        raft2026/09/05 18:21:32 INFO: entry at index 16 missing from unstable log; ignoring
        raft2026/09/05 18:21:32 INFO: entry at index 18 missing from unstable log; ignoring
        raft2026/09/05 18:21:32 INFO: entry at index 19 missing from unstable log; ignoring
        raft2026/09/05 18:21:32 INFO: entry at index 20 missing from unstable log; ignoring
        raft2026/09/05 18:21:32 INFO: entry at index 22 missing from unstable log; ignoring
        raft2026/09/05 18:21:32 INFO: entry at index 24 missing from unstable log; ignoring
        raft2026/09/05 18:21:32 INFO: entry at index 26 missing from unstable log; ignoring
        raft2026/09/05 18:21:32 INFO: entry at index 27 missing from unstable log; ignoring
        raft2026/09/05 18:21:32 INFO: entry at index 28 missing from unstable log; ignoring
        raft2026/09/05 18:21:32 INFO: entry at index 30 missing from unstable log; ignoring
        raft2026/09/05 18:21:32 INFO: entry at index 32 missing from unstable log; ignoring
        raft2026/09/05 18:21:32 INFO: entry at index 32 missing from unstable log; ignoring
        raft2026/09/05 18:21:32 INFO: entry at index 34 missing from unstable log; ignoring
        raft2026/09/05 18:21:32 INFO: entry at index 35 missing from unstable log; ignoring
        raft2026/09/05 18:21:32 INFO: entry at index 36 missing from unstable log; ignoring
        raft2026/09/05 18:21:32 INFO: entry at index 38 missing from unstable log; ignoring
        raft2026/09/05 18:21:32 INFO: entry at index 39 missing from unstable log; ignoring
        raft2026/09/05 18:21:32 INFO: entry at index 40 missing from unstable log; ignoring
        raft2026/09/05 18:21:32 INFO: entry at index 42 missing from unstable log; ignoring
        raft2026/09/05 18:21:32 INFO: entry at index 43 missing from unstable log; ignoring
        raft2026/09/05 18:21:32 INFO: entry at index 44 missing from unstable log; ignoring
        raft2026/09/05 18:21:32 INFO: entry at index 46 missing from unstable log; ignoring
        raft2026/09/05 18:21:32 INFO: entry at index 47 missing from unstable log; ignoring
        raft2026/09/05 18:21:32 INFO: entry at index 48 missing from unstable log; ignoring
        raft2026/09/05 18:21:32 INFO: entry at index 50 missing from unstable log; ignoring
        raft2026/09/05 18:21:32 INFO: entry at index 52 missing from unstable log; ignoring
        raft2026/09/05 18:21:32 INFO: entry at index 52 missing from unstable log; ignoring
        raft2026/09/05 18:21:32 INFO: entry at index 54 missing from unstable log; ignoring
        raft2026/09/05 18:21:32 INFO: entry at index 56 missing from unstable log; ignoring
        raft2026/09/05 18:21:32 INFO: entry at index 56 missing from unstable log; ignoring
        raft2026/09/05 18:21:32 INFO: entry at index 58 missing from unstable log; ignoring
        raft2026/09/05 18:21:32 INFO: entry at index 60 missing from unstable log; ignoring
        raft2026/09/05 18:21:32 INFO: entry at index 61 missing from unstable log; ignoring
        raft2026/09/05 18:21:32 INFO: entry at index 62 missing from unstable log; ignoring
        raft2026/09/05 18:21:32 INFO: entry at index 64 missing from unstable log; ignoring
        raft2026/09/05 18:21:32 INFO: entry at index 65 missing from unstable log; ignoring
        raft2026/09/05 18:21:32 INFO: entry at index 66 missing from unstable log; ignoring
        raft2026/09/05 18:21:33 INFO: entry at index 68 missing from unstable log; ignoring
        raft2026/09/05 18:21:33 INFO: entry at index 70 missing from unstable log; ignoring
        raft2026/09/05 18:21:33 INFO: entry at index 70 missing from unstable log; ignoring
        raft2026/09/05 18:21:33 INFO: entry at index 72 missing from unstable log; ignoring
        raft2026/09/05 18:21:33 INFO: entry at index 74 missing from unstable log; ignoring
        raft2026/09/05 18:21:33 INFO: entry at index 74 missing from unstable log; ignoring
        raft2026/09/05 18:21:33 INFO: entry at index 75 missing from unstable log; ignoring
        raft2026/09/05 18:21:33 INFO: entry at index 76 missing from unstable log; ignoring
        raft2026/09/05 18:21:33 INFO: entry at index 76 missing from unstable log; ignoring
        raft2026/09/05 18:21:33 INFO: entry at index 78 missing from unstable log; ignoring
        raft2026/09/05 18:21:33 INFO: entry at index 78 missing from unstable log; ignoring
        raft2026/09/05 18:21:33 INFO: entry at index 80 missing from unstable log; ignoring
        raft2026/09/05 18:21:33 INFO: entry at index 82 missing from unstable log; ignoring
        raft2026/09/05 18:21:33 INFO: entry at index 83 missing from unstable log; ignoring
        raft2026/09/05 18:21:33 INFO: entry at index 84 missing from unstable log; ignoring
        raft2026/09/05 18:21:33 INFO: entry at index 84 missing from unstable log; ignoring
        raft2026/09/05 18:21:33 INFO: entry at index 86 missing from unstable log; ignoring
        raft2026/09/05 18:21:33 INFO: entry at index 86 missing from unstable log; ignoring
        raft2026/09/05 18:21:33 INFO: entry at index 87 missing from unstable log; ignoring
        raft2026/09/05 18:21:33 INFO: entry at index 88 missing from unstable log; ignoring
        raft2026/09/05 18:21:33 INFO: entry at index 88 missing from unstable log; ignoring
        raft2026/09/05 18:21:33 INFO: entry at index 90 missing from unstable log; ignoring
        raft2026/09/05 18:21:33 INFO: entry at index 90 missing from unstable log; ignoring
        raft2026/09/05 18:21:33 INFO: entry at index 91 missing from unstable log; ignoring
        raft2026/09/05 18:21:33 INFO: entry at index 92 missing from unstable log; ignoring
        raft2026/09/05 18:21:33 INFO: entry at index 92 missing from unstable log; ignoring
        raft2026/09/05 18:21:33 INFO: entry at index 94 missing from unstable log; ignoring
        raft2026/09/05 18:21:33 INFO: entry at index 94 missing from unstable log; ignoring
        raft2026/09/05 18:21:33 INFO: entry at index 96 missing from unstable log; ignoring
        raft2026/09/05 18:21:33 INFO: entry at index 98 missing from unstable log; ignoring
        raft2026/09/05 18:21:33 INFO: entry at index 98 missing from unstable log; ignoring
        raft2026/09/05 18:21:33 INFO: entry at index 100 missing from unstable log; ignoring
        raft2026/09/05 18:21:33 INFO: entry at index 100 missing from unstable log; ignoring
        raft2026/09/05 18:21:33 INFO: entry at index 100 missing from unstable log; ignoring
        raft2026/09/05 18:21:33 INFO: entry at index 102 missing from unstable log; ignoring
        raft2026/09/05 18:21:33 INFO: entry at index 104 missing from unstable log; ignoring
        raft2026/09/05 18:21:33 INFO: entry at index 106 missing from unstable log; ignoring
        raft2026/09/05 18:21:33 INFO: entry at index 106 missing from unstable log; ignoring
        raft2026/09/05 18:21:33 INFO: entry at index 107 missing from unstable log; ignoring
        raft2026/09/05 18:21:33 INFO: entry at index 108 missing from unstable log; ignoring
        raft2026/09/05 18:21:33 INFO: entry at index 108 missing from unstable log; ignoring
        raft2026/09/05 18:21:33 INFO: entry at index 110 missing from unstable log; ignoring
        raft2026/09/05 18:21:33 INFO: entry at index 110 missing from unstable log; ignoring
        raft2026/09/05 18:21:33 INFO: entry at index 112 missing from unstable log; ignoring
        raft2026/09/05 18:21:33 INFO: entry at index 114 missing from unstable log; ignoring
        raft2026/09/05 18:21:33 INFO: entry at index 116 missing from unstable log; ignoring
        raft2026/09/05 18:21:33 INFO: entry at index 118 missing from unstable log; ignoring
        raft2026/09/05 18:21:33 INFO: entry at index 118 missing from unstable log; ignoring
        raft2026/09/05 18:21:33 INFO: entry at index 119 missing from unstable log; ignoring
        raft2026/09/05 18:21:33 INFO: entry at index 120 missing from unstable log; ignoring
        raft2026/09/05 18:21:33 INFO: entry at index 120 missing from unstable log; ignoring
        raft2026/09/05 18:21:33 INFO: entry at index 121 missing from unstable log; ignoring
        raft2026/09/05 18:21:33 INFO: entry at index 122 missing from unstable log; ignoring
        raft2026/09/05 18:21:33 INFO: entry at index 124 missing from unstable log; ignoring
        raft2026/09/05 18:21:33 INFO: entry at index 126 missing from unstable log; ignoring
        raft2026/09/05 18:21:33 INFO: entry at index 128 missing from unstable log; ignoring
        raft2026/09/05 18:21:33 INFO: entry at index 130 missing from unstable log; ignoring
        raft2026/09/05 18:21:33 INFO: entry at index 131 missing from unstable log; ignoring
        raft2026/09/05 18:21:33 INFO: entry at index 131 missing from unstable log; ignoring
        raft2026/09/05 18:21:33 INFO: entry at index 132 missing from unstable log; ignoring
        raft2026/09/05 18:21:33 INFO: entry at index 134 missing from unstable log; ignoring
        raft2026/09/05 18:21:33 INFO: entry at index 135 missing from unstable log; ignoring
        raft2026/09/05 18:21:33 INFO: entry at index 136 missing from unstable log; ignoring
        raft2026/09/05 18:21:33 INFO: entry at index 136 missing from unstable log; ignoring
        raft2026/09/05 18:21:33 INFO: entry at index 138 missing from unstable log; ignoring
        raft2026/09/05 18:21:33 INFO: entry at index 138 missing from unstable log; ignoring
        raft2026/09/05 18:21:33 INFO: entry at index 140 missing from unstable log; ignoring
        raft2026/09/05 18:21:33 INFO: entry at index 140 missing from unstable log; ignoring
        raft2026/09/05 18:21:33 INFO: entry at index 140 missing from unstable log; ignoring
        raft2026/09/05 18:21:34 INFO: entry at index 142 missing from unstable log; ignoring
        raft2026/09/05 18:21:34 INFO: entry at index 142 missing from unstable log; ignoring
        raft2026/09/05 18:21:34 INFO: entry at index 143 missing from unstable log; ignoring
        raft2026/09/05 18:21:34 INFO: entry at index 143 missing from unstable log; ignoring
        raft2026/09/05 18:21:34 INFO: entry at index 143 missing from unstable log; ignoring
        raft2026/09/05 18:21:34 INFO: entry at index 144 missing from unstable log; ignoring
        raft2026/09/05 18:21:34 INFO: entry at index 146 missing from unstable log; ignoring
        raft2026/09/05 18:21:34 INFO: entry at index 150 missing from unstable log; ignoring
        raft2026/09/05 18:21:34 INFO: entry at index 151 missing from unstable log; ignoring
        raft2026/09/05 18:21:34 INFO: entry at index 152 missing from unstable log; ignoring
        raft2026/09/05 18:21:34 INFO: entry at index 154 missing from unstable log; ignoring
        raft2026/09/05 18:21:34 INFO: entry at index 156 missing from unstable log; ignoring
        raft2026/09/05 18:21:34 INFO: entry at index 158 missing from unstable log; ignoring
        raft2026/09/05 18:21:34 INFO: entry at index 158 missing from unstable log; ignoring
        raft2026/09/05 18:21:34 INFO: entry at index 160 missing from unstable log; ignoring
        raft2026/09/05 18:21:34 INFO: entry at index 162 missing from unstable log; ignoring
        raft2026/09/05 18:21:34 INFO: entry at index 162 missing from unstable log; ignoring
        raft2026/09/05 18:21:34 INFO: entry at index 164 missing from unstable log; ignoring
        raft2026/09/05 18:21:34 INFO: entry at index 166 missing from unstable log; ignoring
        raft2026/09/05 18:21:34 INFO: entry at index 168 missing from unstable log; ignoring
        raft2026/09/05 18:21:34 INFO: entry at index 170 missing from unstable log; ignoring
        raft2026/09/05 18:21:34 INFO: entry at index 172 missing from unstable log; ignoring
        raft2026/09/05 18:21:34 INFO: entry at index 173 missing from unstable log; ignoring
        raft2026/09/05 18:21:34 INFO: entry at index 174 missing from unstable log; ignoring
        raft2026/09/05 18:21:34 INFO: entry at index 176 missing from unstable log; ignoring
        raft2026/09/05 18:21:34 INFO: entry at index 178 missing from unstable log; ignoring
        raft2026/09/05 18:21:34 INFO: entry at index 178 missing from unstable log; ignoring
        raft2026/09/05 18:21:34 INFO: entry at index 180 missing from unstable log; ignoring
        raft2026/09/05 18:21:34 INFO: entry at index 181 missing from unstable log; ignoring
        raft2026/09/05 18:21:34 INFO: entry at index 182 missing from unstable log; ignoring
        raft2026/09/05 18:21:34 INFO: entry at index 184 missing from unstable log; ignoring
        raft2026/09/05 18:21:34 INFO: entry at index 184 missing from unstable log; ignoring
        raft2026/09/05 18:21:34 INFO: entry at index 186 missing from unstable log; ignoring
        raft2026/09/05 18:21:34 INFO: entry at index 186 missing from unstable log; ignoring
        raft2026/09/05 18:21:34 INFO: entry at index 188 missing from unstable log; ignoring
        raft2026/09/05 18:21:35 INFO: entry at index 190 missing from unstable log; ignoring
        raft2026/09/05 18:21:35 INFO: entry at index 192 missing from unstable log; ignoring
        raft2026/09/05 18:21:35 INFO: entry at index 193 missing from unstable log; ignoring
        raft2026/09/05 18:21:35 INFO: entry at index 194 missing from unstable log; ignoring
        raft2026/09/05 18:21:35 INFO: entry at index 194 missing from unstable log; ignoring
        raft2026/09/05 18:21:35 INFO: entry at index 196 missing from unstable log; ignoring
        raft2026/09/05 18:21:35 INFO: entry at index 196 missing from unstable log; ignoring
        raft2026/09/05 18:21:35 INFO: entry at index 197 missing from unstable log; ignoring
        raft2026/09/05 18:21:35 INFO: entry at index 198 missing from unstable log; ignoring
        raft2026/09/05 18:21:35 INFO: entry at index 200 missing from unstable log; ignoring
        raft2026/09/05 18:21:35 INFO: entry at index 203 missing from unstable log; ignoring
        raft2026/09/05 18:21:35 INFO: entry at index 203 missing from unstable log; ignoring
        raft2026/09/05 18:21:35 INFO: entry at index 204 missing from unstable log; ignoring
        raft2026/09/05 18:21:35 INFO: entry at index 206 missing from unstable log; ignoring
        raft2026/09/05 18:21:35 INFO: entry at index 206 missing from unstable log; ignoring
        raft2026/09/05 18:21:35 INFO: entry at index 208 missing from unstable log; ignoring
        raft2026/09/05 18:21:35 INFO: entry at index 210 missing from unstable log; ignoring
        raft2026/09/05 18:21:35 INFO: entry at index 212 missing from unstable log; ignoring
        raft2026/09/05 18:21:36 INFO: entry at index 214 missing from unstable log; ignoring
        raft2026/09/05 18:21:36 INFO: entry at index 214 missing from unstable log; ignoring
        raft2026/09/05 18:21:36 INFO: entry at index 214 missing from unstable log; ignoring
        raft2026/09/05 18:21:36 INFO: entry at index 216 missing from unstable log; ignoring
        raft2026/09/05 18:21:36 INFO: entry at index 217 missing from unstable log; ignoring
        raft2026/09/05 18:21:36 INFO: entry at index 218 missing from unstable log; ignoring
        raft2026/09/05 18:21:36 INFO: entry at index 218 missing from unstable log; ignoring
        raft2026/09/05 18:21:36 INFO: entry at index 219 missing from unstable log; ignoring
        raft2026/09/05 18:21:36 INFO: entry at index 219 missing from unstable log; ignoring
        raft2026/09/05 18:21:36 INFO: entry at index 219 missing from unstable log; ignoring
        raft2026/09/05 18:21:36 INFO: entry at index 220 missing from unstable log; ignoring
        raft2026/09/05 18:21:36 INFO: entry at index 222 missing from unstable log; ignoring
        raft2026/09/05 18:21:36 INFO: entry at index 222 missing from unstable log; ignoring
        raft2026/09/05 18:21:36 INFO: entry at index 224 missing from unstable log; ignoring
        raft2026/09/05 18:21:36 INFO: entry at index 226 missing from unstable log; ignoring
        raft2026/09/05 18:21:36 INFO: entry at index 228 missing from unstable log; ignoring
        raft2026/09/05 18:21:36 INFO: entry at index 228 missing from unstable log; ignoring
        raft2026/09/05 18:21:36 INFO: entry at index 228 missing from unstable log; ignoring
        raft2026/09/05 18:21:36 INFO: entry at index 228 missing from unstable log; ignoring
        raft2026/09/05 18:21:36 INFO: entry at index 230 missing from unstable log; ignoring
        raft2026/09/05 18:21:36 INFO: entry at index 230 missing from unstable log; ignoring
        raft2026/09/05 18:21:36 INFO: entry at index 232 missing from unstable log; ignoring
        raft2026/09/05 18:21:36 INFO: entry at index 233 missing from unstable log; ignoring
        raft2026/09/05 18:21:36 INFO: entry at index 234 missing from unstable log; ignoring
        raft2026/09/05 18:21:36 INFO: entry at index 235 missing from unstable log; ignoring
        raft2026/09/05 18:21:36 INFO: entry at index 236 missing from unstable log; ignoring
        raft2026/09/05 18:21:36 INFO: entry at index 238 missing from unstable log; ignoring
        raft2026/09/05 18:21:36 INFO: entry at index 238 missing from unstable log; ignoring
        raft2026/09/05 18:21:36 INFO: entry at index 240 missing from unstable log; ignoring
        raft2026/09/05 18:21:37 INFO: entry at index 242 missing from unstable log; ignoring
        raft2026/09/05 18:21:37 INFO: entry at index 242 missing from unstable log; ignoring
        raft2026/09/05 18:21:37 INFO: entry at index 243 missing from unstable log; ignoring
        raft2026/09/05 18:21:37 INFO: entry at index 243 missing from unstable log; ignoring
        raft2026/09/05 18:21:37 INFO: entry at index 243 missing from unstable log; ignoring
        raft2026/09/05 18:21:37 INFO: entry at index 244 missing from unstable log; ignoring
        raft2026/09/05 18:21:37 INFO: entry at index 245 missing from unstable log; ignoring
        raft2026/09/05 18:21:37 INFO: entry at index 246 missing from unstable log; ignoring
        raft2026/09/05 18:21:37 INFO: entry at index 247 missing from unstable log; ignoring
        raft2026/09/05 18:21:37 INFO: entry at index 248 missing from unstable log; ignoring
        raft2026/09/05 18:21:37 INFO: entry at index 249 missing from unstable log; ignoring
        raft2026/09/05 18:21:37 INFO: entry at index 250 missing from unstable log; ignoring
        raft2026/09/05 18:21:37 INFO: entry at index 250 missing from unstable log; ignoring
        raft2026/09/05 18:21:37 INFO: entry at index 251 missing from unstable log; ignoring
        raft2026/09/05 18:21:37 INFO: entry at index 251 missing from unstable log; ignoring
        raft2026/09/05 18:21:37 INFO: entry at index 251 missing from unstable log; ignoring
        raft2026/09/05 18:21:37 INFO: entry at index 253 missing from unstable log; ignoring
        raft2026/09/05 18:21:37 INFO: entry at index 254 missing from unstable log; ignoring
        raft2026/09/05 18:21:37 INFO: entry at index 254 missing from unstable log; ignoring
        raft2026/09/05 18:21:37 INFO: entry at index 256 missing from unstable log; ignoring
        raft2026/09/05 18:21:37 INFO: entry at index 257 missing from unstable log; ignoring
        raft2026/09/05 18:21:37 INFO: entry at index 258 missing from unstable log; ignoring
        raft2026/09/05 18:21:37 INFO: entry at index 258 missing from unstable log; ignoring
        raft2026/09/05 18:21:37 INFO: entry at index 260 missing from unstable log; ignoring
        raft2026/09/05 18:21:37 INFO: entry at index 261 missing from unstable log; ignoring
        raft2026/09/05 18:21:37 INFO: entry at index 262 missing from unstable log; ignoring
        raft2026/09/05 18:21:37 INFO: entry at index 262 missing from unstable log; ignoring
        raft2026/09/05 18:21:38 INFO: entry at index 263 missing from unstable log; ignoring
        raft2026/09/05 18:21:38 INFO: entry at index 264 missing from unstable log; ignoring
        raft2026/09/05 18:21:38 INFO: entry at index 264 missing from unstable log; ignoring
        raft2026/09/05 18:21:38 INFO: entry at index 266 missing from unstable log; ignoring
        raft2026/09/05 18:21:38 INFO: entry at index 266 missing from unstable log; ignoring
        raft2026/09/05 18:21:38 INFO: entry at index 266 missing from unstable log; ignoring
        raft2026/09/05 18:21:38 INFO: entry at index 270 missing from unstable log; ignoring
        raft2026/09/05 18:21:38 INFO: entry at index 274 missing from unstable log; ignoring
        raft2026/09/05 18:21:38 INFO: entry at index 276 missing from unstable log; ignoring
        raft2026/09/05 18:21:38 INFO: entry at index 278 missing from unstable log; ignoring
        raft2026/09/05 18:21:38 INFO: entry at index 278 missing from unstable log; ignoring
        raft2026/09/05 18:21:38 INFO: entry at index 280 missing from unstable log; ignoring
        raft2026/09/05 18:21:38 INFO: entry at index 280 missing from unstable log; ignoring
        raft2026/09/05 18:21:39 INFO: entry at index 282 missing from unstable log; ignoring
        raft2026/09/05 18:21:39 INFO: entry at index 282 missing from unstable log; ignoring
        raft2026/09/05 18:21:39 INFO: entry at index 284 missing from unstable log; ignoring
        raft2026/09/05 18:21:39 INFO: entry at index 285 missing from unstable log; ignoring
        raft2026/09/05 18:21:39 INFO: entry at index 286 missing from unstable log; ignoring
        raft2026/09/05 18:21:39 INFO: entry at index 287 missing from unstable log; ignoring
        raft2026/09/05 18:21:39 INFO: entry at index 288 missing from unstable log; ignoring
        raft2026/09/05 18:21:39 INFO: entry at index 288 missing from unstable log; ignoring
        raft2026/09/05 18:21:39 INFO: entry at index 290 missing from unstable log; ignoring
        raft2026/09/05 18:21:39 INFO: entry at index 290 missing from unstable log; ignoring
        raft2026/09/05 18:21:39 INFO: entry at index 294 missing from unstable log; ignoring
        raft2026/09/05 18:21:39 INFO: entry at index 294 missing from unstable log; ignoring
        raft2026/09/05 18:21:39 INFO: entry at index 296 missing from unstable log; ignoring
        raft2026/09/05 18:21:39 INFO: entry at index 297 missing from unstable log; ignoring
        raft2026/09/05 18:21:39 INFO: entry at index 298 missing from unstable log; ignoring
        raft2026/09/05 18:21:39 INFO: entry at index 298 missing from unstable log; ignoring
        raft2026/09/05 18:21:40 INFO: entry at index 300 missing from unstable log; ignoring
        raft2026/09/05 18:21:40 INFO: entry at index 300 missing from unstable log; ignoring
        raft2026/09/05 18:21:40 INFO: entry at index 300 missing from unstable log; ignoring
        raft2026/09/05 18:21:40 INFO: entry at index 300 missing from unstable log; ignoring
        raft2026/09/05 18:21:40 INFO: entry at index 301 missing from unstable log; ignoring
        raft2026/09/05 18:21:40 INFO: entry at index 302 missing from unstable log; ignoring
        raft2026/09/05 18:21:40 INFO: entry at index 302 missing from unstable log; ignoring
        raft2026/09/05 18:21:40 INFO: entry at index 304 missing from unstable log; ignoring
        raft2026/09/05 18:21:40 INFO: entry at index 305 missing from unstable log; ignoring
        raft2026/09/05 18:21:40 INFO: entry at index 306 missing from unstable log; ignoring
        raft2026/09/05 18:21:40 INFO: entry at index 306 missing from unstable log; ignoring
        raft2026/09/05 18:21:40 INFO: entry at index 306 missing from unstable log; ignoring
        raft2026/09/05 18:21:41 INFO: entry at index 307 missing from unstable log; ignoring
        raft2026/09/05 18:21:41 INFO: entry at index 307 missing from unstable log; ignoring
        raft2026/09/05 18:21:41 INFO: entry at index 308 missing from unstable log; ignoring
        raft2026/09/05 18:21:41 INFO: entry at index 309 missing from unstable log; ignoring
        raft2026/09/05 18:21:41 INFO: entry at index 310 missing from unstable log; ignoring
        raft2026/09/05 18:21:41 INFO: entry at index 310 missing from unstable log; ignoring
        raft2026/09/05 18:21:41 INFO: entry at index 312 missing from unstable log; ignoring
        raft2026/09/05 18:21:41 INFO: entry at index 312 missing from unstable log; ignoring
        raft2026/09/05 18:21:41 INFO: entry at index 313 missing from unstable log; ignoring
        raft2026/09/05 18:21:41 INFO: entry at index 314 missing from unstable log; ignoring
        raft2026/09/05 18:21:41 INFO: entry at index 314 missing from unstable log; ignoring
        raft2026/09/05 18:21:41 INFO: entry at index 314 missing from unstable log; ignoring
        raft2026/09/05 18:21:41 INFO: entry at index 316 missing from unstable log; ignoring
        raft2026/09/05 18:21:41 INFO: entry at index 317 missing from unstable log; ignoring
        raft2026/09/05 18:21:41 INFO: entry at index 318 missing from unstable log; ignoring
        raft2026/09/05 18:21:41 INFO: entry at index 320 missing from unstable log; ignoring
        raft2026/09/05 18:21:41 INFO: entry at index 320 missing from unstable log; ignoring
        raft2026/09/05 18:21:41 INFO: entry at index 321 missing from unstable log; ignoring
        raft2026/09/05 18:21:41 INFO: entry at index 322 missing from unstable log; ignoring
        raft2026/09/05 18:21:41 INFO: entry at index 322 missing from unstable log; ignoring
        raft2026/09/05 18:21:42 INFO: entry at index 324 missing from unstable log; ignoring
        raft2026/09/05 18:21:42 INFO: entry at index 324 missing from unstable log; ignoring
        raft2026/09/05 18:21:42 INFO: entry at index 324 missing from unstable log; ignoring
        raft2026/09/05 18:21:42 INFO: entry at index 324 missing from unstable log; ignoring
        raft2026/09/05 18:21:42 INFO: entry at index 325 missing from unstable log; ignoring
        raft2026/09/05 18:21:42 INFO: entry at index 326 missing from unstable log; ignoring
        raft2026/09/05 18:21:42 INFO: entry at index 328 missing from unstable log; ignoring
        raft2026/09/05 18:21:42 INFO: entry at index 329 missing from unstable log; ignoring
        raft2026/09/05 18:21:42 INFO: entry at index 329 missing from unstable log; ignoring
        raft2026/09/05 18:21:42 INFO: entry at index 330 missing from unstable log; ignoring
        raft2026/09/05 18:21:42 INFO: entry at index 332 missing from unstable log; ignoring
        raft2026/09/05 18:21:42 INFO: entry at index 334 missing from unstable log; ignoring
        raft2026/09/05 18:21:42 INFO: entry at index 336 missing from unstable log; ignoring
        raft2026/09/05 18:21:42 INFO: entry at index 336 missing from unstable log; ignoring
        raft2026/09/05 18:21:43 INFO: entry at index 337 missing from unstable log; ignoring
        raft2026/09/05 18:21:43 INFO: entry at index 338 missing from unstable log; ignoring
        raft2026/09/05 18:21:43 INFO: entry at index 338 missing from unstable log; ignoring
        raft2026/09/05 18:21:43 INFO: entry at index 339 missing from unstable log; ignoring
        raft2026/09/05 18:21:43 INFO: entry at index 340 missing from unstable log; ignoring
        raft2026/09/05 18:21:43 INFO: entry at index 342 missing from unstable log; ignoring
        raft2026/09/05 18:21:43 INFO: entry at index 342 missing from unstable log; ignoring
        raft2026/09/05 18:21:43 INFO: entry at index 343 missing from unstable log; ignoring
        raft2026/09/05 18:21:43 INFO: entry at index 344 missing from unstable log; ignoring
        raft2026/09/05 18:21:43 INFO: entry at index 344 missing from unstable log; ignoring
        raft2026/09/05 18:21:43 INFO: entry at index 344 missing from unstable log; ignoring
        raft2026/09/05 18:21:44 INFO: entry at index 345 missing from unstable log; ignoring
        raft2026/09/05 18:21:44 INFO: entry at index 346 missing from unstable log; ignoring
        raft2026/09/05 18:21:44 INFO: entry at index 346 missing from unstable log; ignoring
        raft2026/09/05 18:21:44 INFO: entry at index 347 missing from unstable log; ignoring
        raft2026/09/05 18:21:44 INFO: entry at index 348 missing from unstable log; ignoring
        raft2026/09/05 18:21:44 INFO: entry at index 350 missing from unstable log; ignoring
        raft2026/09/05 18:21:44 INFO: entry at index 350 missing from unstable log; ignoring
        raft2026/09/05 18:21:45 INFO: entry at index 352 missing from unstable log; ignoring
        raft2026/09/05 18:21:45 INFO: entry at index 352 missing from unstable log; ignoring
        raft2026/09/05 18:21:45 INFO: entry at index 354 missing from unstable log; ignoring
        raft2026/09/05 18:21:45 INFO: entry at index 354 missing from unstable log; ignoring
        raft2026/09/05 18:21:45 INFO: entry at index 356 missing from unstable log; ignoring
        raft2026/09/05 18:21:46 INFO: entry at index 358 missing from unstable log; ignoring
        raft2026/09/05 18:21:46 INFO: entry at index 358 missing from unstable log; ignoring
        raft2026/09/05 18:21:46 INFO: entry at index 358 missing from unstable log; ignoring
        raft2026/09/05 18:21:47 INFO: entry at index 360 missing from unstable log; ignoring
        raft2026/09/05 18:21:47 INFO: entry at index 360 missing from unstable log; ignoring
        raft2026/09/05 18:21:47 INFO: entry at index 360 missing from unstable log; ignoring
        raft2026/09/05 18:21:47 INFO: entry at index 360 missing from unstable log; ignoring
        raft2026/09/05 18:21:47 INFO: entry at index 360 missing from unstable log; ignoring
        raft2026/09/05 18:21:47 INFO: entry at index 360 missing from unstable log; ignoring
        raft2026/09/05 18:21:47 INFO: entry at index 361 missing from unstable log; ignoring
        raft2026/09/05 18:21:47 INFO: entry at index 361 missing from unstable log; ignoring
        raft2026/09/05 18:21:47 INFO: entry at index 362 missing from unstable log; ignoring
        raft2026/09/05 18:21:48 INFO: entry at index 364 missing from unstable log; ignoring
        raft2026/09/05 18:21:48 INFO: entry at index 365 missing from unstable log; ignoring
        raft2026/09/05 18:21:48 INFO: entry at index 366 missing from unstable log; ignoring
        raft2026/09/05 18:21:49 INFO: entry at index 368 missing from unstable log; ignoring
        raft2026/09/05 18:21:50 INFO: entry at index 369 missing from unstable log; ignoring
        raft2026/09/05 18:21:50 INFO: entry at index 370 missing from unstable log; ignoring
        raft2026/09/05 18:21:50 INFO: entry at index 372 missing from unstable log; ignoring
        raft2026/09/05 18:21:51 INFO: entry at index 374 missing from unstable log; ignoring
        raft2026/09/05 18:21:51 INFO: entry at index 374 missing from unstable log; ignoring
        raft2026/09/05 18:21:51 INFO: entry at index 374 missing from unstable log; ignoring
        raft2026/09/05 18:21:51 INFO: entry at index 374 missing from unstable log; ignoring
        raft2026/09/05 18:21:52 INFO: entry at index 376 missing from unstable log; ignoring
        raft2026/09/05 18:21:52 INFO: entry at index 378 missing from unstable log; ignoring
        raft2026/09/05 18:21:52 INFO: entry at index 380 missing from unstable log; ignoring
        raft2026/09/05 18:21:53 INFO: entry at index 381 missing from unstable log; ignoring
        raft2026/09/05 18:21:53 INFO: entry at index 382 missing from unstable log; ignoring
        raft2026/09/05 18:21:53 INFO: entry at index 382 missing from unstable log; ignoring
        raft2026/09/05 18:21:53 INFO: entry at index 384 missing from unstable log; ignoring
        raft2026/09/05 18:21:53 INFO: entry at index 386 missing from unstable log; ignoring
        raft2026/09/05 18:21:53 INFO: entry at index 386 missing from unstable log; ignoring
        raft2026/09/05 18:21:54 INFO: entry at index 387 missing from unstable log; ignoring
        raft2026/09/05 18:21:54 INFO: entry at index 388 missing from unstable log; ignoring
        raft2026/09/05 18:21:54 INFO: entry at index 388 missing from unstable log; ignoring
        raft2026/09/05 18:21:54 INFO: entry at index 390 missing from unstable log; ignoring
        raft2026/09/05 18:21:54 INFO: entry at index 390 missing from unstable log; ignoring
        raft2026/09/05 18:21:55 INFO: entry at index 392 missing from unstable log; ignoring
        raft2026/09/05 18:21:56 INFO: entry at index 393 missing from unstable log; ignoring
        raft2026/09/05 18:21:56 INFO: entry at index 394 missing from unstable log; ignoring
        raft2026/09/05 18:21:56 INFO: entry at index 394 missing from unstable log; ignoring
        raft2026/09/05 18:21:56 INFO: entry at index 394 missing from unstable log; ignoring
        raft2026/09/05 18:21:56 INFO: entry at index 394 missing from unstable log; ignoring
        raft2026/09/05 18:21:56 INFO: entry at index 394 missing from unstable log; ignoring
        raft2026/09/05 18:21:56 INFO: entry at index 394 missing from unstable log; ignoring
        raft2026/09/05 18:21:57 INFO: entry at index 396 missing from unstable log; ignoring
        raft2026/09/05 18:21:57 INFO: entry at index 396 missing from unstable log; ignoring
        raft2026/09/05 18:21:57 INFO: entry at index 396 missing from unstable log; ignoring
        raft2026/09/05 18:21:57 INFO: entry at index 396 missing from unstable log; ignoring
        raft2026/09/05 18:21:58 INFO: entry at index 397 missing from unstable log; ignoring
        raft2026/09/05 18:21:58 INFO: entry at index 398 missing from unstable log; ignoring
        raft2026/09/05 18:21:59 INFO: entry at index 400 missing from unstable log; ignoring
        raft2026/09/05 18:21:59 INFO: entry at index 400 missing from unstable log; ignoring
        raft2026/09/05 18:21:59 INFO: entry at index 400 missing from unstable log; ignoring
        raft2026/09/05 18:21:59 INFO: entry at index 400 missing from unstable log; ignoring
        raft2026/09/05 18:21:59 INFO: entry at index 400 missing from unstable log; ignoring
        raft2026/09/05 18:22:00 INFO: entry at index 401 missing from unstable log; ignoring
        raft2026/09/05 18:22:00 INFO: entry at index 402 missing from unstable log; ignoring
        raft2026/09/05 18:22:00 INFO: entry at index 402 missing from unstable log; ignoring
        raft2026/09/05 18:22:02 INFO: entry at index 404 missing from unstable log; ignoring
        raft2026/09/05 18:22:02 INFO: entry at index 405 missing from unstable log; ignoring
        raft2026/09/05 18:22:02 INFO: entry at index 405 missing from unstable log; ignoring
        raft2026/09/05 18:22:02 INFO: entry at index 406 missing from unstable log; ignoring
        raft2026/09/05 18:22:03 INFO: entry at index 408 missing from unstable log; ignoring
        raft2026/09/05 18:22:03 INFO: entry at index 408 missing from unstable log; ignoring
        raft2026/09/05 18:22:04 INFO: entry at index 409 missing from unstable log; ignoring
        raft2026/09/05 18:22:04 INFO: entry at index 409 missing from unstable log; ignoring
        raft2026/09/05 18:22:04 INFO: entry at index 409 missing from unstable log; ignoring
        raft2026/09/05 18:22:04 INFO: entry at index 410 missing from unstable log; ignoring
        raft2026/09/05 18:22:05 INFO: entry at index 412 missing from unstable log; ignoring
        raft2026/09/05 18:22:06 INFO: entry at index 413 missing from unstable log; ignoring
        raft2026/09/05 18:22:06 INFO: entry at index 414 missing from unstable log; ignoring
        raft2026/09/05 18:22:06 INFO: entry at index 416 missing from unstable log; ignoring
        raft2026/09/05 18:22:07 INFO: entry at index 417 missing from unstable log; ignoring
        raft2026/09/05 18:22:07 INFO: entry at index 417 missing from unstable log; ignoring
        raft2026/09/05 18:22:07 INFO: entry at index 418 missing from unstable log; ignoring
        raft2026/09/05 18:22:07 INFO: entry at index 420 missing from unstable log; ignoring
        raft2026/09/05 18:22:08 INFO: entry at index 422 missing from unstable log; ignoring
        raft2026/09/05 18:22:08 INFO: entry at index 422 missing from unstable log; ignoring
        raft2026/09/05 18:22:08 INFO: entry at index 424 missing from unstable log; ignoring
        raft2026/09/05 18:22:09 INFO: entry at index 425 missing from unstable log; ignoring
        raft2026/09/05 18:22:09 INFO: entry at index 426 missing from unstable log; ignoring
        raft2026/09/05 18:22:10 INFO: entry at index 428 missing from unstable log; ignoring
        raft2026/09/05 18:22:10 INFO: entry at index 429 missing from unstable log; ignoring
        raft2026/09/05 18:22:10 INFO: entry at index 430 missing from unstable log; ignoring
        raft2026/09/05 18:22:11 INFO: entry at index 432 missing from unstable log; ignoring
        raft2026/09/05 18:22:12 INFO: entry at index 433 missing from unstable log; ignoring
        raft2026/09/05 18:22:12 INFO: entry at index 433 missing from unstable log; ignoring
        raft2026/09/05 18:22:12 INFO: entry at index 434 missing from unstable log; ignoring
        raft2026/09/05 18:22:13 INFO: entry at index 436 missing from unstable log; ignoring
        raft2026/09/05 18:22:13 INFO: entry at index 437 missing from unstable log; ignoring
        raft2026/09/05 18:22:13 INFO: entry at index 437 missing from unstable log; ignoring
        raft2026/09/05 18:22:13 INFO: entry at index 438 missing from unstable log; ignoring
        raft2026/09/05 18:22:13 INFO: entry at index 440 missing from unstable log; ignoring
        raft2026/09/05 18:22:13 INFO: entry at index 441 missing from unstable log; ignoring
        raft2026/09/05 18:22:13 INFO: entry at index 442 missing from unstable log; ignoring
        raft2026/09/05 18:22:14 INFO: entry at index 444 missing from unstable log; ignoring
        raft2026/09/05 18:22:14 INFO: entry at index 446 missing from unstable log; ignoring
        raft2026/09/05 18:22:14 INFO: entry at index 446 missing from unstable log; ignoring
        raft2026/09/05 18:22:14 INFO: entry at index 446 missing from unstable log; ignoring
        raft2026/09/05 18:22:15 INFO: entry at index 448 missing from unstable log; ignoring
        raft2026/09/05 18:22:15 INFO: entry at index 449 missing from unstable log; ignoring
        raft2026/09/05 18:22:15 INFO: entry at index 450 missing from unstable log; ignoring
        raft2026/09/05 18:22:15 INFO: entry at index 452 missing from unstable log; ignoring
        raft2026/09/05 18:22:16 INFO: entry at index 453 missing from unstable log; ignoring
        raft2026/09/05 18:22:16 INFO: entry at index 454 missing from unstable log; ignoring
        raft2026/09/05 18:22:16 INFO: entry at index 456 missing from unstable log; ignoring
        raft2026/09/05 18:22:16 INFO: entry at index 457 missing from unstable log; ignoring
        raft2026/09/05 18:22:16 INFO: entry at index 458 missing from unstable log; ignoring
        raft2026/09/05 18:22:16 INFO: entry at index 460 missing from unstable log; ignoring
        raft2026/09/05 18:22:16 INFO: entry at index 460 missing from unstable log; ignoring
        raft2026/09/05 18:22:16 INFO: entry at index 460 missing from unstable log; ignoring
        raft2026/09/05 18:22:16 INFO: entry at index 460 missing from unstable log; ignoring
        raft2026/09/05 18:22:16 INFO: entry at index 460 missing from unstable log; ignoring
        raft2026/09/05 18:22:17 INFO: entry at index 462 missing from unstable log; ignoring
        raft2026/09/05 18:22:17 INFO: entry at index 462 missing from unstable log; ignoring
        raft2026/09/05 18:22:17 INFO: entry at index 464 missing from unstable log; ignoring
        raft2026/09/05 18:22:18 INFO: entry at index 465 missing from unstable log; ignoring
        raft2026/09/05 18:22:18 INFO: entry at index 466 missing from unstable log; ignoring
        raft2026/09/05 18:22:18 INFO: entry at index 466 missing from unstable log; ignoring
        raft2026/09/05 18:22:18 INFO: entry at index 466 missing from unstable log; ignoring
        raft2026/09/05 18:22:18 INFO: entry at index 466 missing from unstable log; ignoring
        raft2026/09/05 18:22:18 INFO: entry at index 466 missing from unstable log; ignoring
        raft2026/09/05 18:22:18 INFO: entry at index 466 missing from unstable log; ignoring
        raft2026/09/05 18:22:18 INFO: entry at index 466 missing from unstable log; ignoring
        raft2026/09/05 18:22:18 INFO: entry at index 468 missing from unstable log; ignoring
        raft2026/09/05 18:22:19 INFO: entry at index 469 missing from unstable log; ignoring
        raft2026/09/05 18:22:19 INFO: entry at index 470 missing from unstable log; ignoring
        raft2026/09/05 18:22:19 INFO: entry at index 470 missing from unstable log; ignoring
        raft2026/09/05 18:22:20 INFO: entry at index 471 missing from unstable log; ignoring
        raft2026/09/05 18:22:20 INFO: entry at index 472 missing from unstable log; ignoring
        raft2026/09/05 18:22:20 INFO: entry at index 473 missing from unstable log; ignoring
        raft2026/09/05 18:22:20 INFO: entry at index 474 missing from unstable log; ignoring
        raft2026/09/05 18:22:20 INFO: entry at index 476 missing from unstable log; ignoring
        raft2026/09/05 18:22:20 INFO: entry at index 478 missing from unstable log; ignoring
        raft2026/09/05 18:22:20 INFO: entry at index 478 missing from unstable log; ignoring
        raft2026/09/05 18:22:20 INFO: entry at index 480 missing from unstable log; ignoring
        raft2026/09/05 18:22:21 INFO: entry at index 481 missing from unstable log; ignoring
        raft2026/09/05 18:22:21 INFO: entry at index 482 missing from unstable log; ignoring
        raft2026/09/05 18:22:22 INFO: entry at index 484 missing from unstable log; ignoring
        raft2026/09/05 18:22:22 INFO: entry at index 484 missing from unstable log; ignoring
        raft2026/09/05 18:22:22 INFO: entry at index 484 missing from unstable log; ignoring
        raft2026/09/05 18:22:22 INFO: entry at index 484 missing from unstable log; ignoring
        raft2026/09/05 18:22:22 INFO: entry at index 484 missing from unstable log; ignoring
        raft2026/09/05 18:22:22 INFO: entry at index 484 missing from unstable log; ignoring
        raft2026/09/05 18:22:22 INFO: entry at index 484 missing from unstable log; ignoring
        raft2026/09/05 18:22:22 INFO: entry at index 484 missing from unstable log; ignoring
        raft2026/09/05 18:22:22 INFO: entry at index 484 missing from unstable log; ignoring
        raft2026/09/05 18:22:22 INFO: entry at index 484 missing from unstable log; ignoring
        raft2026/09/05 18:22:23 INFO: entry at index 485 missing from unstable log; ignoring
        raft2026/09/05 18:22:23 INFO: entry at index 486 missing from unstable log; ignoring
        raft2026/09/05 18:22:23 INFO: entry at index 486 missing from unstable log; ignoring
        raft2026/09/05 18:22:23 INFO: entry at index 486 missing from unstable log; ignoring
        raft2026/09/05 18:22:23 INFO: entry at index 486 missing from unstable log; ignoring
        raft2026/09/05 18:22:23 INFO: entry at index 486 missing from unstable log; ignoring
        raft2026/09/05 18:22:25 INFO: entry at index 487 missing from unstable log; ignoring
        raft2026/09/05 18:22:25 INFO: entry at index 488 missing from unstable log; ignoring
        raft2026/09/05 18:22:25 INFO: entry at index 488 missing from unstable log; ignoring
        raft2026/09/05 18:22:25 INFO: entry at index 488 missing from unstable log; ignoring
        raft2026/09/05 18:22:25 INFO: entry at index 488 missing from unstable log; ignoring
        raft2026/09/05 18:22:25 INFO: entry at index 488 missing from unstable log; ignoring
        raft2026/09/05 18:22:25 INFO: entry at index 489 missing from unstable log; ignoring
        raft2026/09/05 18:22:25 INFO: entry at index 489 missing from unstable log; ignoring
        raft2026/09/05 18:22:25 INFO: entry at index 489 missing from unstable log; ignoring
        raft2026/09/05 18:22:25 INFO: entry at index 490 missing from unstable log; ignoring
        raft2026/09/05 18:22:25 INFO: entry at index 490 missing from unstable log; ignoring
        raft2026/09/05 18:22:27 INFO: entry at index 492 missing from unstable log; ignoring
        raft2026/09/05 18:22:28 INFO: entry at index 494 missing from unstable log; ignoring
        raft2026/09/05 18:22:28 INFO: entry at index 494 missing from unstable log; ignoring
        raft2026/09/05 18:22:28 INFO: entry at index 494 missing from unstable log; ignoring
        raft2026/09/05 18:22:28 INFO: entry at index 494 missing from unstable log; ignoring
        raft2026/09/05 18:22:30 INFO: entry at index 496 missing from unstable log; ignoring
        raft2026/09/05 18:22:31 INFO: entry at index 497 missing from unstable log; ignoring
        raft2026/09/05 18:22:31 INFO: entry at index 498 missing from unstable log; ignoring
        raft2026/09/05 18:22:31 INFO: entry at index 498 missing from unstable log; ignoring
        raft2026/09/05 18:22:31 INFO: entry at index 498 missing from unstable log; ignoring
        raft2026/09/05 18:22:33 INFO: entry at index 500 missing from unstable log; ignoring
        raft2026/09/05 18:22:34 INFO: entry at index 501 missing from unstable log; ignoring
        raft2026/09/05 18:22:34 INFO: entry at index 502 missing from unstable log; ignoring
        raft2026/09/05 18:22:35 INFO: entry at index 504 missing from unstable log; ignoring
        raft2026/09/05 18:22:36 INFO: entry at index 505 missing from unstable log; ignoring
        raft2026/09/05 18:22:36 INFO: entry at index 506 missing from unstable log; ignoring
        raft2026/09/05 18:22:37 INFO: entry at index 508 missing from unstable log; ignoring
        raft2026/09/05 18:22:37 INFO: entry at index 508 missing from unstable log; ignoring
        raft2026/09/05 18:22:37 INFO: entry at index 508 missing from unstable log; ignoring
        raft2026/09/05 18:22:37 INFO: entry at index 508 missing from unstable log; ignoring
        raft2026/09/05 18:22:37 INFO: entry at index 508 missing from unstable log; ignoring
        raft2026/09/05 18:22:38 INFO: entry at index 509 missing from unstable log; ignoring
        raft2026/09/05 18:22:38 INFO: entry at index 510 missing from unstable log; ignoring
        raft2026/09/05 18:22:38 INFO: entry at index 510 missing from unstable log; ignoring
        raft2026/09/05 18:22:38 INFO: entry at index 510 missing from unstable log; ignoring
        raft2026/09/05 18:22:39 INFO: entry at index 512 missing from unstable log; ignoring
        raft2026/09/05 18:22:39 INFO: entry at index 512 missing from unstable log; ignoring
        raft2026/09/05 18:22:39 INFO: entry at index 512 missing from unstable log; ignoring
        raft2026/09/05 18:22:39 INFO: entry at index 512 missing from unstable log; ignoring
        raft2026/09/05 18:22:39 INFO: entry at index 512 missing from unstable log; ignoring
        raft2026/09/05 18:22:40 INFO: entry at index 513 missing from unstable log; ignoring
        raft2026/09/05 18:22:40 INFO: entry at index 514 missing from unstable log; ignoring
        raft2026/09/05 18:22:40 INFO: entry at index 514 missing from unstable log; ignoring
        raft2026/09/05 18:22:41 INFO: entry at index 515 missing from unstable log; ignoring
        raft2026/09/05 18:22:41 INFO: entry at index 515 missing from unstable log; ignoring
        raft2026/09/05 18:22:41 INFO: entry at index 515 missing from unstable log; ignoring
        raft2026/09/05 18:22:41 INFO: entry at index 516 missing from unstable log; ignoring
        raft2026/09/05 18:22:42 INFO: entry at index 517 missing from unstable log; ignoring
        raft2026/09/05 18:22:42 INFO: entry at index 517 missing from unstable log; ignoring
        raft2026/09/05 18:22:42 INFO: entry at index 518 missing from unstable log; ignoring
        raft2026/09/05 18:22:43 INFO: entry at index 519 missing from unstable log; ignoring
        raft2026/09/05 18:22:43 INFO: entry at index 520 missing from unstable log; ignoring
        raft2026/09/05 18:22:43 INFO: entry at index 520 missing from unstable log; ignoring
        raft2026/09/05 18:22:43 INFO: entry at index 520 missing from unstable log; ignoring
        raft2026/09/05 18:22:43 INFO: entry at index 520 missing from unstable log; ignoring
        raft2026/09/05 18:22:43 INFO: entry at index 520 missing from unstable log; ignoring
        raft2026/09/05 18:22:45 INFO: entry at index 521 missing from unstable log; ignoring
        raft2026/09/05 18:22:45 INFO: entry at index 522 missing from unstable log; ignoring
        raft2026/09/05 18:22:45 INFO: entry at index 522 missing from unstable log; ignoring
        raft2026/09/05 18:22:45 INFO: entry at index 522 missing from unstable log; ignoring
        raft2026/09/05 18:22:45 INFO: entry at index 522 missing from unstable log; ignoring
        raft2026/09/05 18:22:45 INFO: entry at index 522 missing from unstable log; ignoring
        raft2026/09/05 18:22:45 INFO: entry at index 522 missing from unstable log; ignoring
        raft2026/09/05 18:22:45 INFO: entry at index 522 missing from unstable log; ignoring
        raft2026/09/05 18:22:45 INFO: entry at index 522 missing from unstable log; ignoring
        raft2026/09/05 18:22:45 INFO: entry at index 522 missing from unstable log; ignoring
        raft2026/09/05 18:22:45 INFO: entry at index 522 missing from unstable log; ignoring
        raft2026/09/05 18:22:45 INFO: entry at index 522 missing from unstable log; ignoring
        raft2026/09/05 18:22:45 INFO: entry at index 522 missing from unstable log; ignoring
        raft2026/09/05 18:22:45 INFO: entry at index 522 missing from unstable log; ignoring
        raft2026/09/05 18:22:45 INFO: entry at index 522 missing from unstable log; ignoring
        raft2026/09/05 18:22:45 INFO: entry at index 522 missing from unstable log; ignoring
        raft2026/09/05 18:22:45 INFO: entry at index 522 missing from unstable log; ignoring
        raft2026/09/05 18:22:45 INFO: entry at index 522 missing from unstable log; ignoring
        raft2026/09/05 18:22:45 INFO: entry at index 522 missing from unstable log; ignoring
        raft2026/09/05 18:22:45 INFO: entry at index 522 missing from unstable log; ignoring
        raft2026/09/05 18:22:45 INFO: entry at index 522 missing from unstable log; ignoring
        raft2026/09/05 18:22:46 INFO: entry at index 524 missing from unstable log; ignoring
        raft2026/09/05 18:22:46 INFO: entry at index 524 missing from unstable log; ignoring
        raft2026/09/05 18:22:46 INFO: entry at index 524 missing from unstable log; ignoring
        raft2026/09/05 18:22:46 INFO: entry at index 524 missing from unstable log; ignoring
        raft2026/09/05 18:22:46 INFO: entry at index 524 missing from unstable log; ignoring
        raft2026/09/05 18:22:46 INFO: entry at index 524 missing from unstable log; ignoring
        raft2026/09/05 18:22:47 INFO: entry at index 525 missing from unstable log; ignoring
        raft2026/09/05 18:22:47 INFO: entry at index 526 missing from unstable log; ignoring
        raft2026/09/05 18:22:47 INFO: entry at index 526 missing from unstable log; ignoring
        raft2026/09/05 18:22:47 INFO: entry at index 526 missing from unstable log; ignoring
        raft2026/09/05 18:22:48 INFO: entry at index 528 missing from unstable log; ignoring
        raft2026/09/05 18:22:48 INFO: entry at index 528 missing from unstable log; ignoring
        raft2026/09/05 18:22:49 INFO: entry at index 530 missing from unstable log; ignoring
        raft2026/09/05 18:22:50 INFO: entry at index 531 missing from unstable log; ignoring
        raft2026/09/05 18:22:50 INFO: entry at index 531 missing from unstable log; ignoring
        raft2026/09/05 18:22:50 INFO: entry at index 532 missing from unstable log; ignoring
        raft2026/09/05 18:22:50 INFO: entry at index 532 missing from unstable log; ignoring
        raft2026/09/05 18:22:50 INFO: entry at index 532 missing from unstable log; ignoring
        raft2026/09/05 18:22:50 INFO: entry at index 532 missing from unstable log; ignoring
        raft2026/09/05 18:22:51 INFO: entry at index 533 missing from unstable log; ignoring
        raft2026/09/05 18:22:51 INFO: entry at index 534 missing from unstable log; ignoring
        raft2026/09/05 18:22:52 INFO: entry at index 536 missing from unstable log; ignoring
        raft2026/09/05 18:22:52 INFO: entry at index 536 missing from unstable log; ignoring
        raft2026/09/05 18:22:52 INFO: entry at index 536 missing from unstable log; ignoring
        raft2026/09/05 18:22:52 INFO: entry at index 536 missing from unstable log; ignoring
        raft2026/09/05 18:22:52 INFO: entry at index 536 missing from unstable log; ignoring
        raft2026/09/05 18:22:52 INFO: entry at index 536 missing from unstable log; ignoring
        raft2026/09/05 18:22:52 INFO: entry at index 536 missing from unstable log; ignoring
        raft2026/09/05 18:22:52 INFO: entry at index 536 missing from unstable log; ignoring
        raft2026/09/05 18:22:52 INFO: entry at index 537 missing from unstable log; ignoring
        raft2026/09/05 18:22:52 INFO: entry at index 538 missing from unstable log; ignoring
        raft2026/09/05 18:22:52 INFO: entry at index 538 missing from unstable log; ignoring
        raft2026/09/05 18:22:53 INFO: entry at index 540 missing from unstable log; ignoring
        raft2026/09/05 18:22:53 INFO: entry at index 540 missing from unstable log; ignoring
        raft2026/09/05 18:22:53 INFO: entry at index 540 missing from unstable log; ignoring
        raft2026/09/05 18:22:53 INFO: entry at index 540 missing from unstable log; ignoring
        raft2026/09/05 18:22:54 INFO: entry at index 541 missing from unstable log; ignoring
        raft2026/09/05 18:22:54 INFO: entry at index 542 missing from unstable log; ignoring
        raft2026/09/05 18:22:54 INFO: entry at index 542 missing from unstable log; ignoring
        raft2026/09/05 18:22:54 INFO: entry at index 544 missing from unstable log; ignoring
        raft2026/09/05 18:22:54 INFO: entry at index 544 missing from unstable log; ignoring
        raft2026/09/05 18:22:54 INFO: entry at index 544 missing from unstable log; ignoring
        raft2026/09/05 18:22:54 INFO: entry at index 544 missing from unstable log; ignoring
        raft2026/09/05 18:22:54 INFO: entry at index 544 missing from unstable log; ignoring
        raft2026/09/05 18:22:55 INFO: entry at index 545 missing from unstable log; ignoring
        raft2026/09/05 18:22:55 INFO: entry at index 545 missing from unstable log; ignoring
        raft2026/09/05 18:22:55 INFO: entry at index 546 missing from unstable log; ignoring
        raft2026/09/05 18:22:55 INFO: entry at index 546 missing from unstable log; ignoring
        raft2026/09/05 18:22:55 INFO: entry at index 546 missing from unstable log; ignoring
        raft2026/09/05 18:22:56 INFO: entry at index 548 missing from unstable log; ignoring
        raft2026/09/05 18:22:56 INFO: entry at index 548 missing from unstable log; ignoring
        raft2026/09/05 18:22:56 INFO: entry at index 548 missing from unstable log; ignoring
        raft2026/09/05 18:22:56 INFO: entry at index 548 missing from unstable log; ignoring
        raft2026/09/05 18:22:56 INFO: entry at index 548 missing from unstable log; ignoring
        raft2026/09/05 18:22:56 INFO: entry at index 548 missing from unstable log; ignoring
        raft2026/09/05 18:22:56 INFO: entry at index 548 missing from unstable log; ignoring
        raft2026/09/05 18:22:56 INFO: entry at index 548 missing from unstable log; ignoring
        raft2026/09/05 18:22:56 INFO: entry at index 548 missing from unstable log; ignoring
        raft2026/09/05 18:22:57 INFO: entry at index 549 missing from unstable log; ignoring
        raft2026/09/05 18:22:57 INFO: entry at index 550 missing from unstable log; ignoring
        raft2026/09/05 18:22:57 INFO: entry at index 550 missing from unstable log; ignoring
        raft2026/09/05 18:22:58 INFO: entry at index 551 missing from unstable log; ignoring
        raft2026/09/05 18:22:58 INFO: entry at index 551 missing from unstable log; ignoring
        raft2026/09/05 18:22:58 INFO: entry at index 551 missing from unstable log; ignoring
        raft2026/09/05 18:22:58 INFO: entry at index 552 missing from unstable log; ignoring
        raft2026/09/05 18:22:58 INFO: entry at index 552 missing from unstable log; ignoring
        raft2026/09/05 18:23:00 INFO: entry at index 553 missing from unstable log; ignoring
        raft2026/09/05 18:23:00 INFO: entry at index 554 missing from unstable log; ignoring
        raft2026/09/05 18:23:00 INFO: entry at index 554 missing from unstable log; ignoring
        raft2026/09/05 18:23:03 INFO: entry at index 556 missing from unstable log; ignoring
        raft2026/09/05 18:23:04 INFO: entry at index 557 missing from unstable log; ignoring
        raft2026/09/05 18:23:04 INFO: entry at index 558 missing from unstable log; ignoring
        raft2026/09/05 18:23:05 INFO: entry at index 560 missing from unstable log; ignoring
        raft2026/09/05 18:23:05 INFO: entry at index 560 missing from unstable log; ignoring
        raft2026/09/05 18:23:05 INFO: entry at index 560 missing from unstable log; ignoring
        raft2026/09/05 18:23:05 INFO: entry at index 560 missing from unstable log; ignoring
        raft2026/09/05 18:23:05 INFO: entry at index 560 missing from unstable log; ignoring
        raft2026/09/05 18:23:05 INFO: entry at index 560 missing from unstable log; ignoring
        raft2026/09/05 18:23:05 INFO: entry at index 560 missing from unstable log; ignoring
        raft2026/09/05 18:23:05 INFO: entry at index 560 missing from unstable log; ignoring
        raft2026/09/05 18:23:09 INFO: entry at index 561 missing from unstable log; ignoring
        raft2026/09/05 18:23:09 INFO: entry at index 562 missing from unstable log; ignoring
        raft2026/09/05 18:23:09 INFO: entry at index 562 missing from unstable log; ignoring
        raft2026/09/05 18:23:09 INFO: entry at index 562 missing from unstable log; ignoring
        raft2026/09/05 18:23:09 INFO: entry at index 562 missing from unstable log; ignoring
        raft2026/09/05 18:23:10 INFO: entry at index 566 missing from unstable log; ignoring
        raft2026/09/05 18:23:10 INFO: entry at index 566 missing from unstable log; ignoring
        raft2026/09/05 18:23:10 INFO: entry at index 566 missing from unstable log; ignoring
        raft2026/09/05 18:23:10 INFO: entry at index 568 missing from unstable log; ignoring
        raft2026/09/05 18:23:11 INFO: entry at index 570 missing from unstable log; ignoring
        raft2026/09/05 18:23:11 INFO: entry at index 570 missing from unstable log; ignoring
        raft2026/09/05 18:23:11 INFO: entry at index 570 missing from unstable log; ignoring
        raft2026/09/05 18:23:11 INFO: entry at index 570 missing from unstable log; ignoring
        raft2026/09/05 18:23:14 INFO: entry at index 574 missing from unstable log; ignoring
        raft2026/09/05 18:23:14 INFO: entry at index 574 missing from unstable log; ignoring
        raft2026/09/05 18:23:14 INFO: entry at index 574 missing from unstable log; ignoring
        raft2026/09/05 18:23:14 INFO: entry at index 574 missing from unstable log; ignoring
        raft2026/09/05 18:23:14 INFO: entry at index 574 missing from unstable log; ignoring
        raft2026/09/05 18:23:14 INFO: entry at index 574 missing from unstable log; ignoring
        raft2026/09/05 18:23:14 INFO: entry at index 574 missing from unstable log; ignoring
        raft2026/09/05 18:23:14 INFO: entry at index 574 missing from unstable log; ignoring
        raft2026/09/05 18:23:15 INFO: entry at index 576 missing from unstable log; ignoring
        raft2026/09/05 18:23:17 INFO: entry at index 577 missing from unstable log; ignoring
        raft2026/09/05 18:23:17 INFO: entry at index 578 missing from unstable log; ignoring
        raft2026/09/05 18:23:21 INFO: entry at index 580 missing from unstable log; ignoring
        raft2026/09/05 18:23:23 INFO: entry at index 581 missing from unstable log; ignoring
        raft2026/09/05 18:23:23 INFO: entry at index 582 missing from unstable log; ignoring
        raft2026/09/05 18:23:24 INFO: entry at index 584 missing from unstable log; ignoring
        raft2026/09/05 18:23:26 INFO: entry at index 585 missing from unstable log; ignoring
        raft2026/09/05 18:23:26 INFO: entry at index 586 missing from unstable log; ignoring
        raft2026/09/05 18:23:26 INFO: entry at index 586 missing from unstable log; ignoring
        raft2026/09/05 18:23:26 INFO: entry at index 588 missing from unstable log; ignoring
        raft2026/09/05 18:23:27 INFO: entry at index 589 missing from unstable log; ignoring
        raft2026/09/05 18:23:27 INFO: entry at index 589 missing from unstable log; ignoring
        raft2026/09/05 18:23:27 INFO: entry at index 589 missing from unstable log; ignoring
        raft2026/09/05 18:23:27 INFO: entry at index 590 missing from unstable log; ignoring
        raft2026/09/05 18:23:28 INFO: entry at index 592 missing from unstable log; ignoring
        raft2026/09/05 18:23:28 INFO: entry at index 594 missing from unstable log; ignoring
        raft2026/09/05 18:23:28 INFO: entry at index 594 missing from unstable log; ignoring
        raft2026/09/05 18:23:29 INFO: entry at index 596 missing from unstable log; ignoring
        raft2026/09/05 18:23:29 INFO: entry at index 596 missing from unstable log; ignoring
        raft2026/09/05 18:23:29 INFO: entry at index 597 missing from unstable log; ignoring
        raft2026/09/05 18:23:29 INFO: entry at index 597 missing from unstable log; ignoring
        raft2026/09/05 18:23:29 INFO: entry at index 597 missing from unstable log; ignoring
        raft2026/09/05 18:23:29 INFO: entry at index 597 missing from unstable log; ignoring
        raft2026/09/05 18:23:29 INFO: entry at index 597 missing from unstable log; ignoring
        raft2026/09/05 18:23:29 INFO: entry at index 598 missing from unstable log; ignoring
        raft2026/09/05 18:23:29 INFO: entry at index 600 missing from unstable log; ignoring
        raft2026/09/05 18:23:29 INFO: entry at index 600 missing from unstable log; ignoring
        raft2026/09/05 18:23:30 INFO: entry at index 601 missing from unstable log; ignoring
        raft2026/09/05 18:23:30 INFO: entry at index 602 missing from unstable log; ignoring
        raft2026/09/05 18:23:30 INFO: entry at index 602 missing from unstable log; ignoring
        raft2026/09/05 18:23:30 INFO: entry at index 602 missing from unstable log; ignoring
        raft2026/09/05 18:23:31 INFO: entry at index 604 missing from unstable log; ignoring
        raft2026/09/05 18:23:31 INFO: entry at index 606 missing from unstable log; ignoring
        raft2026/09/05 18:23:31 INFO: entry at index 606 missing from unstable log; ignoring
        raft2026/09/05 18:23:32 INFO: entry at index 607 missing from unstable log; ignoring
        raft2026/09/05 18:23:32 INFO: entry at index 607 missing from unstable log; ignoring
        raft2026/09/05 18:23:32 INFO: entry at index 608 missing from unstable log; ignoring
        raft2026/09/05 18:23:32 INFO: entry at index 609 missing from unstable log; ignoring
        raft2026/09/05 18:23:32 INFO: entry at index 610 missing from unstable log; ignoring
        raft2026/09/05 18:23:33 INFO: entry at index 614 missing from unstable log; ignoring
        raft2026/09/05 18:23:34 INFO: entry at index 616 missing from unstable log; ignoring
        raft2026/09/05 18:23:34 INFO: entry at index 618 missing from unstable log; ignoring
        raft2026/09/05 18:23:34 INFO: entry at index 618 missing from unstable log; ignoring
        raft2026/09/05 18:23:35 INFO: entry at index 620 missing from unstable log; ignoring
        raft2026/09/05 18:23:36 INFO: entry at index 622 missing from unstable log; ignoring
        raft2026/09/05 18:23:36 INFO: entry at index 622 missing from unstable log; ignoring
        raft2026/09/05 18:23:36 INFO: entry at index 624 missing from unstable log; ignoring
        raft2026/09/05 18:23:36 INFO: entry at index 624 missing from unstable log; ignoring
        raft2026/09/05 18:23:36 INFO: entry at index 624 missing from unstable log; ignoring
        raft2026/09/05 18:23:36 INFO: entry at index 624 missing from unstable log; ignoring
        raft2026/09/05 18:23:37 INFO: entry at index 625 missing from unstable log; ignoring
        raft2026/09/05 18:23:37 INFO: entry at index 626 missing from unstable log; ignoring
        raft2026/09/05 18:23:37 INFO: entry at index 626 missing from unstable log; ignoring
        raft2026/09/05 18:23:37 INFO: entry at index 626 missing from unstable log; ignoring
        raft2026/09/05 18:23:37 INFO: entry at index 628 missing from unstable log; ignoring
        raft2026/09/05 18:23:38 INFO: entry at index 630 missing from unstable log; ignoring
        raft2026/09/05 18:23:38 INFO: entry at index 630 missing from unstable log; ignoring
        raft2026/09/05 18:23:40 INFO: entry at index 632 missing from unstable log; ignoring
        raft2026/09/05 18:23:40 INFO: entry at index 632 missing from unstable log; ignoring
        raft2026/09/05 18:23:40 INFO: entry at index 632 missing from unstable log; ignoring
        raft2026/09/05 18:23:40 INFO: entry at index 632 missing from unstable log; ignoring
        raft2026/09/05 18:23:41 INFO: entry at index 633 missing from unstable log; ignoring
        raft2026/09/05 18:23:41 INFO: entry at index 634 missing from unstable log; ignoring
        raft2026/09/05 18:23:41 INFO: entry at index 634 missing from unstable log; ignoring
        raft2026/09/05 18:23:41 INFO: entry at index 634 missing from unstable log; ignoring
        raft2026/09/05 18:23:41 INFO: entry at index 634 missing from unstable log; ignoring
        raft2026/09/05 18:23:41 INFO: entry at index 634 missing from unstable log; ignoring
        raft2026/09/05 18:23:41 INFO: entry at index 634 missing from unstable log; ignoring
        raft2026/09/05 18:23:41 INFO: entry at index 634 missing from unstable log; ignoring
        raft2026/09/05 18:23:42 INFO: entry at index 636 missing from unstable log; ignoring
        raft2026/09/05 18:23:42 INFO: entry at index 636 missing from unstable log; ignoring
        raft2026/09/05 18:23:42 INFO: entry at index 636 missing from unstable log; ignoring
        raft2026/09/05 18:23:42 INFO: entry at index 636 missing from unstable log; ignoring
        raft2026/09/05 18:23:42 INFO: entry at index 636 missing from unstable log; ignoring
        raft2026/09/05 18:23:43 INFO: entry at index 638 missing from unstable log; ignoring
        raft2026/09/05 18:23:43 INFO: entry at index 638 missing from unstable log; ignoring
        raft2026/09/05 18:23:43 INFO: entry at index 639 missing from unstable log; ignoring
        raft2026/09/05 18:23:44 INFO: entry at index 642 missing from unstable log; ignoring
        raft2026/09/05 18:23:44 INFO: entry at index 642 missing from unstable log; ignoring
        raft2026/09/05 18:23:44 INFO: entry at index 642 missing from unstable log; ignoring
        raft2026/09/05 18:23:45 INFO: entry at index 644 missing from unstable log; ignoring
        raft2026/09/05 18:23:46 INFO: entry at index 645 missing from unstable log; ignoring
        raft2026/09/05 18:23:46 INFO: entry at index 646 missing from unstable log; ignoring
        raft2026/09/05 18:23:46 INFO: entry at index 648 missing from unstable log; ignoring
        raft2026/09/05 18:23:48 INFO: entry at index 650 missing from unstable log; ignoring
        raft2026/09/05 18:23:49 INFO: entry at index 652 missing from unstable log; ignoring
        raft2026/09/05 18:23:53 INFO: entry at index 654 missing from unstable log; ignoring
        raft2026/09/05 18:23:54 INFO: entry at index 656 missing from unstable log; ignoring
        raft2026/09/05 18:23:56 INFO: entry at index 657 missing from unstable log; ignoring
        raft2026/09/05 18:23:56 INFO: entry at index 657 missing from unstable log; ignoring
        raft2026/09/05 18:23:56 INFO: entry at index 657 missing from unstable log; ignoring
        raft2026/09/05 18:23:56 INFO: entry at
    serve_rf3_fault_process_test.go:770: member 3 process diagnostics:
        === RUN   TestServeRF3CommandProcessHelper
        raft2026/09/05 18:21:31 INFO: 3 switched to configuration voters=(1 2 3)
        raft2026/09/05 18:21:31 INFO: 3 became follower at term 1
        raft2026/09/05 18:21:31 INFO: newRaft 3 [peers: [1,2,3], term: 1, commit: 1, applied: 1, lastindex: 1, lastterm: 1]
        vibedb-shard RF3 ready distribution="catalog" shard="controlplane" member=3 replica-set=1 peer=127.0.0.1:36653 native=127.0.0.1:37395 snapshot=127.0.0.1:38235 control=127.0.0.1:34279 gateway=disabled
        raft2026/09/05 18:21:32 INFO: 3 is starting a new election at term 1
        raft2026/09/05 18:21:32 INFO: 3 became pre-candidate at term 1
        raft2026/09/05 18:21:32 INFO: 3 [logterm: 1, index: 1] sent MsgPreVote request to 1 at term 1
        raft2026/09/05 18:21:32 INFO: 3 [logterm: 1, index: 1] sent MsgPreVote request to 2 at term 1
        raft2026/09/05 18:21:32 INFO: 3 received MsgPreVoteResp from 3 at term 1
        raft2026/09/05 18:21:32 INFO: 3 has received 1 MsgPreVoteResp votes and 0 vote rejections
        raft2026/09/05 18:21:32 INFO: 3 [logterm: 1, index: 1, vote: 0] cast MsgPreVote for 2 [logterm: 1, index: 1] at term 1
        raft2026/09/05 18:21:32 INFO: 3 received MsgPreVoteResp from 2 at term 1
        raft2026/09/05 18:21:32 INFO: 3 has received 2 MsgPreVoteResp votes and 0 vote rejections
        raft2026/09/05 18:21:32 INFO: 3 became candidate at term 2
        raft2026/09/05 18:21:32 INFO: 3 [logterm: 1, index: 1] sent MsgVote request to 1 at term 2
        raft2026/09/05 18:21:32 INFO: 3 [logterm: 1, index: 1] sent MsgVote request to 2 at term 2
        raft2026/09/05 18:21:32 INFO: 3 [logterm: 1, index: 1, vote: 3] rejected MsgVote from 2 [logterm: 1, index: 1] at term 2
        raft2026/09/05 18:21:32 INFO: 3 received MsgVoteResp rejection from 2 at term 2
        raft2026/09/05 18:21:32 INFO: 3 has received 0 MsgVoteResp votes and 1 vote rejections
        raft2026/09/05 18:21:32 INFO: 3 received MsgVoteResp from 3 at term 2
        raft2026/09/05 18:21:32 INFO: 3 has received 1 MsgVoteResp votes and 1 vote rejections
        raft2026/09/05 18:21:32 INFO: 3 received MsgVoteResp from 1 at term 2
        raft2026/09/05 18:21:32 INFO: 3 has received 2 MsgVoteResp votes and 1 vote rejections
        raft2026/09/05 18:21:32 INFO: 3 became leader at term 2
        raft2026/09/05 18:21:32 INFO: entry at index 6 missing from unstable log; ignoring
        raft2026/09/05 18:21:32 INFO: entry at index 8 missing from unstable log; ignoring
        raft2026/09/05 18:21:32 INFO: entry at index 10 missing from unstable log; ignoring
        raft2026/09/05 18:21:32 INFO: entry at index 12 missing from unstable log; ignoring
        raft2026/09/05 18:21:32 INFO: entry at index 14 missing from unstable log; ignoring
        raft2026/09/05 18:21:32 INFO: entry at index 16 missing from unstable log; ignoring
        raft2026/09/05 18:21:32 INFO: entry at index 18 missing from unstable log; ignoring
        raft2026/09/05 18:21:32 INFO: entry at index 20 missing from unstable log; ignoring
        raft2026/09/05 18:21:32 INFO: entry at index 22 missing from unstable log; ignoring
        raft2026/09/05 18:21:32 INFO: entry at index 24 missing from unstable log; ignoring
        raft2026/09/05 18:21:32 INFO: entry at index 26 missing from unstable log; ignoring
        raft2026/09/05 18:21:32 INFO: entry at index 28 missing from unstable log; ignoring
        raft2026/09/05 18:21:32 INFO: entry at index 30 missing from unstable log; ignoring
        raft2026/09/05 18:21:32 INFO: entry at index 32 missing from unstable log; ignoring
        raft2026/09/05 18:21:32 INFO: entry at index 34 missing from unstable log; ignoring
        raft2026/09/05 18:21:32 INFO: entry at index 36 missing from unstable log; ignoring
        raft2026/09/05 18:21:32 INFO: entry at index 38 missing from unstable log; ignoring
        raft2026/09/05 18:21:32 INFO: entry at index 40 missing from unstable log; ignoring
        raft2026/09/05 18:21:32 INFO: entry at index 42 missing from unstable log; ignoring
        raft2026/09/05 18:21:32 INFO: entry at index 44 missing from unstable log; ignoring
        raft2026/09/05 18:21:32 INFO: entry at index 46 missing from unstable log; ignoring
        raft2026/09/05 18:21:32 INFO: entry at index 48 missing from unstable log; ignoring
        raft2026/09/05 18:21:32 INFO: entry at index 50 missing from unstable log; ignoring
        raft2026/09/05 18:21:32 INFO: entry at index 52 missing from unstable log; ignoring
        raft2026/09/05 18:21:32 INFO: entry at index 54 missing from unstable log; ignoring
        raft2026/09/05 18:21:32 INFO: entry at index 56 missing from unstable log; ignoring
        raft2026/09/05 18:21:32 INFO: entry at index 58 missing from unstable log; ignoring
        raft2026/09/05 18:21:32 INFO: entry at index 60 missing from unstable log; ignoring
        raft2026/09/05 18:21:32 INFO: entry at index 62 missing from unstable log; ignoring
        raft2026/09/05 18:21:32 INFO: entry at index 64 missing from unstable log; ignoring
        raft2026/09/05 18:21:32 INFO: entry at index 66 missing from unstable log; ignoring
        raft2026/09/05 18:21:33 INFO: entry at index 68 missing from unstable log; ignoring
        raft2026/09/05 18:21:33 INFO: entry at index 72 missing from unstable log; ignoring
        raft2026/09/05 18:21:33 INFO: entry at index 74 missing from unstable log; ignoring
        raft2026/09/05 18:21:33 INFO: entry at index 76 missing from unstable log; ignoring
        raft2026/09/05 18:21:33 INFO: entry at index 78 missing from unstable log; ignoring
        raft2026/09/05 18:21:33 INFO: entry at index 82 missing from unstable log; ignoring
        raft2026/09/05 18:21:33 INFO: entry at index 84 missing from unstable log; ignoring
        raft2026/09/05 18:21:33 INFO: entry at index 86 missing from unstable log; ignoring
        raft2026/09/05 18:21:33 INFO: entry at index 88 missing from unstable log; ignoring
        raft2026/09/05 18:21:33 INFO: entry at index 90 missing from unstable log; ignoring
        raft2026/09/05 18:21:33 INFO: entry at index 92 missing from unstable log; ignoring
        raft2026/09/05 18:21:33 INFO: entry at index 94 missing from unstable log; ignoring
        raft2026/09/05 18:21:33 INFO: entry at index 98 missing from unstable log; ignoring
        raft2026/09/05 18:21:33 INFO: entry at index 102 missing from unstable log; ignoring
        raft2026/09/05 18:21:33 INFO: entry at index 108 missing from unstable log; ignoring
        raft2026/09/05 18:21:33 INFO: entry at index 110 missing from unstable log; ignoring
        raft2026/09/05 18:21:33 INFO: entry at index 112 missing from unstable log; ignoring
        raft2026/09/05 18:21:33 INFO: entry at index 114 missing from unstable log; ignoring
        raft2026/09/05 18:21:33 INFO: entry at index 114 missing from unstable log; ignoring
        raft2026/09/05 18:21:33 INFO: entry at index 118 missing from unstable log; ignoring
        raft2026/09/05 18:21:33 INFO: entry at index 120 missing from unstable log; ignoring
        raft2026/09/05 18:21:33 INFO: entry at index 122 missing from unstable log; ignoring
        raft2026/09/05 18:21:33 INFO: entry at index 124 missing from unstable log; ignoring
        raft2026/09/05 18:21:33 INFO: entry at index 126 missing from unstable log; ignoring
        raft2026/09/05 18:21:33 INFO: entry at index 130 missing from unstable log; ignoring
        raft2026/09/05 18:21:33 INFO: entry at index 132 missing from unstable log; ignoring
        raft2026/09/05 18:21:33 INFO: entry at index 136 missing from unstable log; ignoring
        raft2026/09/05 18:21:33 INFO: entry at index 138 missing from unstable log; ignoring
        raft2026/09/05 18:21:34 INFO: entry at index 142 missing from unstable log; ignoring
        raft2026/09/05 18:21:34 INFO: entry at index 144 missing from unstable log; ignoring
        raft2026/09/05 18:21:34 INFO: entry at index 148 missing from unstable log; ignoring
        raft2026/09/05 18:21:34 INFO: entry at index 150 missing from unstable log; ignoring
        raft2026/09/05 18:21:34 INFO: entry at index 152 missing from unstable log; ignoring
        raft2026/09/05 18:21:34 INFO: entry at index 154 missing from unstable log; ignoring
        raft2026/09/05 18:21:34 INFO: entry at index 158 missing from unstable log; ignoring
        raft2026/09/05 18:21:34 INFO: entry at index 162 missing from unstable log; ignoring
        raft2026/09/05 18:21:34 INFO: entry at index 164 missing from unstable log; ignoring
        raft2026/09/05 18:21:34 INFO: entry at index 166 missing from unstable log; ignoring
        raft2026/09/05 18:21:34 INFO: entry at index 170 missing from unstable log; ignoring
        raft2026/09/05 18:21:34 INFO: entry at index 172 missing from unstable log; ignoring
        raft2026/09/05 18:21:34 INFO: entry at index 174 missing from unstable log; ignoring
        raft2026/09/05 18:21:34 INFO: entry at index 176 missing from unstable log; ignoring
        raft2026/09/05 18:21:34 INFO: entry at index 178 missing from unstable log; ignoring
        raft2026/09/05 18:21:34 INFO: entry at index 182 missing from unstable log; ignoring
        raft2026/09/05 18:21:34 INFO: entry at index 184 missing from unstable log; ignoring
        raft2026/09/05 18:21:34 INFO: entry at index 186 missing from unstable log; ignoring
        raft2026/09/05 18:21:35 INFO: entry at index 190 missing from unstable log; ignoring
        raft2026/09/05 18:21:35 INFO: entry at index 194 missing from unstable log; ignoring
        raft2026/09/05 18:21:35 INFO: entry at index 198 missing from unstable log; ignoring
        raft2026/09/05 18:21:35 INFO: entry at index 204 missing from unstable log; ignoring
        raft2026/09/05 18:21:35 INFO: entry at index 206 missing from unstable log; ignoring
        raft2026/09/05 18:21:35 INFO: entry at index 210 missing from unstable log; ignoring
        raft2026/09/05 18:21:35 INFO: entry at index 212 missing from unstable log; ignoring
        raft2026/09/05 18:21:36 INFO: entry at index 214 missing from unstable log; ignoring
        raft2026/09/05 18:21:36 INFO: entry at index 220 missing from unstable log; ignoring
        raft2026/09/05 18:21:36 INFO: entry at index 222 missing from unstable log; ignoring
        raft2026/09/05 18:21:36 INFO: entry at index 226 missing from unstable log; ignoring
        raft2026/09/05 18:21:36 INFO: entry at index 228 missing from unstable log; ignoring
        raft2026/09/05 18:21:36 INFO: entry at index 230 missing from unstable log; ignoring
        raft2026/09/05 18:21:36 INFO: entry at index 234 missing from unstable log; ignoring
        raft2026/09/05 18:21:36 INFO: entry at index 236 missing from unstable log; ignoring
        raft2026/09/05 18:21:36 INFO: entry at index 238 missing from unstable log; ignoring
        raft2026/09/05 18:21:36 INFO: entry at index 240 missing from unstable log; ignoring
        raft2026/09/05 18:21:37 INFO: entry at index 242 missing from unstable log; ignoring
        raft2026/09/05 18:21:37 INFO: entry at index 244 missing from unstable log; ignoring
        raft2026/09/05 18:21:37 INFO: entry at index 246 missing from unstable log; ignoring
        raft2026/09/05 18:21:37 INFO: entry at index 248 missing from unstable log; ignoring
        raft2026/09/05 18:21:37 INFO: entry at index 250 missing from unstable log; ignoring
        raft2026/09/05 18:21:37 INFO: entry at index 252 missing from unstable log; ignoring
        raft2026/09/05 18:21:37 INFO: entry at index 254 missing from unstable log; ignoring
        raft2026/09/05 18:21:37 INFO: entry at index 260 missing from unstable log; ignoring
        raft2026/09/05 18:21:37 INFO: entry at index 262 missing from unstable log; ignoring
        raft2026/09/05 18:21:38 INFO: entry at index 266 missing from unstable log; ignoring
        raft2026/09/05 18:21:38 INFO: entry at index 268 missing from unstable log; ignoring
        raft2026/09/05 18:21:38 INFO: entry at index 270 missing from unstable log; ignoring
        raft2026/09/05 18:21:38 INFO: entry at index 272 missing from unstable log; ignoring
        raft2026/09/05 18:21:38 INFO: entry at index 274 missing from unstable log; ignoring
        raft2026/09/05 18:21:38 INFO: entry at index 276 missing from unstable log; ignoring
        raft2026/09/05 18:21:38 INFO: entry at index 278 missing from unstable log; ignoring
        raft2026/09/05 18:21:38 INFO: entry at index 280 missing from unstable log; ignoring
        raft2026/09/05 18:21:38 INFO: entry at index 282 missing from unstable log; ignoring
        raft2026/09/05 18:21:39 INFO: entry at index 284 missing from unstable log; ignoring
        raft2026/09/05 18:21:39 INFO: entry at index 286 missing from unstable log; ignoring
        raft2026/09/05 18:21:39 INFO: entry at index 288 missing from unstable log; ignoring
        raft2026/09/05 18:21:39 INFO: entry at index 290 missing from unstable log; ignoring
        raft2026/09/05 18:21:39 INFO: entry at index 292 missing from unstable log; ignoring
        raft2026/09/05 18:21:39 INFO: entry at index 294 missing from unstable log; ignoring
        raft2026/09/05 18:21:39 INFO: entry at index 298 missing from unstable log; ignoring
        raft2026/09/05 18:21:40 INFO: entry at index 302 missing from unstable log; ignoring
        raft2026/09/05 18:21:40 INFO: entry at index 302 missing from unstable log; ignoring
        raft2026/09/05 18:21:40 INFO: entry at index 308 missing from unstable log; ignoring
        raft2026/09/05 18:21:41 INFO: entry at index 310 missing from unstable log; ignoring
        raft2026/09/05 18:21:41 INFO: entry at index 318 missing from unstable log; ignoring
        raft2026/09/05 18:21:41 INFO: entry at index 322 missing from unstable log; ignoring
        raft2026/09/05 18:21:42 INFO: entry at index 326 missing from unstable log; ignoring
        raft2026/09/05 18:21:42 INFO: entry at index 330 missing from unstable log; ignoring
        raft2026/09/05 18:21:42 INFO: entry at index 334 missing from unstable log; ignoring
        raft2026/09/05 18:21:43 INFO: entry at index 338 missing from unstable log; ignoring
        raft2026/09/05 18:21:43 INFO: entry at index 338 missing from unstable log; ignoring
        raft2026/09/05 18:21:43 INFO: entry at index 340 missing from unstable log; ignoring
        raft2026/09/05 18:21:43 INFO: entry at index 340 missing from unstable log; ignoring
        raft2026/09/05 18:21:43 INFO: entry at index 342 missing from unstable log; ignoring
        raft2026/09/05 18:21:43 INFO: entry at index 344 missing from unstable log; ignoring
        raft2026/09/05 18:21:44 INFO: entry at index 346 missing from unstable log; ignoring
        raft2026/09/05 18:21:44 INFO: entry at index 348 missing from unstable log; ignoring
        raft2026/09/05 18:21:44 INFO: entry at index 350 missing from unstable log; ignoring
        raft2026/09/05 18:21:46 INFO: entry at index 358 missing from unstable log; ignoring
        raft2026/09/05 18:21:46 INFO: entry at index 360 missing from unstable log; ignoring
        raft2026/09/05 18:21:47 INFO: entry at index 364 missing from unstable log; ignoring
        raft2026/09/05 18:21:48 INFO: entry at index 366 missing from unstable log; ignoring
        raft2026/09/05 18:21:49 INFO: entry at index 368 missing from unstable log; ignoring
        raft2026/09/05 18:21:50 INFO: entry at index 370 missing from unstable log; ignoring
        raft2026/09/05 18:21:50 INFO: entry at index 370 missing from unstable log; ignoring
        raft2026/09/05 18:21:51 INFO: entry at index 374 missing from unstable log; ignoring
        raft2026/09/05 18:21:52 INFO: entry at index 376 missing from unstable log; ignoring
        raft2026/09/05 18:21:52 INFO: entry at index 378 missing from unstable log; ignoring
        raft2026/09/05 18:21:53 INFO: entry at index 386 missing from unstable log; ignoring
        raft2026/09/05 18:21:55 INFO: entry at index 392 missing from unstable log; ignoring
        raft2026/09/05 18:21:56 INFO: entry at index 394 missing from unstable log; ignoring
        raft2026/09/05 18:21:58 INFO: entry at index 398 missing from unstable log; ignoring
        raft2026/09/05 18:21:59 INFO: entry at index 400 missing from unstable log; ignoring
        raft2026/09/05 18:22:00 INFO: entry at index 402 missing from unstable log; ignoring
        raft2026/09/05 18:22:01 INFO: entry at index 404 missing from unstable log; ignoring
        raft2026/09/05 18:22:02 INFO: entry at index 406 missing from unstable log; ignoring
        raft2026/09/05 18:22:03 INFO: entry at index 408 missing from unstable log; ignoring
        raft2026/09/05 18:22:04 INFO: entry at index 410 missing from unstable log; ignoring
        raft2026/09/05 18:22:06 INFO: entry at index 414 missing from unstable log; ignoring
        raft2026/09/05 18:22:06 INFO: entry at index 416 missing from unstable log; ignoring
        raft2026/09/05 18:22:07 INFO: entry at index 418 missing from unstable log; ignoring
        raft2026/09/05 18:22:07 INFO: entry at index 420 missing from unstable log; ignoring
        raft2026/09/05 18:22:08 INFO: entry at index 422 missing from unstable log; ignoring
        raft2026/09/05 18:22:08 INFO: entry at index 424 missing from unstable log; ignoring
        raft2026/09/05 18:22:09 INFO: entry at index 426 missing from unstable log; ignoring
        raft2026/09/05 18:22:10 INFO: entry at index 430 missing from unstable log; ignoring
        raft2026/09/05 18:22:11 INFO: entry at index 432 missing from unstable log; ignoring
        raft2026/09/05 18:22:12 INFO: entry at index 434 missing from unstable log; ignoring
        raft2026/09/05 18:22:13 INFO: entry at index 440 missing from unstable log; ignoring
        raft2026/09/05 18:22:13 INFO: entry at index 442 missing from unstable log; ignoring
        raft2026/09/05 18:22:14 INFO: entry at index 444 missing from unstable log; ignoring
        raft2026/09/05 18:22:14 INFO: entry at index 446 missing from unstable log; ignoring
        raft2026/09/05 18:22:15 INFO: entry at index 448 missing from unstable log; ignoring
        raft2026/09/05 18:22:15 INFO: entry at index 450 missing from unstable log; ignoring
        raft2026/09/05 18:22:15 INFO: entry at index 452 missing from unstable log; ignoring
        raft2026/09/05 18:22:16 INFO: entry at index 454 missing from unstable log; ignoring
        raft2026/09/05 18:22:16 INFO: entry at index 458 missing from unstable log; ignoring
        raft2026/09/05 18:22:16 INFO: entry at index 460 missing from unstable log; ignoring
        raft2026/09/05 18:22:17 INFO: entry at index 462 missing from unstable log; ignoring
        raft2026/09/05 18:22:18 INFO: entry at index 466 missing from unstable log; ignoring
        raft2026/09/05 18:22:19 INFO: entry at index 470 missing from unstable log; ignoring
        raft2026/09/05 18:22:20 INFO: entry at index 472 missing from unstable log; ignoring
        raft2026/09/05 18:22:20 INFO: entry at index 474 missing from unstable log; ignoring
        raft2026/09/05 18:22:20 INFO: entry at index 478 missing from unstable log; ignoring
        raft2026/09/05 18:22:23 INFO: entry at index 486 missing from unstable log; ignoring
        raft2026/09/05 18:22:25 INFO: entry at index 488 missing from unstable log; ignoring
        raft2026/09/05 18:22:25 INFO: entry at index 490 missing from unstable log; ignoring
        raft2026/09/05 18:22:28 INFO: entry at index 494 missing from unstable log; ignoring
        raft2026/09/05 18:22:30 INFO: entry at index 496 missing from unstable log; ignoring
        raft2026/09/05 18:22:31 INFO: entry at index 498 missing from unstable log; ignoring
        raft2026/09/05 18:22:34 INFO: entry at index 502 missing from unstable log; ignoring
        raft2026/09/05 18:22:35 INFO: entry at index 504 missing from unstable log; ignoring
        raft2026/09/05 18:22:36 INFO: entry at index 506 missing from unstable log; ignoring
        raft2026/09/05 18:22:38 INFO: entry at index 510 missing from unstable log; ignoring
        raft2026/09/05 18:22:40 INFO: entry at index 514 missing from unstable log; ignoring
        raft2026/09/05 18:22:41 INFO: entry at index 516 missing from unstable log; ignoring
        raft2026/09/05 18:22:42 INFO: entry at index 518 missing from unstable log; ignoring
        raft2026/09/05 18:22:43 INFO: entry at index 520 missing from unstable log; ignoring
        raft2026/09/05 18:22:47 INFO: entry at index 526 missing from unstable log; ignoring
        raft2026/09/05 18:22:50 INFO: entry at index 532 missing from unstable log; ignoring
        raft2026/09/05 18:22:51 INFO: entry at index 534 missing from unstable log; ignoring
        raft2026/09/05 18:22:53 INFO: entry at index 540 missing from unstable log; ignoring
        raft2026/09/05 18:22:54 INFO: entry at index 542 missing from unstable log; ignoring
        raft2026/09/05 18:22:54 INFO: entry at index 544 missing from unstable log; ignoring
        raft2026/09/05 18:22:55 INFO: entry at index 546 missing from unstable log; ignoring
        raft2026/09/05 18:22:56 INFO: entry at index 548 missing from unstable log; ignoring
        raft2026/09/05 18:22:57 INFO: entry at index 550 missing from unstable log; ignoring
        raft2026/09/05 18:22:58 INFO: entry at index 552 missing from unstable log; ignoring
        raft2026/09/05 18:22:59 INFO: entry at index 554 missing from unstable log; ignoring
        raft2026/09/05 18:23:03 INFO: entry at index 556 missing from unstable log; ignoring
        raft2026/09/05 18:23:04 INFO: entry at index 558 missing from unstable log; ignoring
        raft2026/09/05 18:23:05 INFO: entry at index 560 missing from unstable log; ignoring
        raft2026/09/05 18:23:09 INFO: entry at index 562 missing from unstable log; ignoring
        raft2026/09/05 18:23:09 INFO: entry at index 564 missing from unstable log; ignoring
        raft2026/09/05 18:23:10 INFO: entry at index 566 missing from unstable log; ignoring
        raft2026/09/05 18:23:11 INFO: entry at index 570 missing from unstable log; ignoring
        raft2026/09/05 18:23:12 INFO: entry at index 572 missing from unstable log; ignoring
        raft2026/09/05 18:23:15 INFO: entry at index 576 missing from unstable log; ignoring
        raft2026/09/05 18:23:16 INFO: entry at index 578 missing from unstable log; ignoring
        raft2026/09/05 18:23:20 INFO: entry at index 580 missing from unstable log; ignoring
        raft2026/09/05 18:23:22 INFO: entry at index 582 missing from unstable log; ignoring
        raft2026/09/05 18:23:24 INFO: entry at index 584 missing from unstable log; ignoring
        raft2026/09/05 18:23:25 INFO: entry at index 586 missing from unstable log; ignoring
        raft2026/09/05 18:23:26 INFO: entry at index 590 missing from unstable log; ignoring
        raft2026/09/05 18:23:29 INFO: entry at index 596 missing from unstable log; ignoring
        raft2026/09/05 18:23:29 INFO: entry at index 598 missing from unstable log; ignoring
        raft2026/09/05 18:23:30 INFO: entry at index 602 missing from unstable log; ignoring
        raft2026/09/05 18:23:31 INFO: entry at index 604 missing from unstable log; ignoring
        raft2026/09/05 18:23:31 INFO: entry at index 606 missing from unstable log; ignoring
        raft2026/09/05 18:23:32 INFO: entry at index 608 missing from unstable log; ignoring
        raft2026/09/05 18:23:32 INFO: entry at index 608 missing from unstable log; ignoring
        raft2026/09/05 18:23:32 INFO: entry at index 610 missing from unstable log; ignoring
        raft2026/09/05 18:23:33 INFO: entry at index 612 missing from unstable log; ignoring
        raft2026/09/05 18:23:33 INFO: entry at index 614 missing from unstable log; ignoring
        raft2026/09/05 18:23:34 INFO: entry at index 616 missing from unstable log; ignoring
        raft2026/09/05 18:23:35 INFO: entry at index 620 missing from unstable log; ignoring
        raft2026/09/05 18:23:36 INFO: entry at index 622 missing from unstable log; ignoring
        raft2026/09/05 18:23:37 INFO: entry at index 626 missing from unstable log; ignoring
        raft2026/09/05 18:23:38 INFO: entry at index 630 missing from unstable log; ignoring
        raft2026/09/05 18:23:40 INFO: entry at index 632 missing from unstable log; ignoring
        raft2026/09/05 18:23:41 INFO: entry at index 634 missing from unstable log; ignoring
        raft2026/09/05 18:23:43 INFO: entry at index 638 missing from unstable log; ignoring
        raft2026/09/05 18:23:43 INFO: entry at index 640 missing from unstable log; ignoring
        raft2026/09/05 18:23:44 INFO: entry at index 642 missing from unstable log; ignoring
        raft2026/09/05 18:23:45 INFO: entry at index 646 missing from unstable log; ignoring
        raft2026/09/05 18:23:46 INFO: entry at index 648 missing from unstable log; ignoring
        raft2026/09/05 18:23:48 INFO: entry at index 650 missing from unstable log; ignoring
        raft2026/09/05 18:23:52 INFO: entry at index 654 missing from unstable log; ignoring
        raft2026/09/05 18:23:54 INFO: entry at index 656 missing from unstable log; ignoring
        raft2026/09/05 18:23:55 INFO: entry at index 658 missing from unstable log; ignoring
        raft2026/09/05 18:23:56 INFO: entry at index 660 missing from unstable log; ignoring
        raft2026/09/05 18:23:58 INFO: entry at index 662 missing from unstable log; ignoring
        raft2026/09/05 18:23:58 INFO: entry at index 664 missing from unstable log; ignoring
        raft2026/09/05 18:23:59 INFO: entry at index 666 missing from unstable log; ignoring
        raft2026/09/05 18:23:59 INFO: entry at index 666 missing from unstable log; ignoring
        raft2026/09/05 18:24:01 INFO: entry at index 670 missing from unstable log; ignoring
        raft2026/09/05 18:24:01 INFO: entry at index 672 missing from unstable log; ignoring
        raft2026/09/05 18:24:02 INFO: entry at index 674 missing from unstable log; ignoring
        raft2026/09/05 18:24:03 INFO: entry at index 676 missing from unstable log; ignoring
        raft2026/09/05 18:24:03 INFO: entry at index 676 missing from unstable log; ignoring
        raft2026/09/05 18:24:04 INFO: entry at index 678 missing from unstable log; ignoring
        raft2026/09/05 18:24:05 INFO: entry at index 680 missing from unstable log; ignoring
        raft2026/09/05 18:24:05 WARN: 3 stepped down to follower since quorum is not active
        raft2026/09/05 18:24:05 INFO: 3 became follower at term 2
        raft2026/09/05 18:24:06 INFO: 3 is starting a new election at term 2
        raft2026/09/05 18:24:06 INFO: 3 became pre-candidate at term 2
        raft2026/09/05 18:24:06 INFO: 3 [logterm: 2, index: 682] sent MsgPreVote request to 1 at term 2
        raft2026/09/05 18:24:06 INFO: 3 [logterm: 2, index: 682] sent MsgPreVote request to 2 at term 2
        raft2026/09/05 18:24:07 INFO: 3 received MsgPreVoteResp from 3 at term 2
        raft2026/09/05 18:24:07 INFO: 3 has received 1 MsgPreVoteResp votes and 0 vote rejections
        raft2026/09/05 18:24:07 INFO: entry at index 682 missing from unstable log; ignoring
        raft2026/09/05 18:24:07 INFO: 3 is starting a new election at term 2
        raft2026/09/05 18:24:07 INFO: 3 became pre-candidate at term 2
        raft2026/09/05 18:24:07 INFO: 3 [logterm: 2, index: 682] sent MsgPreVote request to 1 at term 2
        raft2026/09/05 18:24:07 INFO: 3 [logterm: 2, index: 682] sent MsgPreVote request to 2 at term 2
        raft2026/09/05 18:24:07 INFO: 3 received MsgPreVoteResp from 3 at term 2
        raft2026/09/05 18:24:07 INFO: 3 has received 1 MsgPreVoteResp votes and 0 vote rejections
--- FAIL: TestServeRF3NodeSpaceQualification (157.13s)
FAIL
