race distributed	Distributed serving race tests	﻿2026-09-05T14:11:57.5838482Z ##[group]Run go test -race -p=4 -count=1 -timeout=30m ./gateway ./internal/multiraft ./internal/snapshottransfer ./internal/raftservice ./internal/replicatedstate
race distributed	Distributed serving race tests	2026-09-05T14:11:57.5839526Z [36;1mgo test -race -p=4 -count=1 -timeout=30m ./gateway ./internal/multiraft ./internal/snapshottransfer ./internal/raftservice ./internal/replicatedstate[0m
race distributed	Distributed serving race tests	2026-09-05T14:11:57.5861138Z shell: /usr/bin/bash -e {0}
race distributed	Distributed serving race tests	2026-09-05T14:11:57.5861389Z env:
race distributed	Distributed serving race tests	2026-09-05T14:11:57.5861672Z   GOEXPERIMENT: simd
race distributed	Distributed serving race tests	2026-09-05T14:11:57.5861905Z   GOTOOLCHAIN: local
race distributed	Distributed serving race tests	2026-09-05T14:11:57.5862158Z ##[endgroup]
race distributed	Distributed serving race tests	2026-09-05T14:16:14.9941790Z ok  	github.com/thesyncim/vibedb/gateway	227.179s
race distributed	Distributed serving race tests	2026-09-05T14:16:14.9943391Z ok  	github.com/thesyncim/vibedb/internal/multiraft	18.387s
race distributed	Distributed serving race tests	2026-09-05T14:16:14.9944186Z ok  	github.com/thesyncim/vibedb/internal/snapshottransfer	42.283s
race distributed	Distributed serving race tests	2026-09-05T14:16:14.9944957Z raft2026/09/05 14:12:29 INFO: 1 switched to configuration voters=(1 2 3)
race distributed	Distributed serving race tests	2026-09-05T14:16:14.9945604Z raft2026/09/05 14:12:29 INFO: 1 became follower at term 1
race distributed	Distributed serving race tests	2026-09-05T14:16:14.9946602Z raft2026/09/05 14:12:29 INFO: newRaft 1 [peers: [1,2,3], term: 1, commit: 1, applied: 1, lastindex: 1, lastterm: 1]
race distributed	Distributed serving race tests	2026-09-05T14:16:14.9947304Z raft2026/09/05 14:12:29 INFO: 1 switched to configuration voters=(1 2 3)
race distributed	Distributed serving race tests	2026-09-05T14:16:14.9947825Z raft2026/09/05 14:12:29 INFO: 1 became follower at term 1
race distributed	Distributed serving race tests	2026-09-05T14:16:14.9948473Z raft2026/09/05 14:12:29 INFO: newRaft 1 [peers: [1,2,3], term: 1, commit: 1, applied: 1, lastindex: 1, lastterm: 1]
race distributed	Distributed serving race tests	2026-09-05T14:16:14.9949245Z raft2026/09/05 14:12:31 INFO: 2 switched to configuration voters=(1 2 3)
race distributed	Distributed serving race tests	2026-09-05T14:16:14.9949824Z raft2026/09/05 14:12:31 INFO: 2 became follower at term 1
race distributed	Distributed serving race tests	2026-09-05T14:16:14.9950371Z raft2026/09/05 14:12:31 INFO: newRaft 2 [peers: [1,2,3], term: 1, commit: 1, applied: 1, lastindex: 1, lastterm: 1]
race distributed	Distributed serving race tests	2026-09-05T14:16:14.9951041Z raft2026/09/05 14:12:32 INFO: 2 switched to configuration voters=(1 2 3)
race distributed	Distributed serving race tests	2026-09-05T14:16:14.9951522Z raft2026/09/05 14:12:32 INFO: 2 became follower at term 1
race distributed	Distributed serving race tests	2026-09-05T14:16:14.9952376Z raft2026/09/05 14:12:32 INFO: newRaft 2 [peers: [1,2,3], term: 1, commit: 1, applied: 1, lastindex: 1, lastterm: 1]
race distributed	Distributed serving race tests	2026-09-05T14:16:14.9953239Z raft2026/09/05 14:12:34 INFO: 3 switched to configuration voters=(1 2 3)
race distributed	Distributed serving race tests	2026-09-05T14:16:14.9953684Z raft2026/09/05 14:12:34 INFO: 3 became follower at term 1
race distributed	Distributed serving race tests	2026-09-05T14:16:14.9954248Z raft2026/09/05 14:12:34 INFO: newRaft 3 [peers: [1,2,3], term: 1, commit: 1, applied: 1, lastindex: 1, lastterm: 1]
race distributed	Distributed serving race tests	2026-09-05T14:16:14.9954933Z raft2026/09/05 14:12:35 INFO: 3 switched to configuration voters=(1 2 3)
race distributed	Distributed serving race tests	2026-09-05T14:16:14.9955544Z raft2026/09/05 14:12:35 INFO: 3 became follower at term 1
race distributed	Distributed serving race tests	2026-09-05T14:16:14.9956249Z raft2026/09/05 14:12:35 INFO: newRaft 3 [peers: [1,2,3], term: 1, commit: 1, applied: 1, lastindex: 1, lastterm: 1]
race distributed	Distributed serving race tests	2026-09-05T14:16:14.9956908Z raft2026/09/05 14:12:35 INFO: 1 is starting a new election at term 1
race distributed	Distributed serving race tests	2026-09-05T14:16:14.9957514Z raft2026/09/05 14:12:35 INFO: 1 became pre-candidate at term 1
race distributed	Distributed serving race tests	2026-09-05T14:16:14.9958108Z raft2026/09/05 14:12:35 INFO: 1 [logterm: 1, index: 1] sent MsgPreVote request to 2 at term 1
race distributed	Distributed serving race tests	2026-09-05T14:16:14.9958925Z raft2026/09/05 14:12:35 INFO: 1 [logterm: 1, index: 1] sent MsgPreVote request to 3 at term 1
race distributed	Distributed serving race tests	2026-09-05T14:16:14.9960229Z raft2026/09/05 14:12:35 INFO: 2 is starting a new election at term 1
race distributed	Distributed serving race tests	2026-09-05T14:16:14.9960766Z raft2026/09/05 14:12:35 INFO: 2 became pre-candidate at term 1
race distributed	Distributed serving race tests	2026-09-05T14:16:14.9961225Z raft2026/09/05 14:12:35 INFO: 2 [logterm: 1, index: 1] sent MsgPreVote request to 1 at term 1
race distributed	Distributed serving race tests	2026-09-05T14:16:14.9961734Z raft2026/09/05 14:12:35 INFO: 2 [logterm: 1, index: 1] sent MsgPreVote request to 3 at term 1
race distributed	Distributed serving race tests	2026-09-05T14:16:14.9962256Z raft2026/09/05 14:12:35 INFO: 2 received MsgPreVoteResp from 2 at term 1
race distributed	Distributed serving race tests	2026-09-05T14:16:14.9962997Z raft2026/09/05 14:12:35 INFO: 2 has received 1 MsgPreVoteResp votes and 0 vote rejections
race distributed	Distributed serving race tests	2026-09-05T14:16:14.9963567Z raft2026/09/05 14:12:35 INFO: 1 received MsgPreVoteResp from 1 at term 1
race distributed	Distributed serving race tests	2026-09-05T14:16:14.9964573Z raft2026/09/05 14:12:35 INFO: 1 has received 1 MsgPreVoteResp votes and 0 vote rejections
race distributed	Distributed serving race tests	2026-09-05T14:16:14.9965369Z raft2026/09/05 14:12:35 INFO: 2 [logterm: 1, index: 1, vote: 0] cast MsgPreVote for 1 [logterm: 1, index: 1] at term 1
race distributed	Distributed serving race tests	2026-09-05T14:16:14.9966017Z raft2026/09/05 14:12:35 INFO: 3 [logterm: 1, index: 1, vote: 0] cast MsgPreVote for 2 [logterm: 1, index: 1] at term 1
race distributed	Distributed serving race tests	2026-09-05T14:16:14.9966726Z raft2026/09/05 14:12:35 INFO: 1 [logterm: 1, index: 1, vote: 0] cast MsgPreVote for 2 [logterm: 1, index: 1] at term 1
race distributed	Distributed serving race tests	2026-09-05T14:16:14.9967247Z raft2026/09/05 14:12:35 INFO: 2 received MsgPreVoteResp from 1 at term 1
race distributed	Distributed serving race tests	2026-09-05T14:16:14.9967784Z raft2026/09/05 14:12:35 INFO: 2 has received 2 MsgPreVoteResp votes and 0 vote rejections
race distributed	Distributed serving race tests	2026-09-05T14:16:14.9968260Z raft2026/09/05 14:12:35 INFO: 2 became candidate at term 2
race distributed	Distributed serving race tests	2026-09-05T14:16:14.9968718Z raft2026/09/05 14:12:35 INFO: 2 [logterm: 1, index: 1] sent MsgVote request to 1 at term 2
race distributed	Distributed serving race tests	2026-09-05T14:16:14.9970775Z raft2026/09/05 14:12:35 INFO: 2 [logterm: 1, index: 1] sent MsgVote request to 3 at term 2
race distributed	Distributed serving race tests	2026-09-05T14:16:14.9971496Z raft2026/09/05 14:12:35 INFO: 1 received MsgPreVoteResp from 2 at term 1
race distributed	Distributed serving race tests	2026-09-05T14:16:14.9972086Z raft2026/09/05 14:12:35 INFO: 1 has received 2 MsgPreVoteResp votes and 0 vote rejections
race distributed	Distributed serving race tests	2026-09-05T14:16:14.9972558Z raft2026/09/05 14:12:35 INFO: 1 became candidate at term 2
race distributed	Distributed serving race tests	2026-09-05T14:16:14.9973082Z raft2026/09/05 14:12:35 INFO: 1 [logterm: 1, index: 1] sent MsgVote request to 2 at term 2
race distributed	Distributed serving race tests	2026-09-05T14:16:14.9973717Z raft2026/09/05 14:12:35 INFO: 1 [logterm: 1, index: 1] sent MsgVote request to 3 at term 2
race distributed	Distributed serving race tests	2026-09-05T14:16:14.9974389Z raft2026/09/05 14:12:35 INFO: 3 [logterm: 1, index: 1, vote: 0] cast MsgPreVote for 1 [logterm: 1, index: 1] at term 1
race distributed	Distributed serving race tests	2026-09-05T14:16:14.9975051Z raft2026/09/05 14:12:35 INFO: 2 received MsgVoteResp from 2 at term 2
race distributed	Distributed serving race tests	2026-09-05T14:16:14.9976090Z raft2026/09/05 14:12:35 INFO: 2 has received 1 MsgVoteResp votes and 0 vote rejections
race distributed	Distributed serving race tests	2026-09-05T14:16:14.9976726Z raft2026/09/05 14:12:35 INFO: 3 [term: 1] received a MsgVote message with higher term from 2 [term: 2]
race distributed	Distributed serving race tests	2026-09-05T14:16:14.9977345Z raft2026/09/05 14:12:35 INFO: 3 became follower at term 2
race distributed	Distributed serving race tests	2026-09-05T14:16:14.9977892Z raft2026/09/05 14:12:35 INFO: 3 [logterm: 1, index: 1, vote: 0] cast MsgVote for 2 [logterm: 1, index: 1] at term 2
race distributed	Distributed serving race tests	2026-09-05T14:16:14.9978533Z raft2026/09/05 14:12:35 INFO: 1 [term: 1] received a MsgVote message with higher term from 2 [term: 2]
race distributed	Distributed serving race tests	2026-09-05T14:16:14.9979244Z raft2026/09/05 14:12:35 INFO: 1 became follower at term 2
race distributed	Distributed serving race tests	2026-09-05T14:16:14.9979815Z raft2026/09/05 14:12:35 INFO: 1 [logterm: 1, index: 1, vote: 0] cast MsgVote for 2 [logterm: 1, index: 1] at term 2
race distributed	Distributed serving race tests	2026-09-05T14:16:14.9980277Z raft2026/09/05 14:12:35 INFO: 2 is starting a new election at term 1
race distributed	Distributed serving race tests	2026-09-05T14:16:14.9980677Z raft2026/09/05 14:12:35 INFO: 2 became pre-candidate at term 1
race distributed	Distributed serving race tests	2026-09-05T14:16:14.9981063Z raft2026/09/05 14:12:35 INFO: 2 [logterm: 1, index: 1] sent MsgPreVote request to 1 at term 1
race distributed	Distributed serving race tests	2026-09-05T14:16:14.9981546Z raft2026/09/05 14:12:35 INFO: 2 [logterm: 1, index: 1] sent MsgPreVote request to 3 at term 1
race distributed	Distributed serving race tests	2026-09-05T14:16:14.9982073Z raft2026/09/05 14:12:35 INFO: 2 received MsgPreVoteResp from 2 at term 1
race distributed	Distributed serving race tests	2026-09-05T14:16:14.9982493Z raft2026/09/05 14:12:35 INFO: 2 has received 1 MsgPreVoteResp votes and 0 vote rejections
race distributed	Distributed serving race tests	2026-09-05T14:16:14.9983006Z raft2026/09/05 14:12:35 INFO: 3 [logterm: 1, index: 1, vote: 0] cast MsgPreVote for 2 [logterm: 1, index: 1] at term 1
race distributed	Distributed serving race tests	2026-09-05T14:16:14.9983466Z raft2026/09/05 14:12:35 INFO: 2 received MsgPreVoteResp from 3 at term 1
race distributed	Distributed serving race tests	2026-09-05T14:16:14.9983899Z raft2026/09/05 14:12:35 INFO: 2 has received 2 MsgPreVoteResp votes and 0 vote rejections
race distributed	Distributed serving race tests	2026-09-05T14:16:14.9984280Z raft2026/09/05 14:12:35 INFO: 2 became candidate at term 2
race distributed	Distributed serving race tests	2026-09-05T14:16:14.9984952Z raft2026/09/05 14:12:35 INFO: 2 [logterm: 1, index: 1] sent MsgVote request to 1 at term 2
race distributed	Distributed serving race tests	2026-09-05T14:16:14.9985408Z raft2026/09/05 14:12:35 INFO: 2 [logterm: 1, index: 1] sent MsgVote request to 3 at term 2
race distributed	Distributed serving race tests	2026-09-05T14:16:14.9985851Z raft2026/09/05 14:12:35 INFO: 3 is starting a new election at term 1
race distributed	Distributed serving race tests	2026-09-05T14:16:14.9986287Z raft2026/09/05 14:12:35 INFO: 3 became pre-candidate at term 1
race distributed	Distributed serving race tests	2026-09-05T14:16:14.9986715Z raft2026/09/05 14:12:35 INFO: 3 [logterm: 1, index: 1] sent MsgPreVote request to 1 at term 1
race distributed	Distributed serving race tests	2026-09-05T14:16:14.9987157Z raft2026/09/05 14:12:35 INFO: 3 [logterm: 1, index: 1] sent MsgPreVote request to 2 at term 1
race distributed	Distributed serving race tests	2026-09-05T14:16:14.9987572Z raft2026/09/05 14:12:35 INFO: 3 received MsgPreVoteResp from 3 at term 1
race distributed	Distributed serving race tests	2026-09-05T14:16:14.9988009Z raft2026/09/05 14:12:35 INFO: 3 has received 1 MsgPreVoteResp votes and 0 vote rejections
race distributed	Distributed serving race tests	2026-09-05T14:16:14.9988430Z raft2026/09/05 14:12:35 INFO: 2 is starting a new election at term 2
race distributed	Distributed serving race tests	2026-09-05T14:16:14.9988836Z raft2026/09/05 14:12:35 INFO: 2 became pre-candidate at term 2
race distributed	Distributed serving race tests	2026-09-05T14:16:14.9989430Z raft2026/09/05 14:12:35 INFO: 2 [logterm: 1, index: 1] sent MsgPreVote request to 1 at term 2
race distributed	Distributed serving race tests	2026-09-05T14:16:14.9989953Z raft2026/09/05 14:12:35 INFO: 2 [logterm: 1, index: 1] sent MsgPreVote request to 3 at term 2
race distributed	Distributed serving race tests	2026-09-05T14:16:14.9990646Z raft2026/09/05 14:12:35 INFO: 2 received MsgPreVoteResp from 2 at term 2
race distributed	Distributed serving race tests	2026-09-05T14:16:14.9991038Z raft2026/09/05 14:12:35 INFO: 2 has received 1 MsgPreVoteResp votes and 0 vote rejections
race distributed	Distributed serving race tests	2026-09-05T14:16:14.9991578Z raft2026/09/05 14:12:35 INFO: 1 received MsgVoteResp from 1 at term 2
race distributed	Distributed serving race tests	2026-09-05T14:16:14.9992153Z raft2026/09/05 14:12:35 INFO: 1 has received 1 MsgVoteResp votes and 0 vote rejections
race distributed	Distributed serving race tests	2026-09-05T14:16:14.9992845Z raft2026/09/05 14:12:35 INFO: 1 [logterm: 1, index: 1, vote: 1] rejected MsgPreVote from 2 [logterm: 1, index: 1] at term 2
race distributed	Distributed serving race tests	2026-09-05T14:16:14.9993533Z raft2026/09/05 14:12:35 INFO: 3 [term: 1] received a MsgVote message with higher term from 1 [term: 2]
race distributed	Distributed serving race tests	2026-09-05T14:16:14.9994086Z raft2026/09/05 14:12:35 INFO: 3 became follower at term 2
race distributed	Distributed serving race tests	2026-09-05T14:16:14.9994528Z raft2026/09/05 14:12:35 INFO: 3 [logterm: 1, index: 1, vote: 0] cast MsgVote for 1 [logterm: 1, index: 1] at term 2
race distributed	Distributed serving race tests	2026-09-05T14:16:14.9995055Z raft2026/09/05 14:12:35 INFO: 1 [logterm: 1, index: 1, vote: 1] rejected MsgPreVote from 3 [logterm: 1, index: 1] at term 2
race distributed	Distributed serving race tests	2026-09-05T14:16:14.9995546Z raft2026/09/05 14:12:35 INFO: 2 is starting a new election at term 2
race distributed	Distributed serving race tests	2026-09-05T14:16:14.9995892Z raft2026/09/05 14:12:35 INFO: 2 became pre-candidate at term 2
race distributed	Distributed serving race tests	2026-09-05T14:16:14.9996343Z raft2026/09/05 14:12:35 INFO: 2 [logterm: 1, index: 1] sent MsgPreVote request to 1 at term 2
race distributed	Distributed serving race tests	2026-09-05T14:16:14.9996773Z raft2026/09/05 14:12:35 INFO: 2 [logterm: 1, index: 1] sent MsgPreVote request to 3 at term 2
race distributed	Distributed serving race tests	2026-09-05T14:16:14.9997206Z raft2026/09/05 14:12:35 INFO: 2 received MsgPreVoteResp from 2 at term 2
race distributed	Distributed serving race tests	2026-09-05T14:16:14.9997601Z raft2026/09/05 14:12:35 INFO: 2 has received 1 MsgPreVoteResp votes and 0 vote rejections
race distributed	Distributed serving race tests	2026-09-05T14:16:14.9997995Z raft2026/09/05 14:12:35 INFO: 1 is starting a new election at term 2
race distributed	Distributed serving race tests	2026-09-05T14:16:14.9998407Z raft2026/09/05 14:12:35 INFO: 1 became pre-candidate at term 2
race distributed	Distributed serving race tests	2026-09-05T14:16:14.9998819Z raft2026/09/05 14:12:35 INFO: 1 [logterm: 1, index: 1] sent MsgPreVote request to 2 at term 2
race distributed	Distributed serving race tests	2026-09-05T14:16:14.9999471Z raft2026/09/05 14:12:35 INFO: 1 [logterm: 1, index: 1] sent MsgPreVote request to 3 at term 2
race distributed	Distributed serving race tests	2026-09-05T14:16:14.9999880Z raft2026/09/05 14:12:35 INFO: 1 received MsgPreVoteResp from 1 at term 2
race distributed	Distributed serving race tests	2026-09-05T14:16:15.0000337Z raft2026/09/05 14:12:35 INFO: 1 has received 1 MsgPreVoteResp votes and 0 vote rejections
race distributed	Distributed serving race tests	2026-09-05T14:16:15.0000731Z raft2026/09/05 14:12:35 INFO: 2 is starting a new election at term 2
race distributed	Distributed serving race tests	2026-09-05T14:16:15.0001088Z raft2026/09/05 14:12:35 INFO: 2 became pre-candidate at term 2
race distributed	Distributed serving race tests	2026-09-05T14:16:15.0001507Z raft2026/09/05 14:12:35 INFO: 2 [logterm: 1, index: 1] sent MsgPreVote request to 1 at term 2
race distributed	Distributed serving race tests	2026-09-05T14:16:15.0002076Z raft2026/09/05 14:12:35 INFO: 2 [logterm: 1, index: 1] sent MsgPreVote request to 3 at term 2
race distributed	Distributed serving race tests	2026-09-05T14:16:15.0002551Z raft2026/09/05 14:12:35 INFO: 2 received MsgPreVoteResp from 2 at term 2
race distributed	Distributed serving race tests	2026-09-05T14:16:15.0002956Z raft2026/09/05 14:12:35 INFO: 2 has received 1 MsgPreVoteResp votes and 0 vote rejections
race distributed	Distributed serving race tests	2026-09-05T14:16:15.0003547Z raft2026/09/05 14:12:35 INFO: 3 [logterm: 1, index: 1, vote: 2] cast MsgPreVote for 2 [logterm: 1, index: 1] at term 2
race distributed	Distributed serving race tests	2026-09-05T14:16:15.0004055Z raft2026/09/05 14:12:35 INFO: 3 [logterm: 1, index: 1, vote: 2] cast MsgPreVote for 2 [logterm: 1, index: 1] at term 2
race distributed	Distributed serving race tests	2026-09-05T14:16:15.0004601Z raft2026/09/05 14:12:35 INFO: 3 [logterm: 1, index: 1, vote: 2] cast MsgPreVote for 2 [logterm: 1, index: 1] at term 2
race distributed	Distributed serving race tests	2026-09-05T14:16:15.0005151Z raft2026/09/05 14:12:35 INFO: 1 [logterm: 1, index: 1, vote: 2] cast MsgPreVote for 2 [logterm: 1, index: 1] at term 2
race distributed	Distributed serving race tests	2026-09-05T14:16:15.0005571Z raft2026/09/05 14:12:35 INFO: 2 received MsgVoteResp from 2 at term 2
race distributed	Distributed serving race tests	2026-09-05T14:16:15.0006013Z raft2026/09/05 14:12:35 INFO: 2 has received 1 MsgVoteResp votes and 0 vote rejections
race distributed	Distributed serving race tests	2026-09-05T14:16:15.0006494Z raft2026/09/05 14:12:35 INFO: 2 [logterm: 1, index: 1, vote: 2] rejected MsgPreVote from 3 [logterm: 1, index: 1] at term 2
race distributed	Distributed serving race tests	2026-09-05T14:16:15.0007065Z raft2026/09/05 14:12:35 INFO: 1 [logterm: 1, index: 1, vote: 2] cast MsgPreVote for 2 [logterm: 1, index: 1] at term 2
race distributed	Distributed serving race tests	2026-09-05T14:16:15.0007571Z raft2026/09/05 14:12:35 INFO: 1 [logterm: 1, index: 1, vote: 2] cast MsgPreVote for 2 [logterm: 1, index: 1] at term 2
race distributed	Distributed serving race tests	2026-09-05T14:16:15.0008608Z raft2026/09/05 14:12:35 INFO: 2 [logterm: 1, index: 1, vote: 2] rejected MsgVote from 1 [logterm: 1, index: 1] at term 2
race distributed	Distributed serving race tests	2026-09-05T14:16:15.0009045Z raft2026/09/05 14:12:35 INFO: 2 received MsgPreVoteResp from 3 at term 2
race distributed	Distributed serving race tests	2026-09-05T14:16:15.0009821Z raft2026/09/05 14:12:35 INFO: 2 has received 2 MsgPreVoteResp votes and 0 vote rejections
race distributed	Distributed serving race tests	2026-09-05T14:16:15.0010273Z raft2026/09/05 14:12:35 INFO: 2 became candidate at term 3
race distributed	Distributed serving race tests	2026-09-05T14:16:15.0010656Z raft2026/09/05 14:12:35 INFO: 2 [logterm: 1, index: 1] sent MsgVote request to 1 at term 3
race distributed	Distributed serving race tests	2026-09-05T14:16:15.0011117Z raft2026/09/05 14:12:35 INFO: 2 [logterm: 1, index: 1] sent MsgVote request to 3 at term 3
race distributed	Distributed serving race tests	2026-09-05T14:16:15.0011591Z raft2026/09/05 14:12:35 INFO: 1 [logterm: 1, index: 1, vote: 1] rejected MsgVote from 2 [logterm: 1, index: 1] at term 2
race distributed	Distributed serving race tests	2026-09-05T14:16:15.0012163Z raft2026/09/05 14:12:35 INFO: 3 [logterm: 1, index: 1, vote: 1] cast MsgPreVote for 1 [logterm: 1, index: 1] at term 2
race distributed	Distributed serving race tests	2026-09-05T14:16:15.0012659Z raft2026/09/05 14:12:35 INFO: 2 [logterm: 1, index: 1, vote: 2] cast MsgPreVote for 1 [logterm: 1, index: 1] at term 2
race distributed	Distributed serving race tests	2026-09-05T14:16:15.0013168Z raft2026/09/05 14:12:35 INFO: 3 [logterm: 1, index: 1, vote: 1] rejected MsgVote from 2 [logterm: 1, index: 1] at term 2
race distributed	Distributed serving race tests	2026-09-05T14:16:15.0013677Z raft2026/09/05 14:12:35 INFO: 1 received MsgPreVoteResp from 2 at term 2
race distributed	Distributed serving race tests	2026-09-05T14:16:15.0014097Z raft2026/09/05 14:12:35 INFO: 1 has received 2 MsgPreVoteResp votes and 0 vote rejections
race distributed	Distributed serving race tests	2026-09-05T14:16:15.0014521Z raft2026/09/05 14:12:35 INFO: 1 became candidate at term 3
race distributed	Distributed serving race tests	2026-09-05T14:16:15.0014896Z raft2026/09/05 14:12:35 INFO: 1 [logterm: 1, index: 1] sent MsgVote request to 2 at term 3
race distributed	Distributed serving race tests	2026-09-05T14:16:15.0015347Z raft2026/09/05 14:12:35 INFO: 1 [logterm: 1, index: 1] sent MsgVote request to 3 at term 3
race distributed	Distributed serving race tests	2026-09-05T14:16:15.0015793Z raft2026/09/05 14:12:35 INFO: 1 [term: 2] received a MsgVote message with higher term from 2 [term: 3]
race distributed	Distributed serving race tests	2026-09-05T14:16:15.0016231Z raft2026/09/05 14:12:35 INFO: 1 became follower at term 3
race distributed	Distributed serving race tests	2026-09-05T14:16:15.0016648Z raft2026/09/05 14:12:35 INFO: 1 [logterm: 1, index: 1, vote: 0] cast MsgVote for 2 [logterm: 1, index: 1] at term 3
race distributed	Distributed serving race tests	2026-09-05T14:16:15.0017078Z raft2026/09/05 14:12:35 INFO: 2 received MsgVoteResp from 2 at term 3
race distributed	Distributed serving race tests	2026-09-05T14:16:15.0017507Z raft2026/09/05 14:12:35 INFO: 2 has received 1 MsgVoteResp votes and 0 vote rejections
race distributed	Distributed serving race tests	2026-09-05T14:16:15.0017967Z raft2026/09/05 14:12:35 INFO: 3 [term: 2] received a MsgVote message with higher term from 2 [term: 3]
race distributed	Distributed serving race tests	2026-09-05T14:16:15.0018464Z raft2026/09/05 14:12:35 INFO: 3 became follower at term 3
race distributed	Distributed serving race tests	2026-09-05T14:16:15.0018875Z raft2026/09/05 14:12:35 INFO: 3 [logterm: 1, index: 1, vote: 0] cast MsgVote for 2 [logterm: 1, index: 1] at term 3
race distributed	Distributed serving race tests	2026-09-05T14:16:15.0019620Z raft2026/09/05 14:12:35 INFO: 2 [term: 3] ignored a MsgVoteResp message with lower term from 1 [term: 2]
race distributed	Distributed serving race tests	2026-09-05T14:16:15.0020092Z raft2026/09/05 14:12:35 INFO: 2 received MsgVoteResp rejection from 3 at term 2
race distributed	Distributed serving race tests	2026-09-05T14:16:15.0020504Z raft2026/09/05 14:12:35 INFO: 2 has received 1 MsgVoteResp votes and 1 vote rejections
race distributed	Distributed serving race tests	2026-09-05T14:16:15.0020940Z raft2026/09/05 14:12:35 INFO: 2 received MsgVoteResp rejection from 1 at term 2
race distributed	Distributed serving race tests	2026-09-05T14:16:15.0021345Z raft2026/09/05 14:12:35 INFO: 2 has received 1 MsgVoteResp votes and 2 vote rejections
race distributed	Distributed serving race tests	2026-09-05T14:16:15.0021763Z raft2026/09/05 14:12:35 INFO: 2 became follower at term 2
race distributed	Distributed serving race tests	2026-09-05T14:16:15.0022100Z raft2026/09/05 14:12:35 INFO: 3 is starting a new election at term 2
race distributed	Distributed serving race tests	2026-09-05T14:16:15.0022484Z raft2026/09/05 14:12:35 INFO: 3 became pre-candidate at term 2
race distributed	Distributed serving race tests	2026-09-05T14:16:15.0022888Z raft2026/09/05 14:12:35 INFO: 3 [logterm: 1, index: 1] sent MsgPreVote request to 1 at term 2
race distributed	Distributed serving race tests	2026-09-05T14:16:15.0023325Z raft2026/09/05 14:12:35 INFO: 3 [logterm: 1, index: 1] sent MsgPreVote request to 2 at term 2
race distributed	Distributed serving race tests	2026-09-05T14:16:15.0023780Z raft2026/09/05 14:12:35 INFO: 3 received MsgPreVoteResp from 3 at term 2
race distributed	Distributed serving race tests	2026-09-05T14:16:15.0024179Z raft2026/09/05 14:12:35 INFO: 3 has received 1 MsgPreVoteResp votes and 0 vote rejections
race distributed	Distributed serving race tests	2026-09-05T14:16:15.0024687Z raft2026/09/05 14:12:35 INFO: 2 [logterm: 1, index: 1, vote: 2] cast MsgPreVote for 3 [logterm: 1, index: 1] at term 2
race distributed	Distributed serving race tests	2026-09-05T14:16:15.0025119Z raft2026/09/05 14:12:35 INFO: 3 received MsgPreVoteResp from 2 at term 2
race distributed	Distributed serving race tests	2026-09-05T14:16:15.0025537Z raft2026/09/05 14:12:35 INFO: 3 has received 2 MsgPreVoteResp votes and 0 vote rejections
race distributed	Distributed serving race tests	2026-09-05T14:16:15.0025935Z raft2026/09/05 14:12:35 INFO: 3 became candidate at term 3
race distributed	Distributed serving race tests	2026-09-05T14:16:15.0026311Z raft2026/09/05 14:12:35 INFO: 3 [logterm: 1, index: 1] sent MsgVote request to 1 at term 3
race distributed	Distributed serving race tests	2026-09-05T14:16:15.0026765Z raft2026/09/05 14:12:35 INFO: 3 [logterm: 1, index: 1] sent MsgVote request to 2 at term 3
race distributed	Distributed serving race tests	2026-09-05T14:16:15.0027149Z raft2026/09/05 14:12:35 INFO: 2 is starting a new election at term 3
race distributed	Distributed serving race tests	2026-09-05T14:16:15.0027569Z raft2026/09/05 14:12:35 INFO: 2 is starting a new election at term 2
race distributed	Distributed serving race tests	2026-09-05T14:16:15.0027920Z raft2026/09/05 14:12:35 INFO: 2 became pre-candidate at term 3
race distributed	Distributed serving race tests	2026-09-05T14:16:15.0028245Z raft2026/09/05 14:12:35 INFO: 2 became pre-candidate at term 2
race distributed	Distributed serving race tests	2026-09-05T14:16:15.0028690Z raft2026/09/05 14:12:35 INFO: 2 [logterm: 1, index: 1] sent MsgPreVote request to 1 at term 3
race distributed	Distributed serving race tests	2026-09-05T14:16:15.0029269Z raft2026/09/05 14:12:35 INFO: 2 [logterm: 1, index: 1] sent MsgPreVote request to 1 at term 2
race distributed	Distributed serving race tests	2026-09-05T14:16:15.0029798Z raft2026/09/05 14:12:35 INFO: 2 [logterm: 1, index: 1] sent MsgPreVote request to 3 at term 3
race distributed	Distributed serving race tests	2026-09-05T14:16:15.0030235Z raft2026/09/05 14:12:35 INFO: 2 [logterm: 1, index: 1] sent MsgPreVote request to 3 at term 2
race distributed	Distributed serving race tests	2026-09-05T14:16:15.0030699Z raft2026/09/05 14:12:35 INFO: 2 received MsgPreVoteResp from 2 at term 3
race distributed	Distributed serving race tests	2026-09-05T14:16:15.0031088Z raft2026/09/05 14:12:35 INFO: 2 received MsgPreVoteResp from 2 at term 2
race distributed	Distributed serving race tests	2026-09-05T14:16:15.0031500Z raft2026/09/05 14:12:35 INFO: 2 has received 1 MsgPreVoteResp votes and 0 vote rejections
race distributed	Distributed serving race tests	2026-09-05T14:16:15.0032015Z raft2026/09/05 14:12:35 INFO: 2 has received 1 MsgPreVoteResp votes and 0 vote rejections
race distributed	Distributed serving race tests	2026-09-05T14:16:15.0032430Z raft2026/09/05 14:12:35 INFO: 2 is starting a new election at term 2
race distributed	Distributed serving race tests	2026-09-05T14:16:15.0032826Z raft2026/09/05 14:12:35 INFO: 2 became pre-candidate at term 2
race distributed	Distributed serving race tests	2026-09-05T14:16:15.0033227Z raft2026/09/05 14:12:35 INFO: 2 [logterm: 1, index: 1] sent MsgPreVote request to 1 at term 2
race distributed	Distributed serving race tests	2026-09-05T14:16:15.0033716Z raft2026/09/05 14:12:35 INFO: 2 [logterm: 1, index: 1] sent MsgPreVote request to 3 at term 2
race distributed	Distributed serving race tests	2026-09-05T14:16:15.0034115Z raft2026/09/05 14:12:35 INFO: 2 received MsgPreVoteResp from 2 at term 2
race distributed	Distributed serving race tests	2026-09-05T14:16:15.0034614Z raft2026/09/05 14:12:35 INFO: 2 has received 1 MsgPreVoteResp votes and 0 vote rejections
race distributed	Distributed serving race tests	2026-09-05T14:16:15.0035069Z raft2026/09/05 14:12:35 INFO: 2 is starting a new election at term 3
race distributed	Distributed serving race tests	2026-09-05T14:16:15.0035501Z raft2026/09/05 14:12:35 INFO: 2 became pre-candidate at term 3
race distributed	Distributed serving race tests	2026-09-05T14:16:15.0035929Z raft2026/09/05 14:12:35 INFO: 2 [logterm: 1, index: 1] sent MsgPreVote request to 1 at term 3
race distributed	Distributed serving race tests	2026-09-05T14:16:15.0036355Z raft2026/09/05 14:12:35 INFO: 2 [logterm: 1, index: 1] sent MsgPreVote request to 3 at term 3
race distributed	Distributed serving race tests	2026-09-05T14:16:15.0036783Z raft2026/09/05 14:12:35 INFO: 2 received MsgPreVoteResp from 2 at term 3
race distributed	Distributed serving race tests	2026-09-05T14:16:15.0037240Z raft2026/09/05 14:12:35 INFO: 2 has received 1 MsgPreVoteResp votes and 0 vote rejections
race distributed	Distributed serving race tests	2026-09-05T14:16:15.0037628Z raft2026/09/05 14:12:35 INFO: 2 is starting a new election at term 2
race distributed	Distributed serving race tests	2026-09-05T14:16:15.0038039Z raft2026/09/05 14:12:35 INFO: 2 became pre-candidate at term 2
race distributed	Distributed serving race tests	2026-09-05T14:16:15.0038428Z raft2026/09/05 14:12:35 INFO: 2 [logterm: 1, index: 1] sent MsgPreVote request to 1 at term 2
race distributed	Distributed serving race tests	2026-09-05T14:16:15.0038889Z raft2026/09/05 14:12:35 INFO: 2 [logterm: 1, index: 1] sent MsgPreVote request to 3 at term 2
race distributed	Distributed serving race tests	2026-09-05T14:16:15.0039502Z raft2026/09/05 14:12:35 INFO: 2 received MsgPreVoteResp from 2 at term 2
race distributed	Distributed serving race tests	2026-09-05T14:16:15.0039984Z raft2026/09/05 14:12:35 INFO: 2 has received 1 MsgPreVoteResp votes and 0 vote rejections
race distributed	Distributed serving race tests	2026-09-05T14:16:15.0040438Z raft2026/09/05 14:12:35 INFO: 1 received MsgVoteResp from 1 at term 3
race distributed	Distributed serving race tests	2026-09-05T14:16:15.0040959Z raft2026/09/05 14:12:35 INFO: 2 [term: 2] received a MsgVote message with higher term from 1 [term: 3]
race distributed	Distributed serving race tests	2026-09-05T14:16:15.0041436Z raft2026/09/05 14:12:35 INFO: 2 became follower at term 3
race distributed	Distributed serving race tests	2026-09-05T14:16:15.0041871Z raft2026/09/05 14:12:35 INFO: 2 [logterm: 1, index: 1, vote: 0] cast MsgVote for 1 [logterm: 1, index: 1] at term 3
race distributed	Distributed serving race tests	2026-09-05T14:16:15.0042355Z raft2026/09/05 14:12:35 INFO: 3 received MsgVoteResp from 3 at term 3
race distributed	Distributed serving race tests	2026-09-05T14:16:15.0042748Z raft2026/09/05 14:12:35 INFO: 3 has received 1 MsgVoteResp votes and 0 vote rejections
race distributed	Distributed serving race tests	2026-09-05T14:16:15.0043200Z raft2026/09/05 14:12:35 INFO: 1 has received 1 MsgVoteResp votes and 0 vote rejections
race distributed	Distributed serving race tests	2026-09-05T14:16:15.0043705Z raft2026/09/05 14:12:35 INFO: 3 [logterm: 1, index: 1, vote: 2] cast MsgPreVote for 2 [logterm: 1, index: 1] at term 3
race distributed	Distributed serving race tests	2026-09-05T14:16:15.0044145Z raft2026/09/05 14:12:35 INFO: 2 is starting a new election at term 3
race distributed	Distributed serving race tests	2026-09-05T14:16:15.0044596Z raft2026/09/05 14:12:35 INFO: 2 became pre-candidate at term 3
race distributed	Distributed serving race tests	2026-09-05T14:16:15.0044998Z raft2026/09/05 14:12:35 INFO: 2 [logterm: 1, index: 1] sent MsgPreVote request to 1 at term 3
race distributed	Distributed serving race tests	2026-09-05T14:16:15.0045487Z raft2026/09/05 14:12:35 INFO: 2 [logterm: 1, index: 1] sent MsgPreVote request to 3 at term 3
race distributed	Distributed serving race tests	2026-09-05T14:16:15.0046002Z raft2026/09/05 14:12:35 INFO: 1 [logterm: 1, index: 1, vote: 1] rejected MsgPreVote from 3 [logterm: 1, index: 1] at term 3
race distributed	Distributed serving race tests	2026-09-05T14:16:15.0046617Z raft2026/09/05 14:12:35 INFO: 3 [logterm: 1, index: 1, vote: 3] rejected MsgVote from 1 [logterm: 1, index: 1] at term 3
race distributed	Distributed serving race tests	2026-09-05T14:16:15.0047120Z raft2026/09/05 14:12:35 INFO: 2 received MsgPreVoteResp from 2 at term 3
race distributed	Distributed serving race tests	2026-09-05T14:16:15.0047523Z raft2026/09/05 14:12:35 INFO: 2 has received 1 MsgPreVoteResp votes and 0 vote rejections
race distributed	Distributed serving race tests	2026-09-05T14:16:15.0048029Z raft2026/09/05 14:12:35 INFO: 1 [logterm: 1, index: 1, vote: 1] rejected MsgVote from 3 [logterm: 1, index: 1] at term 3
race distributed	Distributed serving race tests	2026-09-05T14:16:15.0048601Z raft2026/09/05 14:12:35 INFO: 3 [logterm: 1, index: 1, vote: 3] rejected MsgPreVote from 2 [logterm: 1, index: 1] at term 3
race distributed	Distributed serving race tests	2026-09-05T14:16:15.0049239Z raft2026/09/05 14:12:35 INFO: 1 received MsgVoteResp rejection from 3 at term 3
race distributed	Distributed serving race tests	2026-09-05T14:16:15.0050029Z raft2026/09/05 14:12:35 INFO: 1 has received 1 MsgVoteResp votes and 1 vote rejections
race distributed	Distributed serving race tests	2026-09-05T14:16:15.0050502Z raft2026/09/05 14:12:35 INFO: 3 received MsgVoteResp rejection from 1 at term 3
race distributed	Distributed serving race tests	2026-09-05T14:16:15.0050989Z raft2026/09/05 14:12:35 INFO: 3 has received 1 MsgVoteResp votes and 1 vote rejections
race distributed	Distributed serving race tests	2026-09-05T14:16:15.0051550Z raft2026/09/05 14:12:35 INFO: 3 [logterm: 1, index: 1, vote: 3] rejected MsgPreVote from 2 [logterm: 1, index: 1] at term 3
race distributed	Distributed serving race tests	2026-09-05T14:16:15.0052101Z raft2026/09/05 14:12:35 INFO: 1 [logterm: 1, index: 1, vote: 2] cast MsgPreVote for 2 [logterm: 1, index: 1] at term 3
race distributed	Distributed serving race tests	2026-09-05T14:16:15.0052695Z raft2026/09/05 14:12:35 INFO: 3 [logterm: 1, index: 1, vote: 2] cast MsgPreVote for 2 [logterm: 1, index: 1] at term 3
race distributed	Distributed serving race tests	2026-09-05T14:16:15.0053245Z raft2026/09/05 14:12:35 INFO: 1 [logterm: 1, index: 1, vote: 1] rejected MsgPreVote from 2 [logterm: 1, index: 1] at term 3
race distributed	Distributed serving race tests	2026-09-05T14:16:15.0053804Z raft2026/09/05 14:12:35 INFO: 3 [logterm: 1, index: 1, vote: 3] rejected MsgPreVote from 2 [logterm: 1, index: 1] at term 3
race distributed	Distributed serving race tests	2026-09-05T14:16:15.0054290Z raft2026/09/05 14:12:35 INFO: 2 received MsgPreVoteResp from 1 at term 3
race distributed	Distributed serving race tests	2026-09-05T14:16:15.0054734Z raft2026/09/05 14:12:35 INFO: 2 has received 2 MsgPreVoteResp votes and 0 vote rejections
race distributed	Distributed serving race tests	2026-09-05T14:16:15.0055125Z raft2026/09/05 14:12:35 INFO: 2 became candidate at term 4
race distributed	Distributed serving race tests	2026-09-05T14:16:15.0055576Z raft2026/09/05 14:12:35 INFO: 2 [logterm: 1, index: 1] sent MsgVote request to 1 at term 4
race distributed	Distributed serving race tests	2026-09-05T14:16:15.0056005Z raft2026/09/05 14:12:35 INFO: 2 [logterm: 1, index: 1] sent MsgVote request to 3 at term 4
race distributed	Distributed serving race tests	2026-09-05T14:16:15.0056514Z raft2026/09/05 14:12:35 INFO: 1 [logterm: 1, index: 1, vote: 1] rejected MsgPreVote from 2 [logterm: 1, index: 1] at term 3
race distributed	Distributed serving race tests	2026-09-05T14:16:15.0057066Z raft2026/09/05 14:12:35 INFO: 1 [logterm: 1, index: 1, vote: 2] cast MsgPreVote for 2 [logterm: 1, index: 1] at term 3
race distributed	Distributed serving race tests	2026-09-05T14:16:15.0057611Z raft2026/09/05 14:12:35 INFO: 1 [logterm: 1, index: 1, vote: 1] rejected MsgPreVote from 2 [logterm: 1, index: 1] at term 3
race distributed	Distributed serving race tests	2026-09-05T14:16:15.0058164Z raft2026/09/05 14:12:35 INFO: 2 [logterm: 1, index: 1, vote: 1] rejected MsgVote from 3 [logterm: 1, index: 1] at term 3
race distributed	Distributed serving race tests	2026-09-05T14:16:15.0058668Z raft2026/09/05 14:12:35 INFO: 3 [logterm: 1, index: 1, vote: 2] cast MsgPreVote for 2 [logterm: 1, index: 1] at term 3
race distributed	Distributed serving race tests	2026-09-05T14:16:15.0059385Z raft2026/09/05 14:12:35 INFO: 1 [logterm: 1, index: 1, vote: 2] cast MsgPreVote for 2 [logterm: 1, index: 1] at term 3
race distributed	Distributed serving race tests	2026-09-05T14:16:15.0059819Z raft2026/09/05 14:12:35 INFO: 1 received MsgVoteResp from 2 at term 3
race distributed	Distributed serving race tests	2026-09-05T14:16:15.0060315Z raft2026/09/05 14:12:35 INFO: 1 has received 2 MsgVoteResp votes and 1 vote rejections
race distributed	Distributed serving race tests	2026-09-05T14:16:15.0060766Z raft2026/09/05 14:12:35 INFO: 3 received MsgVoteResp rejection from 2 at term 3
race distributed	Distributed serving race tests	2026-09-05T14:16:15.0061168Z raft2026/09/05 14:12:35 INFO: 1 became leader at term 3
race distributed	Distributed serving race tests	2026-09-05T14:16:15.0061546Z raft2026/09/05 14:12:35 INFO: 3 has received 1 MsgVoteResp votes and 2 vote rejections
race distributed	Distributed serving race tests	2026-09-05T14:16:15.0061936Z raft2026/09/05 14:12:35 INFO: 3 became follower at term 3
race distributed	Distributed serving race tests	2026-09-05T14:16:15.0062314Z raft2026/09/05 14:12:35 INFO: 2 received MsgVoteResp from 2 at term 4
race distributed	Distributed serving race tests	2026-09-05T14:16:15.0062686Z raft2026/09/05 14:12:35 INFO: 2 has received 1 MsgVoteResp votes and 0 vote rejections
race distributed	Distributed serving race tests	2026-09-05T14:16:15.0063202Z raft2026/09/05 14:12:35 INFO: 3 [term: 3] received a MsgVote message with higher term from 2 [term: 4]
race distributed	Distributed serving race tests	2026-09-05T14:16:15.0063627Z raft2026/09/05 14:12:35 INFO: 3 became follower at term 4
race distributed	Distributed serving race tests	2026-09-05T14:16:15.0064057Z raft2026/09/05 14:12:35 INFO: 3 [logterm: 1, index: 1, vote: 0] cast MsgVote for 2 [logterm: 1, index: 1] at term 4
race distributed	Distributed serving race tests	2026-09-05T14:16:15.0064569Z raft2026/09/05 14:12:35 INFO: 1 [term: 3] received a MsgVote message with higher term from 2 [term: 4]
race distributed	Distributed serving race tests	2026-09-05T14:16:15.0064982Z raft2026/09/05 14:12:35 INFO: 1 became follower at term 4
race distributed	Distributed serving race tests	2026-09-05T14:16:15.0065454Z raft2026/09/05 14:12:35 INFO: 1 [logterm: 1, index: 1, vote: 0] cast MsgVote for 2 [logterm: 1, index: 1] at term 4
race distributed	Distributed serving race tests	2026-09-05T14:16:15.0065861Z raft2026/09/05 14:12:35 INFO: 2 is starting a new election at term 3
race distributed	Distributed serving race tests	2026-09-05T14:16:15.0066288Z raft2026/09/05 14:12:35 INFO: 2 became pre-candidate at term 3
race distributed	Distributed serving race tests	2026-09-05T14:16:15.0066690Z raft2026/09/05 14:12:35 INFO: 2 [logterm: 1, index: 1] sent MsgPreVote request to 1 at term 3
race distributed	Distributed serving race tests	2026-09-05T14:16:15.0067477Z raft2026/09/05 14:12:35 INFO: 2 [logterm: 1, index: 1] sent MsgPreVote request to 3 at term 3
race distributed	Distributed serving race tests	2026-09-05T14:16:15.0067954Z raft2026/09/05 14:12:35 INFO: 2 received MsgPreVoteResp from 2 at term 3
race distributed	Distributed serving race tests	2026-09-05T14:16:15.0068374Z raft2026/09/05 14:12:35 INFO: 2 has received 1 MsgPreVoteResp votes and 0 vote rejections
race distributed	Distributed serving race tests	2026-09-05T14:16:15.0068938Z raft2026/09/05 14:12:35 INFO: 3 [logterm: 1, index: 1, vote: 3] cast MsgPreVote for 2 [logterm: 1, index: 1] at term 3
race distributed	Distributed serving race tests	2026-09-05T14:16:15.0069582Z raft2026/09/05 14:12:35 INFO: 2 received MsgPreVoteResp from 3 at term 3
race distributed	Distributed serving race tests	2026-09-05T14:16:15.0070054Z raft2026/09/05 14:12:35 INFO: 2 has received 2 MsgPreVoteResp votes and 0 vote rejections
race distributed	Distributed serving race tests	2026-09-05T14:16:15.0070432Z raft2026/09/05 14:12:35 INFO: 2 became candidate at term 4
race distributed	Distributed serving race tests	2026-09-05T14:16:15.0070814Z raft2026/09/05 14:12:35 INFO: 2 [logterm: 1, index: 1] sent MsgVote request to 1 at term 4
race distributed	Distributed serving race tests	2026-09-05T14:16:15.0071293Z raft2026/09/05 14:12:35 INFO: 2 [logterm: 1, index: 1] sent MsgVote request to 3 at term 4
race distributed	Distributed serving race tests	2026-09-05T14:16:15.0071710Z raft2026/09/05 14:12:35 INFO: 2 is starting a new election at term 4
race distributed	Distributed serving race tests	2026-09-05T14:16:15.0072106Z raft2026/09/05 14:12:35 INFO: 2 became pre-candidate at term 4
race distributed	Distributed serving race tests	2026-09-05T14:16:15.0072479Z raft2026/09/05 14:12:35 INFO: 2 [logterm: 1, index: 1] sent MsgPreVote request to 1 at term 4
race distributed	Distributed serving race tests	2026-09-05T14:16:15.0072990Z raft2026/09/05 14:12:35 INFO: 2 [logterm: 1, index: 1] sent MsgPreVote request to 3 at term 4
race distributed	Distributed serving race tests	2026-09-05T14:16:15.0073398Z raft2026/09/05 14:12:35 INFO: 2 received MsgPreVoteResp from 2 at term 4
race distributed	Distributed serving race tests	2026-09-05T14:16:15.0073822Z raft2026/09/05 14:12:35 INFO: 2 has received 1 MsgPreVoteResp votes and 0 vote rejections
race distributed	Distributed serving race tests	2026-09-05T14:16:15.0074256Z raft2026/09/05 14:12:35 INFO: 3 is starting a new election at term 3
race distributed	Distributed serving race tests	2026-09-05T14:16:15.0074618Z raft2026/09/05 14:12:35 INFO: 3 became pre-candidate at term 3
race distributed	Distributed serving race tests	2026-09-05T14:16:15.0075041Z raft2026/09/05 14:12:35 INFO: 3 [logterm: 1, index: 1] sent MsgPreVote request to 1 at term 3
race distributed	Distributed serving race tests	2026-09-05T14:16:15.0075479Z raft2026/09/05 14:12:35 INFO: 3 [logterm: 1, index: 1] sent MsgPreVote request to 2 at term 3
race distributed	Distributed serving race tests	2026-09-05T14:16:15.0075963Z raft2026/09/05 14:12:35 INFO: 3 received MsgPreVoteResp from 3 at term 3
race distributed	Distributed serving race tests	2026-09-05T14:16:15.0076369Z raft2026/09/05 14:12:35 INFO: 3 has received 1 MsgPreVoteResp votes and 0 vote rejections
race distributed	Distributed serving race tests	2026-09-05T14:16:15.0076773Z raft2026/09/05 14:12:35 INFO: 2 is starting a new election at term 4
race distributed	Distributed serving race tests	2026-09-05T14:16:15.0077170Z raft2026/09/05 14:12:35 INFO: 2 became pre-candidate at term 4
race distributed	Distributed serving race tests	2026-09-05T14:16:15.0077581Z raft2026/09/05 14:12:35 INFO: 2 [logterm: 1, index: 1] sent MsgPreVote request to 1 at term 4
race distributed	Distributed serving race tests	2026-09-05T14:16:15.0078039Z raft2026/09/05 14:12:35 INFO: 2 [logterm: 1, index: 1] sent MsgPreVote request to 3 at term 4
race distributed	Distributed serving race tests	2026-09-05T14:16:15.0078422Z raft2026/09/05 14:12:35 INFO: 2 received MsgPreVoteResp from 2 at term 4
race distributed	Distributed serving race tests	2026-09-05T14:16:15.0078908Z raft2026/09/05 14:12:35 INFO: 2 has received 1 MsgPreVoteResp votes and 0 vote rejections
race distributed	Distributed serving race tests	2026-09-05T14:16:15.0079471Z raft2026/09/05 14:12:35 INFO: 3 is starting a new election at term 3
race distributed	Distributed serving race tests	2026-09-05T14:16:15.0079857Z raft2026/09/05 14:12:35 INFO: 3 became pre-candidate at term 3
race distributed	Distributed serving race tests	2026-09-05T14:16:15.0080276Z raft2026/09/05 14:12:35 INFO: 3 [logterm: 1, index: 1] sent MsgPreVote request to 1 at term 3
race distributed	Distributed serving race tests	2026-09-05T14:16:15.0080709Z raft2026/09/05 14:12:35 INFO: 3 [logterm: 1, index: 1] sent MsgPreVote request to 2 at term 3
race distributed	Distributed serving race tests	2026-09-05T14:16:15.0081138Z raft2026/09/05 14:12:35 INFO: 3 received MsgPreVoteResp from 3 at term 3
race distributed	Distributed serving race tests	2026-09-05T14:16:15.0081548Z raft2026/09/05 14:12:35 INFO: 3 has received 1 MsgPreVoteResp votes and 0 vote rejections
race distributed	Distributed serving race tests	2026-09-05T14:16:15.0082042Z raft2026/09/05 14:12:35 INFO: 2 is starting a new election at term 4
race distributed	Distributed serving race tests	2026-09-05T14:16:15.0082436Z raft2026/09/05 14:12:35 INFO: 2 became pre-candidate at term 4
race distributed	Distributed serving race tests	2026-09-05T14:16:15.0082857Z raft2026/09/05 14:12:35 INFO: 2 [logterm: 1, index: 1] sent MsgPreVote request to 1 at term 4
race distributed	Distributed serving race tests	2026-09-05T14:16:15.0083351Z raft2026/09/05 14:12:35 INFO: 2 [logterm: 1, index: 1] sent MsgPreVote request to 3 at term 4
race distributed	Distributed serving race tests	2026-09-05T14:16:15.0083871Z raft2026/09/05 14:12:35 INFO: 2 received MsgPreVoteResp from 2 at term 4
race distributed	Distributed serving race tests	2026-09-05T14:16:15.0084335Z raft2026/09/05 14:12:35 INFO: 2 has received 1 MsgPreVoteResp votes and 0 vote rejections
race distributed	Distributed serving race tests	2026-09-05T14:16:15.0084758Z raft2026/09/05 14:12:35 INFO: 3 is starting a new election at term 3
race distributed	Distributed serving race tests	2026-09-05T14:16:15.0085314Z raft2026/09/05 14:12:35 INFO: 3 became pre-candidate at term 3
race distributed	Distributed serving race tests	2026-09-05T14:16:15.0085716Z raft2026/09/05 14:12:35 INFO: 3 [logterm: 1, index: 1] sent MsgPreVote request to 1 at term 3
race distributed	Distributed serving race tests	2026-09-05T14:16:15.0086188Z raft2026/09/05 14:12:35 INFO: 3 [logterm: 1, index: 1] sent MsgPreVote request to 2 at term 3
race distributed	Distributed serving race tests	2026-09-05T14:16:15.0086668Z raft2026/09/05 14:12:35 INFO: 3 received MsgPreVoteResp from 3 at term 3
race distributed	Distributed serving race tests	2026-09-05T14:16:15.0087086Z raft2026/09/05 14:12:35 INFO: 3 has received 1 MsgPreVoteResp votes and 0 vote rejections
race distributed	Distributed serving race tests	2026-09-05T14:16:15.0087569Z raft2026/09/05 14:12:35 INFO: 2 is starting a new election at term 4
race distributed	Distributed serving race tests	2026-09-05T14:16:15.0087957Z raft2026/09/05 14:12:35 INFO: 2 became pre-candidate at term 4
race distributed	Distributed serving race tests	2026-09-05T14:16:15.0088398Z raft2026/09/05 14:12:35 INFO: 2 [logterm: 1, index: 1] sent MsgPreVote request to 1 at term 4
race distributed	Distributed serving race tests	2026-09-05T14:16:15.0088878Z raft2026/09/05 14:12:35 INFO: 2 [logterm: 1, index: 1] sent MsgPreVote request to 3 at term 4
race distributed	Distributed serving race tests	2026-09-05T14:16:15.0089695Z raft2026/09/05 14:12:35 INFO: 2 received MsgPreVoteResp from 2 at term 4
race distributed	Distributed serving race tests	2026-09-05T14:16:15.0090163Z raft2026/09/05 14:12:35 INFO: 2 has received 1 MsgPreVoteResp votes and 0 vote rejections
race distributed	Distributed serving race tests	2026-09-05T14:16:15.0090569Z raft2026/09/05 14:12:35 INFO: 2 is starting a new election at term 4
race distributed	Distributed serving race tests	2026-09-05T14:16:15.0091020Z raft2026/09/05 14:12:35 INFO: 2 became pre-candidate at term 4
race distributed	Distributed serving race tests	2026-09-05T14:16:15.0091415Z raft2026/09/05 14:12:35 INFO: 2 [logterm: 1, index: 1] sent MsgPreVote request to 1 at term 4
race distributed	Distributed serving race tests	2026-09-05T14:16:15.0091911Z raft2026/09/05 14:12:35 INFO: 2 [logterm: 1, index: 1] sent MsgPreVote request to 3 at term 4
race distributed	Distributed serving race tests	2026-09-05T14:16:15.0092470Z raft2026/09/05 14:12:35 INFO: 2 received MsgPreVoteResp from 2 at term 4
race distributed	Distributed serving race tests	2026-09-05T14:16:15.0092910Z raft2026/09/05 14:12:35 INFO: 2 has received 1 MsgPreVoteResp votes and 0 vote rejections
race distributed	Distributed serving race tests	2026-09-05T14:16:15.0093385Z raft2026/09/05 14:12:35 INFO: 3 is starting a new election at term 3
race distributed	Distributed serving race tests	2026-09-05T14:16:15.0093781Z raft2026/09/05 14:12:35 INFO: 3 became pre-candidate at term 3
race distributed	Distributed serving race tests	2026-09-05T14:16:15.0094200Z raft2026/09/05 14:12:35 INFO: 3 [logterm: 1, index: 1] sent MsgPreVote request to 1 at term 3
race distributed	Distributed serving race tests	2026-09-05T14:16:15.0094612Z raft2026/09/05 14:12:35 INFO: 3 [logterm: 1, index: 1] sent MsgPreVote request to 2 at term 3
race distributed	Distributed serving race tests	2026-09-05T14:16:15.0095041Z raft2026/09/05 14:12:35 INFO: 3 received MsgPreVoteResp from 3 at term 3
race distributed	Distributed serving race tests	2026-09-05T14:16:15.0095464Z raft2026/09/05 14:12:35 INFO: 3 has received 1 MsgPreVoteResp votes and 0 vote rejections
race distributed	Distributed serving race tests	2026-09-05T14:16:15.0095880Z raft2026/09/05 14:12:36 INFO: 2 is starting a new election at term 4
race distributed	Distributed serving race tests	2026-09-05T14:16:15.0096263Z raft2026/09/05 14:12:36 INFO: 2 became pre-candidate at term 4
race distributed	Distributed serving race tests	2026-09-05T14:16:15.0096689Z raft2026/09/05 14:12:36 INFO: 2 [logterm: 1, index: 1] sent MsgPreVote request to 1 at term 4
race distributed	Distributed serving race tests	2026-09-05T14:16:15.0097152Z raft2026/09/05 14:12:36 INFO: 2 [logterm: 1, index: 1] sent MsgPreVote request to 3 at term 4
race distributed	Distributed serving race tests	2026-09-05T14:16:15.0097557Z raft2026/09/05 14:12:36 INFO: 2 received MsgPreVoteResp from 2 at term 4
race distributed	Distributed serving race tests	2026-09-05T14:16:15.0097986Z raft2026/09/05 14:12:36 INFO: 2 has received 1 MsgPreVoteResp votes and 0 vote rejections
race distributed	Distributed serving race tests	2026-09-05T14:16:15.0098400Z raft2026/09/05 14:12:36 INFO: 3 is starting a new election at term 3
race distributed	Distributed serving race tests	2026-09-05T14:16:15.0098779Z raft2026/09/05 14:12:36 INFO: 3 became pre-candidate at term 3
race distributed	Distributed serving race tests	2026-09-05T14:16:15.0099304Z raft2026/09/05 14:12:36 INFO: 3 [logterm: 1, index: 1] sent MsgPreVote request to 1 at term 3
race distributed	Distributed serving race tests	2026-09-05T14:16:15.0099760Z raft2026/09/05 14:12:36 INFO: 3 [logterm: 1, index: 1] sent MsgPreVote request to 2 at term 3
race distributed	Distributed serving race tests	2026-09-05T14:16:15.0100721Z raft2026/09/05 14:12:36 INFO: 3 received MsgPreVoteResp from 3 at term 3
race distributed	Distributed serving race tests	2026-09-05T14:16:15.0101206Z raft2026/09/05 14:12:36 INFO: 3 has received 1 MsgPreVoteResp votes and 0 vote rejections
race distributed	Distributed serving race tests	2026-09-05T14:16:15.0101626Z raft2026/09/05 14:12:36 INFO: 2 is starting a new election at term 4
race distributed	Distributed serving race tests	2026-09-05T14:16:15.0102022Z raft2026/09/05 14:12:36 INFO: 2 became pre-candidate at term 4
race distributed	Distributed serving race tests	2026-09-05T14:16:15.0102480Z raft2026/09/05 14:12:36 INFO: 2 [logterm: 1, index: 1] sent MsgPreVote request to 1 at term 4
race distributed	Distributed serving race tests	2026-09-05T14:16:15.0102970Z raft2026/09/05 14:12:36 INFO: 2 [logterm: 1, index: 1] sent MsgPreVote request to 3 at term 4
race distributed	Distributed serving race tests	2026-09-05T14:16:15.0103380Z raft2026/09/05 14:12:36 INFO: 2 received MsgPreVoteResp from 2 at term 4
race distributed	Distributed serving race tests	2026-09-05T14:16:15.0103836Z raft2026/09/05 14:12:36 INFO: 2 has received 1 MsgPreVoteResp votes and 0 vote rejections
race distributed	Distributed serving race tests	2026-09-05T14:16:15.0104249Z raft2026/09/05 14:12:36 INFO: 3 is starting a new election at term 3
race distributed	Distributed serving race tests	2026-09-05T14:16:15.0104624Z raft2026/09/05 14:12:36 INFO: 3 became pre-candidate at term 3
race distributed	Distributed serving race tests	2026-09-05T14:16:15.0105039Z raft2026/09/05 14:12:36 INFO: 3 [logterm: 1, index: 1] sent MsgPreVote request to 1 at term 3
race distributed	Distributed serving race tests	2026-09-05T14:16:15.0105494Z raft2026/09/05 14:12:36 INFO: 3 [logterm: 1, index: 1] sent MsgPreVote request to 2 at term 3
race distributed	Distributed serving race tests	2026-09-05T14:16:15.0105945Z raft2026/09/05 14:12:36 INFO: 3 received MsgPreVoteResp from 3 at term 3
race distributed	Distributed serving race tests	2026-09-05T14:16:15.0106349Z raft2026/09/05 14:12:36 INFO: 3 has received 1 MsgPreVoteResp votes and 0 vote rejections
race distributed	Distributed serving race tests	2026-09-05T14:16:15.0106771Z raft2026/09/05 14:12:36 INFO: 2 is starting a new election at term 4
race distributed	Distributed serving race tests	2026-09-05T14:16:15.0107105Z raft2026/09/05 14:12:36 INFO: 2 became pre-candidate at term 4
race distributed	Distributed serving race tests	2026-09-05T14:16:15.0107522Z raft2026/09/05 14:12:36 INFO: 2 [logterm: 1, index: 1] sent MsgPreVote request to 1 at term 4
race distributed	Distributed serving race tests	2026-09-05T14:16:15.0107972Z raft2026/09/05 14:12:36 INFO: 2 [logterm: 1, index: 1] sent MsgPreVote request to 3 at term 4
race distributed	Distributed serving race tests	2026-09-05T14:16:15.0108395Z raft2026/09/05 14:12:36 INFO: 2 received MsgPreVoteResp from 2 at term 4
race distributed	Distributed serving race tests	2026-09-05T14:16:15.0108832Z raft2026/09/05 14:12:36 INFO: 2 has received 1 MsgPreVoteResp votes and 0 vote rejections
race distributed	Distributed serving race tests	2026-09-05T14:16:15.0109396Z raft2026/09/05 14:12:36 INFO: 3 is starting a new election at term 3
race distributed	Distributed serving race tests	2026-09-05T14:16:15.0109823Z raft2026/09/05 14:12:36 INFO: 3 became pre-candidate at term 3
race distributed	Distributed serving race tests	2026-09-05T14:16:15.0110229Z raft2026/09/05 14:12:36 INFO: 3 [logterm: 1, index: 1] sent MsgPreVote request to 1 at term 3
race distributed	Distributed serving race tests	2026-09-05T14:16:15.0110697Z raft2026/09/05 14:12:36 INFO: 3 [logterm: 1, index: 1] sent MsgPreVote request to 2 at term 3
race distributed	Distributed serving race tests	2026-09-05T14:16:15.0111132Z raft2026/09/05 14:12:36 INFO: 3 received MsgPreVoteResp from 3 at term 3
race distributed	Distributed serving race tests	2026-09-05T14:16:15.0111558Z raft2026/09/05 14:12:36 INFO: 3 has received 1 MsgPreVoteResp votes and 0 vote rejections
race distributed	Distributed serving race tests	2026-09-05T14:16:15.0112027Z raft2026/09/05 14:12:36 INFO: 2 is starting a new election at term 4
race distributed	Distributed serving race tests	2026-09-05T14:16:15.0112382Z raft2026/09/05 14:12:36 INFO: 2 became pre-candidate at term 4
race distributed	Distributed serving race tests	2026-09-05T14:16:15.0112772Z raft2026/09/05 14:12:36 INFO: 2 [logterm: 1, index: 1] sent MsgPreVote request to 1 at term 4
race distributed	Distributed serving race tests	2026-09-05T14:16:15.0113229Z raft2026/09/05 14:12:36 INFO: 2 [logterm: 1, index: 1] sent MsgPreVote request to 3 at term 4
race distributed	Distributed serving race tests	2026-09-05T14:16:15.0113676Z raft2026/09/05 14:12:36 INFO: 2 received MsgPreVoteResp from 2 at term 4
race distributed	Distributed serving race tests	2026-09-05T14:16:15.0114094Z raft2026/09/05 14:12:36 INFO: 2 has received 1 MsgPreVoteResp votes and 0 vote rejections
race distributed	Distributed serving race tests	2026-09-05T14:16:15.0114575Z raft2026/09/05 14:12:36 INFO: 2 is starting a new election at term 4
race distributed	Distributed serving race tests	2026-09-05T14:16:15.0115002Z raft2026/09/05 14:12:36 INFO: 2 became pre-candidate at term 4
race distributed	Distributed serving race tests	2026-09-05T14:16:15.0115511Z raft2026/09/05 14:12:36 INFO: 2 [logterm: 1, index: 1] sent MsgPreVote request to 1 at term 4
race distributed	Distributed serving race tests	2026-09-05T14:16:15.0115973Z raft2026/09/05 14:12:36 INFO: 2 [logterm: 1, index: 1] sent MsgPreVote request to 3 at term 4
race distributed	Distributed serving race tests	2026-09-05T14:16:15.0116442Z raft2026/09/05 14:12:36 INFO: 2 received MsgPreVoteResp from 2 at term 4
race distributed	Distributed serving race tests	2026-09-05T14:16:15.0116901Z raft2026/09/05 14:12:36 INFO: 2 has received 1 MsgPreVoteResp votes and 0 vote rejections
race distributed	Distributed serving race tests	2026-09-05T14:16:15.0117341Z raft2026/09/05 14:12:36 INFO: 3 is starting a new election at term 3
race distributed	Distributed serving race tests	2026-09-05T14:16:15.0117849Z raft2026/09/05 14:12:36 INFO: 3 became pre-candidate at term 3
race distributed	Distributed serving race tests	2026-09-05T14:16:15.0118301Z raft2026/09/05 14:12:36 INFO: 3 [logterm: 1, index: 1] sent MsgPreVote request to 1 at term 3
race distributed	Distributed serving race tests	2026-09-05T14:16:15.0118746Z raft2026/09/05 14:12:36 INFO: 3 [logterm: 1, index: 1] sent MsgPreVote request to 2 at term 3
race distributed	Distributed serving race tests	2026-09-05T14:16:15.0119423Z raft2026/09/05 14:12:36 INFO: 3 received MsgPreVoteResp from 3 at term 3
race distributed	Distributed serving race tests	2026-09-05T14:16:15.0119894Z raft2026/09/05 14:12:36 INFO: 3 has received 1 MsgPreVoteResp votes and 0 vote rejections
race distributed	Distributed serving race tests	2026-09-05T14:16:15.0120340Z raft2026/09/05 14:12:36 INFO: 2 is starting a new election at term 4
race distributed	Distributed serving race tests	2026-09-05T14:16:15.0120745Z raft2026/09/05 14:12:36 INFO: 2 became pre-candidate at term 4
race distributed	Distributed serving race tests	2026-09-05T14:16:15.0121202Z raft2026/09/05 14:12:36 INFO: 2 [logterm: 1, index: 1] sent MsgPreVote request to 1 at term 4
race distributed	Distributed serving race tests	2026-09-05T14:16:15.0121701Z raft2026/09/05 14:12:36 INFO: 2 [logterm: 1, index: 1] sent MsgPreVote request to 3 at term 4
race distributed	Distributed serving race tests	2026-09-05T14:16:15.0122133Z raft2026/09/05 14:12:36 INFO: 2 received MsgPreVoteResp from 2 at term 4
race distributed	Distributed serving race tests	2026-09-05T14:16:15.0122573Z raft2026/09/05 14:12:36 INFO: 2 has received 1 MsgPreVoteResp votes and 0 vote rejections
race distributed	Distributed serving race tests	2026-09-05T14:16:15.0123007Z raft2026/09/05 14:12:36 INFO: 3 is starting a new election at term 3
race distributed	Distributed serving race tests	2026-09-05T14:16:15.0123412Z raft2026/09/05 14:12:36 INFO: 3 became pre-candidate at term 3
race distributed	Distributed serving race tests	2026-09-05T14:16:15.0123907Z raft2026/09/05 14:12:36 INFO: 3 [logterm: 1, index: 1] sent MsgPreVote request to 1 at term 3
race distributed	Distributed serving race tests	2026-09-05T14:16:15.0124380Z raft2026/09/05 14:12:36 INFO: 3 [logterm: 1, index: 1] sent MsgPreVote request to 2 at term 3
race distributed	Distributed serving race tests	2026-09-05T14:16:15.0124919Z raft2026/09/05 14:12:36 INFO: 3 received MsgPreVoteResp from 3 at term 3
race distributed	Distributed serving race tests	2026-09-05T14:16:15.0125498Z raft2026/09/05 14:12:36 INFO: 3 has received 1 MsgPreVoteResp votes and 0 vote rejections
race distributed	Distributed serving race tests	2026-09-05T14:16:15.0126176Z raft2026/09/05 14:12:36 INFO: 2 is starting a new election at term 4
race distributed	Distributed serving race tests	2026-09-05T14:16:15.0126637Z raft2026/09/05 14:12:36 INFO: 2 became pre-candidate at term 4
race distributed	Distributed serving race tests	2026-09-05T14:16:15.0127158Z raft2026/09/05 14:12:36 INFO: 2 [logterm: 1, index: 1] sent MsgPreVote request to 1 at term 4
race distributed	Distributed serving race tests	2026-09-05T14:16:15.0127673Z raft2026/09/05 14:12:36 INFO: 2 [logterm: 1, index: 1] sent MsgPreVote request to 3 at term 4
race distributed	Distributed serving race tests	2026-09-05T14:16:15.0128140Z raft2026/09/05 14:12:36 INFO: 2 received MsgPreVoteResp from 2 at term 4
race distributed	Distributed serving race tests	2026-09-05T14:16:15.0128639Z raft2026/09/05 14:12:36 INFO: 2 has received 1 MsgPreVoteResp votes and 0 vote rejections
race distributed	Distributed serving race tests	2026-09-05T14:16:15.0129314Z raft2026/09/05 14:12:36 INFO: 3 [logterm: 1, index: 1, vote: 2] cast MsgPreVote for 2 [logterm: 1, index: 1] at term 4
race distributed	Distributed serving race tests	2026-09-05T14:16:15.0129844Z raft2026/09/05 14:12:36 INFO: 2 received MsgVoteResp from 2 at term 4
race distributed	Distributed serving race tests	2026-09-05T14:16:15.0130297Z raft2026/09/05 14:12:36 INFO: 2 has received 1 MsgVoteResp votes and 0 vote rejections
race distributed	Distributed serving race tests	2026-09-05T14:16:15.0130888Z raft2026/09/05 14:12:36 INFO: 2 [logterm: 1, index: 1, vote: 2] rejected MsgPreVote from 3 [logterm: 1, index: 1] at term 4
race distributed	Distributed serving race tests	2026-09-05T14:16:15.0131623Z raft2026/09/05 14:12:36 INFO: 1 [logterm: 3, index: 2, vote: 1] ignored MsgPreVote from 2 [logterm: 1, index: 1] at term 3: lease is not expired (remaining ticks: 9)
race distributed	Distributed serving race tests	2026-09-05T14:16:15.0132394Z raft2026/09/05 14:12:36 INFO: 1 [logterm: 3, index: 2, vote: 1] ignored MsgPreVote from 3 [logterm: 1, index: 1] at term 3: lease is not expired (remaining ticks: 9)
race distributed	Distributed serving race tests	2026-09-05T14:16:15.0133116Z raft2026/09/05 14:12:36 INFO: 2 [logterm: 1, index: 1, vote: 2] rejected MsgPreVote from 3 [logterm: 1, index: 1] at term 4
race distributed	Distributed serving race tests	2026-09-05T14:16:15.0133794Z raft2026/09/05 14:12:36 INFO: 1 [logterm: 3, index: 2, vote: 1] ignored MsgPreVote from 3 [logterm: 1, index: 1] at term 3: lease is not expired (remaining ticks: 8)
race distributed	Distributed serving race tests	2026-09-05T14:16:15.0134500Z raft2026/09/05 14:12:36 INFO: 1 [logterm: 1, index: 1, vote: 2] cast MsgPreVote for 2 [logterm: 1, index: 1] at term 4
race distributed	Distributed serving race tests	2026-09-05T14:16:15.0135058Z raft2026/09/05 14:12:36 INFO: 1 [logterm: 1, index: 1, vote: 2] cast MsgPreVote for 2 [logterm: 1, index: 1] at term 4
race distributed	Distributed serving race tests	2026-09-05T14:16:15.0135920Z raft2026/09/05 14:12:36 INFO: 1 [logterm: 3, index: 2, vote: 1] ignored MsgPreVote from 3 [logterm: 1, index: 1] at term 3: lease is not expired (remaining ticks: 8)
race distributed	Distributed serving race tests	2026-09-05T14:16:15.0136673Z raft2026/09/05 14:12:36 INFO: 1 [logterm: 3, index: 2, vote: 1] ignored MsgPreVote from 3 [logterm: 1, index: 1] at term 3: lease is not expired (remaining ticks: 8)
race distributed	Distributed serving race tests	2026-09-05T14:16:15.0137581Z raft2026/09/05 14:12:36 INFO: 1 [logterm: 3, index: 2, vote: 1] ignored MsgPreVote from 3 [logterm: 1, index: 1] at term 3: lease is not expired (remaining ticks: 8)
race distributed	Distributed serving race tests	2026-09-05T14:16:15.0138240Z raft2026/09/05 14:12:36 INFO: 1 [logterm: 1, index: 1, vote: 2] cast MsgPreVote for 2 [logterm: 1, index: 1] at term 4
race distributed	Distributed serving race tests	2026-09-05T14:16:15.0138902Z raft2026/09/05 14:12:36 INFO: 1 [logterm: 3, index: 2, vote: 1] ignored MsgPreVote from 3 [logterm: 1, index: 1] at term 3: lease is not expired (remaining ticks: 8)
race distributed	Distributed serving race tests	2026-09-05T14:16:15.0139895Z raft2026/09/05 14:12:36 INFO: 3 [logterm: 1, index: 1, vote: 2] cast MsgPreVote for 2 [logterm: 1, index: 1] at term 4
race distributed	Distributed serving race tests	2026-09-05T14:16:15.0140472Z raft2026/09/05 14:12:36 INFO: 1 [logterm: 1, index: 1, vote: 2] cast MsgPreVote for 2 [logterm: 1, index: 1] at term 4
race distributed	Distributed serving race tests	2026-09-05T14:16:15.0141197Z raft2026/09/05 14:12:36 INFO: 1 [logterm: 3, index: 2, vote: 1] ignored MsgPreVote from 3 [logterm: 1, index: 1] at term 3: lease is not expired (remaining ticks: 8)
race distributed	Distributed serving race tests	2026-09-05T14:16:15.0141950Z raft2026/09/05 14:12:36 INFO: 1 [logterm: 3, index: 2, vote: 1] ignored MsgPreVote from 3 [logterm: 1, index: 1] at term 3: lease is not expired (remaining ticks: 8)
race distributed	Distributed serving race tests	2026-09-05T14:16:15.0142647Z raft2026/09/05 14:12:36 INFO: 1 [logterm: 1, index: 1, vote: 2] cast MsgPreVote for 2 [logterm: 1, index: 1] at term 4
race distributed	Distributed serving race tests	2026-09-05T14:16:15.0143110Z raft2026/09/05 14:12:36 INFO: 3 became follower at term 3
race distributed	Distributed serving race tests	2026-09-05T14:16:15.0143651Z raft2026/09/05 14:12:36 INFO: 1 [logterm: 1, index: 1, vote: 2] cast MsgPreVote for 2 [logterm: 1, index: 1] at term 4
race distributed	Distributed serving race tests	2026-09-05T14:16:15.0144223Z raft2026/09/05 14:12:36 INFO: 1 [logterm: 1, index: 1, vote: 2] cast MsgPreVote for 2 [logterm: 1, index: 1] at term 4
race distributed	Distributed serving race tests	2026-09-05T14:16:15.0144836Z raft2026/09/05 14:12:36 INFO: 2 [logterm: 1, index: 1, vote: 2] rejected MsgPreVote from 3 [logterm: 1, index: 1] at term 4
race distributed	Distributed serving race tests	2026-09-05T14:16:15.0145424Z raft2026/09/05 14:12:36 INFO: 1 [logterm: 1, index: 1, vote: 2] cast MsgPreVote for 2 [logterm: 1, index: 1] at term 4
race distributed	Distributed serving race tests	2026-09-05T14:16:15.0146021Z raft2026/09/05 14:12:36 INFO: 1 [logterm: 1, index: 1, vote: 2] cast MsgPreVote for 2 [logterm: 1, index: 1] at term 4
race distributed	Distributed serving race tests	2026-09-05T14:16:15.0146608Z raft2026/09/05 14:12:36 INFO: 3 [logterm: 1, index: 1, vote: 2] cast MsgPreVote for 2 [logterm: 1, index: 1] at term 4
race distributed	Distributed serving race tests	2026-09-05T14:16:15.0147198Z raft2026/09/05 14:12:36 INFO: 2 [logterm: 1, index: 1, vote: 2] rejected MsgPreVote from 3 [logterm: 1, index: 1] at term 4
race distributed	Distributed serving race tests	2026-09-05T14:16:15.0147819Z raft2026/09/05 14:12:36 INFO: 1 [logterm: 1, index: 1, vote: 2] cast MsgPreVote for 2 [logterm: 1, index: 1] at term 4
race distributed	Distributed serving race tests	2026-09-05T14:16:15.0148477Z raft2026/09/05 14:12:36 INFO: 1 [logterm: 3, index: 2, vote: 1] ignored MsgPreVote from 3 [logterm: 1, index: 1] at term 3: lease is not expired (remaining ticks: 7)
race distributed	Distributed serving race tests	2026-09-05T14:16:15.0149308Z raft2026/09/05 14:12:36 INFO: 3 [logterm: 1, index: 1, vote: 2] cast MsgPreVote for 2 [logterm: 1, index: 1] at term 4
race distributed	Distributed serving race tests	2026-09-05T14:16:15.0149893Z raft2026/09/05 14:12:36 INFO: 1 [logterm: 1, index: 1, vote: 2] cast MsgPreVote for 2 [logterm: 1, index: 1] at term 4
race distributed	Distributed serving race tests	2026-09-05T14:16:15.0150473Z raft2026/09/05 14:12:36 INFO: 3 [logterm: 1, index: 1, vote: 2] cast MsgPreVote for 2 [logterm: 1, index: 1] at term 4
race distributed	Distributed serving race tests	2026-09-05T14:16:15.0151107Z raft2026/09/05 14:12:36 INFO: 2 [logterm: 1, index: 1, vote: 2] rejected MsgPreVote from 3 [logterm: 1, index: 1] at term 4
race distributed	Distributed serving race tests	2026-09-05T14:16:15.0151821Z raft2026/09/05 14:12:36 INFO: 1 [logterm: 3, index: 2, vote: 1] ignored MsgVote from 2 [logterm: 1, index: 1] at term 3: lease is not expired (remaining ticks: 7)
race distributed	Distributed serving race tests	2026-09-05T14:16:15.0152471Z raft2026/09/05 14:12:36 INFO: 1 [logterm: 1, index: 1, vote: 2] cast MsgPreVote for 2 [logterm: 1, index: 1] at term 4
race distributed	Distributed serving race tests	2026-09-05T14:16:15.0153208Z raft2026/09/05 14:12:36 INFO: 2 [logterm: 1, index: 1, vote: 2] rejected MsgPreVote from 3 [logterm: 1, index: 1] at term 4
race distributed	Distributed serving race tests	2026-09-05T14:16:15.0153793Z raft2026/09/05 14:12:36 INFO: 3 [logterm: 1, index: 1, vote: 2] cast MsgPreVote for 2 [logterm: 1, index: 1] at term 4
race distributed	Distributed serving race tests	2026-09-05T14:16:15.0154403Z raft2026/09/05 14:12:36 INFO: 2 received MsgPreVoteResp from 1 at term 4
race distributed	Distributed serving race tests	2026-09-05T14:16:15.0154851Z raft2026/09/05 14:12:36 INFO: 2 has received 2 MsgPreVoteResp votes and 0 vote rejections
race distributed	Distributed serving race tests	2026-09-05T14:16:15.0155318Z raft2026/09/05 14:12:36 INFO: 2 became candidate at term 5
race distributed	Distributed serving race tests	2026-09-05T14:16:15.0155771Z raft2026/09/05 14:12:36 INFO: 2 [logterm: 1, index: 1] sent MsgVote request to 1 at term 5
race distributed	Distributed serving race tests	2026-09-05T14:16:15.0156258Z raft2026/09/05 14:12:36 INFO: 2 [logterm: 1, index: 1] sent MsgVote request to 3 at term 5
race distributed	Distributed serving race tests	2026-09-05T14:16:15.0156847Z raft2026/09/05 14:12:36 INFO: 2 [logterm: 1, index: 1, vote: 2] rejected MsgPreVote from 3 [logterm: 1, index: 1] at term 4
race distributed	Distributed serving race tests	2026-09-05T14:16:15.0157449Z raft2026/09/05 14:12:36 INFO: 2 [logterm: 1, index: 1, vote: 2] rejected MsgPreVote from 3 [logterm: 1, index: 1] at term 4
race distributed	Distributed serving race tests	2026-09-05T14:16:15.0158080Z raft2026/09/05 14:12:36 INFO: 3 [logterm: 1, index: 1, vote: 2] cast MsgPreVote for 2 [logterm: 1, index: 1] at term 4
race distributed	Distributed serving race tests	2026-09-05T14:16:15.0158669Z raft2026/09/05 14:12:36 INFO: 2 [logterm: 1, index: 1, vote: 2] rejected MsgPreVote from 3 [logterm: 1, index: 1] at term 4
race distributed	Distributed serving race tests	2026-09-05T14:16:15.0159516Z raft2026/09/05 14:12:36 INFO: 3 [logterm: 1, index: 1, vote: 2] cast MsgPreVote for 2 [logterm: 1, index: 1] at term 4
race distributed	Distributed serving race tests	2026-09-05T14:16:15.0160134Z raft2026/09/05 14:12:36 INFO: 3 [logterm: 1, index: 1, vote: 2] cast MsgPreVote for 2 [logterm: 1, index: 1] at term 4
race distributed	Distributed serving race tests	2026-09-05T14:16:15.0160712Z raft2026/09/05 14:12:36 INFO: 3 [logterm: 1, index: 1, vote: 2] cast MsgPreVote for 2 [logterm: 1, index: 1] at term 4
race distributed	Distributed serving race tests	2026-09-05T14:16:15.0161299Z raft2026/09/05 14:12:36 INFO: 3 [logterm: 1, index: 1, vote: 2] cast MsgPreVote for 2 [logterm: 1, index: 1] at term 4
race distributed	Distributed serving race tests	2026-09-05T14:16:15.0161864Z raft2026/09/05 14:12:36 INFO: 3 [logterm: 1, index: 1, vote: 2] cast MsgPreVote for 2 [logterm: 1, index: 1] at term 4
race distributed	Distributed serving race tests	2026-09-05T14:16:15.0162579Z raft2026/09/05 14:12:36 INFO: 3 [logterm: 3, index: 2, vote: 3] ignored MsgVote from 2 [logterm: 1, index: 1] at term 3: lease is not expired (remaining ticks: 8)
race distributed	Distributed serving race tests	2026-09-05T14:16:15.0163224Z raft2026/09/05 14:12:36 INFO: 3 [term: 3] received a MsgPreVoteResp message with higher term from 2 [term: 4]
race distributed	Distributed serving race tests	2026-09-05T14:16:15.0163756Z raft2026/09/05 14:12:36 INFO: 3 became follower at term 4
race distributed	Distributed serving race tests	2026-09-05T14:16:15.0164147Z raft2026/09/05 14:12:36 INFO: 2 received MsgVoteResp from 2 at term 5
race distributed	Distributed serving race tests	2026-09-05T14:16:15.0164661Z raft2026/09/05 14:12:36 INFO: 2 has received 1 MsgVoteResp votes and 0 vote rejections
race distributed	Distributed serving race tests	2026-09-05T14:16:15.0165176Z raft2026/09/05 14:12:36 INFO: 2 [term: 5] ignored a MsgVoteResp message with lower term from 3 [term: 4]
race distributed	Distributed serving race tests	2026-09-05T14:16:15.0165713Z raft2026/09/05 14:12:36 INFO: 3 [term: 4] received a MsgVote message with higher term from 2 [term: 5]
race distributed	Distributed serving race tests	2026-09-05T14:16:15.0166199Z raft2026/09/05 14:12:36 INFO: 3 became follower at term 5
race distributed	Distributed serving race tests	2026-09-05T14:16:15.0166657Z raft2026/09/05 14:12:36 INFO: 3 [logterm: 1, index: 1, vote: 0] cast MsgVote for 2 [logterm: 1, index: 1] at term 5
race distributed	Distributed serving race tests	2026-09-05T14:16:15.0167223Z raft2026/09/05 14:12:36 INFO: 1 is starting a new election at term 4
race distributed	Distributed serving race tests	2026-09-05T14:16:15.0167628Z raft2026/09/05 14:12:36 INFO: 1 became pre-candidate at term 4
race distributed	Distributed serving race tests	2026-09-05T14:16:15.0168112Z raft2026/09/05 14:12:36 INFO: 1 [logterm: 1, index: 1] sent MsgPreVote request to 2 at term 4
race distributed	Distributed serving race tests	2026-09-05T14:16:15.0168615Z raft2026/09/05 14:12:36 INFO: 1 [logterm: 1, index: 1] sent MsgPreVote request to 3 at term 4
race distributed	Distributed serving race tests	2026-09-05T14:16:15.0169316Z raft2026/09/05 14:12:36 INFO: 1 received MsgPreVoteResp from 1 at term 4
race distributed	Distributed serving race tests	2026-09-05T14:16:15.0169844Z raft2026/09/05 14:12:36 INFO: 1 has received 1 MsgPreVoteResp votes and 0 vote rejections
race distributed	Distributed serving race tests	2026-09-05T14:16:15.0170370Z raft2026/09/05 14:12:36 INFO: 2 received MsgVoteResp from 3 at term 5
race distributed	Distributed serving race tests	2026-09-05T14:16:15.0170876Z raft2026/09/05 14:12:36 INFO: 2 has received 2 MsgVoteResp votes and 0 vote rejections
race distributed	Distributed serving race tests	2026-09-05T14:16:15.0171306Z raft2026/09/05 14:12:36 INFO: 2 became leader at term 5
race distributed	Distributed serving race tests	2026-09-05T14:16:15.0171911Z raft2026/09/05 14:12:36 INFO: 3 [logterm: 1, index: 1, vote: 2] rejected MsgPreVote from 1 [logterm: 1, index: 1] at term 5
race distributed	Distributed serving race tests	2026-09-05T14:16:15.0172418Z raft2026/09/05 14:12:36 INFO: 2 is starting a new election at term 4
race distributed	Distributed serving race tests	2026-09-05T14:16:15.0172838Z raft2026/09/05 14:12:36 INFO: 2 became pre-candidate at term 4
race distributed	Distributed serving race tests	2026-09-05T14:16:15.0173341Z raft2026/09/05 14:12:36 INFO: 2 [logterm: 1, index: 1] sent MsgPreVote request to 1 at term 4
race distributed	Distributed serving race tests	2026-09-05T14:16:15.0173807Z raft2026/09/05 14:12:36 INFO: 2 [logterm: 1, index: 1] sent MsgPreVote request to 3 at term 4
race distributed	Distributed serving race tests	2026-09-05T14:16:15.0174493Z raft2026/09/05 14:12:36 INFO: 2 [logterm: 5, index: 2, vote: 2] rejected MsgPreVote from 1 [logterm: 1, index: 1] at term 5
race distributed	Distributed serving race tests	2026-09-05T14:16:15.0175055Z raft2026/09/05 14:12:36 INFO: 1 [term: 3] received a MsgAppResp message with higher term from 2 [term: 4]
race distributed	Distributed serving race tests	2026-09-05T14:16:15.0175577Z raft2026/09/05 14:12:36 INFO: 1 became follower at term 4
race distributed	Distributed serving race tests	2026-09-05T14:16:15.0175991Z raft2026/09/05 14:12:36 INFO: 2 received MsgPreVoteResp from 2 at term 4
race distributed	Distributed serving race tests	2026-09-05T14:16:15.0176479Z raft2026/09/05 14:12:36 INFO: 2 has received 1 MsgPreVoteResp votes and 0 vote rejections
race distributed	Distributed serving race tests	2026-09-05T14:16:15.0177057Z raft2026/09/05 14:12:36 INFO: 3 [logterm: 3, index: 2, vote: 0] rejected MsgPreVote from 2 [logterm: 1, index: 1] at term 4
race distributed	Distributed serving race tests	2026-09-05T14:16:15.0178920Z raft2026/09/05 14:12:36 INFO: 1 [term: 4] ignored a MsgHeartbeatResp message with lower term from 3 [term: 3]
race distributed	Distributed serving race tests	2026-09-05T14:16:15.0179733Z raft2026/09/05 14:12:36 INFO: 1 [term: 4] ignored a MsgHeartbeatResp message with lower term from 3 [term: 3]
race distributed	Distributed serving race tests	2026-09-05T14:16:15.0180268Z raft2026/09/05 14:12:36 INFO: 1 [term: 4] received a MsgVote message with higher term from 2 [term: 5]
race distributed	Distributed serving race tests	2026-09-05T14:16:15.0180772Z raft2026/09/05 14:12:36 INFO: 1 became follower at term 5
race distributed	Distributed serving race tests	2026-09-05T14:16:15.0181241Z raft2026/09/05 14:12:36 INFO: 1 [logterm: 1, index: 1, vote: 0] cast MsgVote for 2 [logterm: 1, index: 1] at term 5
race distributed	Distributed serving race tests	2026-09-05T14:16:15.0181837Z raft2026/09/05 14:12:36 INFO: 1 [term: 4] ignored a MsgHeartbeatResp message with lower term from 3 [term: 3]
race distributed	Distributed serving race tests	2026-09-05T14:16:15.0182337Z raft2026/09/05 14:12:36 INFO: 3 is starting a new election at term 4
race distributed	Distributed serving race tests	2026-09-05T14:16:15.0182740Z raft2026/09/05 14:12:36 INFO: 3 became pre-candidate at term 4
race distributed	Distributed serving race tests	2026-09-05T14:16:15.0183229Z raft2026/09/05 14:12:36 INFO: 3 [logterm: 3, index: 2] sent MsgPreVote request to 1 at term 4
race distributed	Distributed serving race tests	2026-09-05T14:16:15.0183702Z raft2026/09/05 14:12:36 INFO: 3 [logterm: 3, index: 2] sent MsgPreVote request to 2 at term 4
race distributed	Distributed serving race tests	2026-09-05T14:16:15.0184246Z raft2026/09/05 14:12:36 INFO: 3 received MsgPreVoteResp from 3 at term 4
race distributed	Distributed serving race tests	2026-09-05T14:16:15.0184696Z raft2026/09/05 14:12:36 INFO: 3 has received 1 MsgPreVoteResp votes and 0 vote rejections
race distributed	Distributed serving race tests	2026-09-05T14:16:15.0185268Z raft2026/09/05 14:12:36 INFO: 1 [term: 4] ignored a MsgHeartbeatResp message with lower term from 3 [term: 3]
race distributed	Distributed serving race tests	2026-09-05T14:16:15.0185781Z raft2026/09/05 14:12:36 INFO: 2 received MsgPreVoteResp rejection from 3 at term 4
race distributed	Distributed serving race tests	2026-09-05T14:16:15.0186249Z raft2026/09/05 14:12:36 INFO: 2 has received 1 MsgPreVoteResp votes and 1 vote rejections
race distributed	Distributed serving race tests	2026-09-05T14:16:15.0186845Z raft2026/09/05 14:12:36 INFO: 2 [logterm: 1, index: 1, vote: 2] cast MsgPreVote for 3 [logterm: 3, index: 2] at term 4
race distributed	Distributed serving race tests	2026-09-05T14:16:15.0187377Z raft2026/09/05 14:12:36 INFO: 2 is starting a new election at term 4
race distributed	Distributed serving race tests	2026-09-05T14:16:15.0187855Z raft2026/09/05 14:12:36 INFO: 2 became pre-candidate at term 4
race distributed	Distributed serving race tests	2026-09-05T14:16:15.0188292Z raft2026/09/05 14:12:36 INFO: 2 [logterm: 1, index: 1] sent MsgPreVote request to 1 at term 4
race distributed	Distributed serving race tests	2026-09-05T14:16:15.0188848Z raft2026/09/05 14:12:36 INFO: 2 [logterm: 1, index: 1] sent MsgPreVote request to 3 at term 4
race distributed	Distributed serving race tests	2026-09-05T14:16:15.0189690Z raft2026/09/05 14:12:36 INFO: 2 received MsgPreVoteResp from 2 at term 4
race distributed	Distributed serving race tests	2026-09-05T14:16:15.0190270Z raft2026/09/05 14:12:36 INFO: 2 has received 1 MsgPreVoteResp votes and 0 vote rejections
race distributed	Distributed serving race tests	2026-09-05T14:16:15.0190880Z raft2026/09/05 14:12:36 INFO: 1 [logterm: 3, index: 2, vote: 0] rejected MsgPreVote from 2 [logterm: 1, index: 1] at term 4
race distributed	Distributed serving race tests	2026-09-05T14:16:15.0191498Z raft2026/09/05 14:12:36 INFO: 2 received MsgPreVoteResp rejection from 1 at term 4
race distributed	Distributed serving race tests	2026-09-05T14:16:15.0192084Z raft2026/09/05 14:12:36 INFO: 1 [logterm: 3, index: 2, vote: 0] cast MsgPreVote for 3 [logterm: 3, index: 2] at term 4
race distributed	Distributed serving race tests	2026-09-05T14:16:15.0192633Z raft2026/09/05 14:12:36 INFO: 2 has received 1 MsgPreVoteResp votes and 1 vote rejections
race distributed	Distributed serving race tests	2026-09-05T14:16:15.0193156Z raft2026/09/05 14:12:36 INFO: 3 received MsgPreVoteResp from 1 at term 4
race distributed	Distributed serving race tests	2026-09-05T14:16:15.0193615Z raft2026/09/05 14:12:36 INFO: 3 has received 2 MsgPreVoteResp votes and 0 vote rejections
race distributed	Distributed serving race tests	2026-09-05T14:16:15.0194068Z raft2026/09/05 14:12:36 INFO: 3 became candidate at term 5
race distributed	Distributed serving race tests	2026-09-05T14:16:15.0194551Z raft2026/09/05 14:12:36 INFO: 3 [logterm: 3, index: 2] sent MsgVote request to 1 at term 5
race distributed	Distributed serving race tests	2026-09-05T14:16:15.0195010Z raft2026/09/05 14:12:36 INFO: 3 [logterm: 3, index: 2] sent MsgVote request to 2 at term 5
race distributed	Distributed serving race tests	2026-09-05T14:16:15.0195616Z raft2026/09/05 14:12:36 INFO: 1 [logterm: 3, index: 2, vote: 0] rejected MsgPreVote from 2 [logterm: 1, index: 1] at term 4
race distributed	Distributed serving race tests	2026-09-05T14:16:15.0196143Z raft2026/09/05 14:12:36 INFO: 3 received MsgVoteResp from 3 at term 5
race distributed	Distributed serving race tests	2026-09-05T14:16:15.0196622Z raft2026/09/05 14:12:36 INFO: 3 has received 1 MsgVoteResp votes and 0 vote rejections
race distributed	Distributed serving race tests	2026-09-05T14:16:15.0197071Z raft2026/09/05 14:12:36 INFO: 1 is starting a new election at term 4
race distributed	Distributed serving race tests	2026-09-05T14:16:15.0197517Z raft2026/09/05 14:12:36 INFO: 1 became pre-candidate at term 4
race distributed	Distributed serving race tests	2026-09-05T14:16:15.0197990Z raft2026/09/05 14:12:36 INFO: 1 [logterm: 3, index: 2] sent MsgPreVote request to 2 at term 4
race distributed	Distributed serving race tests	2026-09-05T14:16:15.0198496Z raft2026/09/05 14:12:36 INFO: 1 [logterm: 3, index: 2] sent MsgPreVote request to 3 at term 4
race distributed	Distributed serving race tests	2026-09-05T14:16:15.0199016Z raft2026/09/05 14:12:36 INFO: 1 received MsgPreVoteResp from 1 at term 4
race distributed	Distributed serving race tests	2026-09-05T14:16:15.0199616Z raft2026/09/05 14:12:36 INFO: 1 has received 1 MsgPreVoteResp votes and 0 vote rejections
race distributed	Distributed serving race tests	2026-09-05T14:16:15.0200271Z raft2026/09/05 14:12:36 INFO: 3 [logterm: 3, index: 2, vote: 3] rejected MsgPreVote from 1 [logterm: 3, index: 2] at term 5
race distributed	Distributed serving race tests	2026-09-05T14:16:15.0200871Z raft2026/09/05 14:12:36 INFO: 2 [term: 4] received a MsgVote message with higher term from 3 [term: 5]
race distributed	Distributed serving race tests	2026-09-05T14:16:15.0201372Z raft2026/09/05 14:12:36 INFO: 2 became follower at term 5
race distributed	Distributed serving race tests	2026-09-05T14:16:15.0201837Z raft2026/09/05 14:12:36 INFO: 2 [logterm: 1, index: 1, vote: 0] cast MsgVote for 3 [logterm: 3, index: 2] at term 5
race distributed	Distributed serving race tests	2026-09-05T14:16:15.0202363Z raft2026/09/05 14:12:36 INFO: 1 [term: 4] received a MsgVote message with higher term from 3 [term: 5]
race distributed	Distributed serving race tests	2026-09-05T14:16:15.0202883Z raft2026/09/05 14:12:36 INFO: 1 became follower at term 5
race distributed	Distributed serving race tests	2026-09-05T14:16:15.0203376Z raft2026/09/05 14:12:36 INFO: 1 [logterm: 3, index: 2, vote: 0] cast MsgVote for 3 [logterm: 3, index: 2] at term 5
race distributed	Distributed serving race tests	2026-09-05T14:16:15.0203921Z raft2026/09/05 14:12:36 INFO: 3 received MsgVoteResp from 1 at term 5
race distributed	Distributed serving race tests	2026-09-05T14:16:15.0204372Z raft2026/09/05 14:12:36 INFO: 3 has received 2 MsgVoteResp votes and 0 vote rejections
race distributed	Distributed serving race tests	2026-09-05T14:16:15.0204830Z raft2026/09/05 14:12:36 INFO: 3 became leader at term 5
race distributed	Distributed serving race tests	2026-09-05T14:16:15.0205310Z raft2026/09/05 14:12:36 INFO: 2 [term: 5] ignored a MsgPreVoteResp message with lower term from 1 [term: 4]
race distributed	Distributed serving race tests	2026-09-05T14:16:15.0205876Z raft2026/09/05 14:12:36 INFO: 2 [logterm: 1, index: 1, vote: 3] rejected MsgPreVote from 1 [logterm: 3, index: 2] at term 5
race distributed	Distributed serving race tests	2026-09-05T14:16:15.0206538Z raft2026/09/05 14:12:36 INFO: 3 [logterm: 5, index: 3, vote: 3] rejected MsgPreVote from 2 [logterm: 1, index: 1] at term 5
race distributed	Distributed serving race tests	2026-09-05T14:16:15.0207020Z raft2026/09/05 14:12:36 INFO: 2 is starting a new election at term 5
race distributed	Distributed serving race tests	2026-09-05T14:16:15.0207443Z raft2026/09/05 14:12:36 INFO: 2 became pre-candidate at term 5
race distributed	Distributed serving race tests	2026-09-05T14:16:15.0208013Z raft2026/09/05 14:12:36 INFO: 2 [logterm: 1, index: 1] sent MsgPreVote request to 1 at term 5
race distributed	Distributed serving race tests	2026-09-05T14:16:15.0208547Z raft2026/09/05 14:12:36 INFO: 2 [logterm: 1, index: 1] sent MsgPreVote request to 3 at term 5
race distributed	Distributed serving race tests	2026-09-05T14:16:15.0209012Z raft2026/09/05 14:12:38 INFO: 1 switched to configuration voters=(1 2 3)
race distributed	Distributed serving race tests	2026-09-05T14:16:15.0209605Z raft2026/09/05 14:12:38 INFO: 1 became follower at term 1
race distributed	Distributed serving race tests	2026-09-05T14:16:15.0210153Z raft2026/09/05 14:12:38 INFO: newRaft 1 [peers: [1,2,3], term: 1, commit: 1, applied: 1, lastindex: 1, lastterm: 1]
race distributed	Distributed serving race tests	2026-09-05T14:16:15.0210646Z raft2026/09/05 14:12:40 INFO: 1 switched to configuration voters=(1 2 3)
race distributed	Distributed serving race tests	2026-09-05T14:16:15.0211085Z raft2026/09/05 14:12:40 INFO: 1 became follower at term 1
race distributed	Distributed serving race tests	2026-09-05T14:16:15.0211544Z raft2026/09/05 14:12:40 INFO: newRaft 1 [peers: [1,2,3], term: 1, commit: 1, applied: 1, lastindex: 1, lastterm: 1]
race distributed	Distributed serving race tests	2026-09-05T14:16:15.0212095Z raft2026/09/05 14:12:40 INFO: 1 switched to configuration voters=(1 2 3)
race distributed	Distributed serving race tests	2026-09-05T14:16:15.0212503Z raft2026/09/05 14:12:40 INFO: 1 became follower at term 1
race distributed	Distributed serving race tests	2026-09-05T14:16:15.0212964Z raft2026/09/05 14:12:40 INFO: newRaft 1 [peers: [1,2,3], term: 1, commit: 1, applied: 1, lastindex: 1, lastterm: 1]
race distributed	Distributed serving race tests	2026-09-05T14:16:15.0213514Z raft2026/09/05 14:12:40 INFO: 2 switched to configuration voters=(1 2 3)
race distributed	Distributed serving race tests	2026-09-05T14:16:15.0213912Z raft2026/09/05 14:12:40 INFO: 2 became follower at term 1
race distributed	Distributed serving race tests	2026-09-05T14:16:15.0214451Z raft2026/09/05 14:12:40 INFO: newRaft 2 [peers: [1,2,3], term: 1, commit: 1, applied: 1, lastindex: 1, lastterm: 1]
race distributed	Distributed serving race tests	2026-09-05T14:16:15.0214946Z raft2026/09/05 14:12:40 INFO: 1 is starting a new election at term 1
race distributed	Distributed serving race tests	2026-09-05T14:16:15.0215392Z raft2026/09/05 14:12:40 INFO: 1 became pre-candidate at term 1
race distributed	Distributed serving race tests	2026-09-05T14:16:15.0215827Z raft2026/09/05 14:12:40 INFO: 1 [logterm: 1, index: 1] sent MsgPreVote request to 2 at term 1
race distributed	Distributed serving race tests	2026-09-05T14:16:15.0216284Z raft2026/09/05 14:12:40 INFO: 1 [logterm: 1, index: 1] sent MsgPreVote request to 3 at term 1
race distributed	Distributed serving race tests	2026-09-05T14:16:15.0216817Z raft2026/09/05 14:12:40 INFO: 1 received MsgPreVoteResp from 1 at term 1
race distributed	Distributed serving race tests	2026-09-05T14:16:15.0217298Z raft2026/09/05 14:12:40 INFO: 1 has received 1 MsgPreVoteResp votes and 0 vote rejections
race distributed	Distributed serving race tests	2026-09-05T14:16:15.0217869Z raft2026/09/05 14:12:40 INFO: 2 [logterm: 1, index: 1, vote: 0] cast MsgPreVote for 1 [logterm: 1, index: 1] at term 1
race distributed	Distributed serving race tests	2026-09-05T14:16:15.0218366Z raft2026/09/05 14:12:40 INFO: 1 received MsgPreVoteResp from 2 at term 1
race distributed	Distributed serving race tests	2026-09-05T14:16:15.0218891Z raft2026/09/05 14:12:40 INFO: 1 has received 2 MsgPreVoteResp votes and 0 vote rejections
race distributed	Distributed serving race tests	2026-09-05T14:16:15.0219439Z raft2026/09/05 14:12:40 INFO: 1 became candidate at term 2
race distributed	Distributed serving race tests	2026-09-05T14:16:15.0219848Z raft2026/09/05 14:12:40 INFO: 1 [logterm: 1, index: 1] sent MsgVote request to 2 at term 2
race distributed	Distributed serving race tests	2026-09-05T14:16:15.0220394Z raft2026/09/05 14:12:40 INFO: 1 [logterm: 1, index: 1] sent MsgVote request to 3 at term 2
race distributed	Distributed serving race tests	2026-09-05T14:16:15.0220865Z raft2026/09/05 14:12:40 INFO: 1 received MsgVoteResp from 1 at term 2
race distributed	Distributed serving race tests	2026-09-05T14:16:15.0221337Z raft2026/09/05 14:12:40 INFO: 1 has received 1 MsgVoteResp votes and 0 vote rejections
race distributed	Distributed serving race tests	2026-09-05T14:16:15.0221837Z raft2026/09/05 14:12:40 INFO: 2 [term: 1] received a MsgVote message with higher term from 1 [term: 2]
race distributed	Distributed serving race tests	2026-09-05T14:16:15.0222336Z raft2026/09/05 14:12:40 INFO: 2 became follower at term 2
race distributed	Distributed serving race tests	2026-09-05T14:16:15.0222814Z raft2026/09/05 14:12:40 INFO: 2 [logterm: 1, index: 1, vote: 0] cast MsgVote for 1 [logterm: 1, index: 1] at term 2
race distributed	Distributed serving race tests	2026-09-05T14:16:15.0223293Z raft2026/09/05 14:12:40 INFO: 1 received MsgVoteResp from 2 at term 2
race distributed	Distributed serving race tests	2026-09-05T14:16:15.0223813Z raft2026/09/05 14:12:40 INFO: 1 has received 2 MsgVoteResp votes and 0 vote rejections
race distributed	Distributed serving race tests	2026-09-05T14:16:15.0224237Z raft2026/09/05 14:12:40 INFO: 1 became leader at term 2
race distributed	Distributed serving race tests	2026-09-05T14:16:15.0224688Z raft2026/09/05 14:12:41 INFO: 1 switched to configuration voters=(1 2 3)
race distributed	Distributed serving race tests	2026-09-05T14:16:15.0225115Z raft2026/09/05 14:12:41 INFO: 1 became follower at term 1
race distributed	Distributed serving race tests	2026-09-05T14:16:15.0225618Z raft2026/09/05 14:12:41 INFO: newRaft 1 [peers: [1,2,3], term: 1, commit: 1, applied: 1, lastindex: 1, lastterm: 1]
race distributed	Distributed serving race tests	2026-09-05T14:16:15.0226191Z raft2026/09/05 14:12:42 INFO: 2 switched to configuration voters=(1 2 3)
race distributed	Distributed serving race tests	2026-09-05T14:16:15.0226532Z raft2026/09/05 14:12:42 INFO: 2 became follower at term 1
race distributed	Distributed serving race tests	2026-09-05T14:16:15.0226999Z raft2026/09/05 14:12:42 INFO: newRaft 2 [peers: [1,2,3], term: 1, commit: 1, applied: 1, lastindex: 1, lastterm: 1]
race distributed	Distributed serving race tests	2026-09-05T14:16:15.0227514Z raft2026/09/05 14:12:43 INFO: 3 switched to configuration voters=(1 2 3)
race distributed	Distributed serving race tests	2026-09-05T14:16:15.0227895Z raft2026/09/05 14:12:43 INFO: 3 became follower at term 1
race distributed	Distributed serving race tests	2026-09-05T14:16:15.0228305Z raft2026/09/05 14:12:43 INFO: newRaft 3 [peers: [1,2,3], term: 1, commit: 1, applied: 1, lastindex: 1, lastterm: 1]
race distributed	Distributed serving race tests	2026-09-05T14:16:15.0228761Z raft2026/09/05 14:12:43 INFO: 1 is starting a new election at term 1
race distributed	Distributed serving race tests	2026-09-05T14:16:15.0229335Z raft2026/09/05 14:12:43 INFO: 1 became pre-candidate at term 1
race distributed	Distributed serving race tests	2026-09-05T14:16:15.0229731Z raft2026/09/05 14:12:43 INFO: 1 [logterm: 1, index: 1] sent MsgPreVote request to 2 at term 1
race distributed	Distributed serving race tests	2026-09-05T14:16:15.0230227Z raft2026/09/05 14:12:43 INFO: 1 [logterm: 1, index: 1] sent MsgPreVote request to 3 at term 1
race distributed	Distributed serving race tests	2026-09-05T14:16:15.0230628Z raft2026/09/05 14:12:43 INFO: 1 received MsgPreVoteResp from 1 at term 1
race distributed	Distributed serving race tests	2026-09-05T14:16:15.0231075Z raft2026/09/05 14:12:43 INFO: 1 has received 1 MsgPreVoteResp votes and 0 vote rejections
race distributed	Distributed serving race tests	2026-09-05T14:16:15.0231548Z raft2026/09/05 14:12:43 INFO: 2 [logterm: 1, index: 1, vote: 0] cast MsgPreVote for 1 [logterm: 1, index: 1] at term 1
race distributed	Distributed serving race tests	2026-09-05T14:16:15.0232087Z raft2026/09/05 14:12:43 INFO: 3 [logterm: 1, index: 1, vote: 0] cast MsgPreVote for 1 [logterm: 1, index: 1] at term 1
race distributed	Distributed serving race tests	2026-09-05T14:16:15.0232522Z raft2026/09/05 14:12:43 INFO: 1 received MsgPreVoteResp from 2 at term 1
race distributed	Distributed serving race tests	2026-09-05T14:16:15.0232907Z raft2026/09/05 14:12:43 INFO: 1 has received 2 MsgPreVoteResp votes and 0 vote rejections
race distributed	Distributed serving race tests	2026-09-05T14:16:15.0233354Z raft2026/09/05 14:12:43 INFO: 1 became candidate at term 2
race distributed	Distributed serving race tests	2026-09-05T14:16:15.0233730Z raft2026/09/05 14:12:43 INFO: 1 [logterm: 1, index: 1] sent MsgVote request to 2 at term 2
race distributed	Distributed serving race tests	2026-09-05T14:16:15.0234186Z raft2026/09/05 14:12:43 INFO: 1 [logterm: 1, index: 1] sent MsgVote request to 3 at term 2
race distributed	Distributed serving race tests	2026-09-05T14:16:15.0234577Z raft2026/09/05 14:12:43 INFO: 1 received MsgVoteResp from 1 at term 2
race distributed	Distributed serving race tests	2026-09-05T14:16:15.0235022Z raft2026/09/05 14:12:43 INFO: 1 has received 1 MsgVoteResp votes and 0 vote rejections
race distributed	Distributed serving race tests	2026-09-05T14:16:15.0235471Z raft2026/09/05 14:12:43 INFO: 2 [term: 1] received a MsgVote message with higher term from 1 [term: 2]
race distributed	Distributed serving race tests	2026-09-05T14:16:15.0235867Z raft2026/09/05 14:12:43 INFO: 2 became follower at term 2
race distributed	Distributed serving race tests	2026-09-05T14:16:15.0236343Z raft2026/09/05 14:12:43 INFO: 2 [logterm: 1, index: 1, vote: 0] cast MsgVote for 1 [logterm: 1, index: 1] at term 2
race distributed	Distributed serving race tests	2026-09-05T14:16:15.0236825Z raft2026/09/05 14:12:43 INFO: 3 [term: 1] received a MsgVote message with higher term from 1 [term: 2]
race distributed	Distributed serving race tests	2026-09-05T14:16:15.0237268Z raft2026/09/05 14:12:43 INFO: 3 became follower at term 2
race distributed	Distributed serving race tests	2026-09-05T14:16:15.0237675Z raft2026/09/05 14:12:43 INFO: 3 [logterm: 1, index: 1, vote: 0] cast MsgVote for 1 [logterm: 1, index: 1] at term 2
race distributed	Distributed serving race tests	2026-09-05T14:16:15.0238136Z raft2026/09/05 14:12:43 INFO: 1 received MsgVoteResp from 3 at term 2
race distributed	Distributed serving race tests	2026-09-05T14:16:15.0238522Z raft2026/09/05 14:12:43 INFO: 1 has received 2 MsgVoteResp votes and 0 vote rejections
race distributed	Distributed serving race tests	2026-09-05T14:16:15.0238879Z raft2026/09/05 14:12:43 INFO: 1 became leader at term 2
race distributed	Distributed serving race tests	2026-09-05T14:16:15.0239497Z raft2026/09/05 14:12:44 INFO: 2 is starting a new election at term 2
race distributed	Distributed serving race tests	2026-09-05T14:16:15.0239878Z raft2026/09/05 14:12:44 INFO: 2 became pre-candidate at term 2
race distributed	Distributed serving race tests	2026-09-05T14:16:15.0240333Z raft2026/09/05 14:12:44 INFO: 2 [logterm: 2, index: 2] sent MsgPreVote request to 1 at term 2
race distributed	Distributed serving race tests	2026-09-05T14:16:15.0240783Z raft2026/09/05 14:12:44 INFO: 2 [logterm: 2, index: 2] sent MsgPreVote request to 3 at term 2
race distributed	Distributed serving race tests	2026-09-05T14:16:15.0241268Z raft2026/09/05 14:12:44 INFO: 2 received MsgPreVoteResp from 2 at term 2
race distributed	Distributed serving race tests	2026-09-05T14:16:15.0241682Z raft2026/09/05 14:12:44 INFO: 2 has received 1 MsgPreVoteResp votes and 0 vote rejections
race distributed	Distributed serving race tests	2026-09-05T14:16:15.0242234Z raft2026/09/05 14:12:44 INFO: 3 [logterm: 2, index: 2, vote: 1] cast MsgPreVote for 2 [logterm: 2, index: 2] at term 2
race distributed	Distributed serving race tests	2026-09-05T14:16:15.0242764Z raft2026/09/05 14:12:44 INFO: 2 received MsgPreVoteResp from 3 at term 2
race distributed	Distributed serving race tests	2026-09-05T14:16:15.0243201Z raft2026/09/05 14:12:44 INFO: 2 has received 2 MsgPreVoteResp votes and 0 vote rejections
race distributed	Distributed serving race tests	2026-09-05T14:16:15.0243708Z raft2026/09/05 14:12:44 INFO: 2 became candidate at term 3
race distributed	Distributed serving race tests	2026-09-05T14:16:15.0244099Z raft2026/09/05 14:12:44 INFO: 2 [logterm: 2, index: 2] sent MsgVote request to 1 at term 3
race distributed	Distributed serving race tests	2026-09-05T14:16:15.0244578Z raft2026/09/05 14:12:44 INFO: 2 [logterm: 2, index: 2] sent MsgVote request to 3 at term 3
race distributed	Distributed serving race tests	2026-09-05T14:16:15.0245175Z raft2026/09/05 14:12:44 INFO: 1 [logterm: 2, index: 3, vote: 1] ignored MsgPreVote from 2 [logterm: 2, index: 2] at term 2: lease is not expired (remaining ticks: 9)
race distributed	Distributed serving race tests	2026-09-05T14:16:15.0245700Z raft2026/09/05 14:12:44 INFO: 2 received MsgVoteResp from 2 at term 3
race distributed	Distributed serving race tests	2026-09-05T14:16:15.0246167Z raft2026/09/05 14:12:44 INFO: 2 has received 1 MsgVoteResp votes and 0 vote rejections
race distributed	Distributed serving race tests	2026-09-05T14:16:15.0246763Z raft2026/09/05 14:12:44 INFO: 1 [logterm: 2, index: 3, vote: 1] ignored MsgVote from 2 [logterm: 2, index: 2] at term 2: lease is not expired (remaining ticks: 8)
race distributed	Distributed serving race tests	2026-09-05T14:16:15.0247409Z raft2026/09/05 14:12:44 INFO: 1 [term: 2] received a MsgAppResp message with higher term from 2 [term: 3]
race distributed	Distributed serving race tests	2026-09-05T14:16:15.0247851Z raft2026/09/05 14:12:44 INFO: 1 became follower at term 3
race distributed	Distributed serving race tests	2026-09-05T14:16:15.0248419Z raft2026/09/05 14:12:44 INFO: 3 [logterm: 2, index: 3, vote: 1] ignored MsgVote from 2 [logterm: 2, index: 2] at term 2: lease is not expired (remaining ticks: 10)
race distributed	Distributed serving race tests	2026-09-05T14:16:15.0249005Z raft2026/09/05 14:12:44 INFO: 1 [term: 3] ignored a MsgAppResp message with lower term from 3 [term: 2]
race distributed	Distributed serving race tests	2026-09-05T14:16:15.0249741Z raft2026/09/05 14:12:44 INFO: 1 [term: 3] ignored a MsgHeartbeatResp message with lower term from 3 [term: 2]
race distributed	Distributed serving race tests	2026-09-05T14:16:15.0250300Z --- FAIL: TestAuthenticatedThreeVoterServingPutSurvivesLeaderLossAndExactRetry (4.08s)
race distributed	Distributed serving race tests	2026-09-05T14:16:15.0251126Z     owner_rf3_test.go:241: RF3 Put: raftmodel: local member is not leader
race distributed	Distributed serving race tests	2026-09-05T14:16:15.0251563Z raft2026/09/05 14:12:48 INFO: 1 switched to configuration voters=(1 2 3)
race distributed	Distributed serving race tests	2026-09-05T14:16:15.0251911Z raft2026/09/05 14:12:48 INFO: 1 became follower at term 1
race distributed	Distributed serving race tests	2026-09-05T14:16:15.0252383Z raft2026/09/05 14:12:48 INFO: newRaft 1 [peers: [1,2,3], term: 1, commit: 1, applied: 1, lastindex: 1, lastterm: 1]
race distributed	Distributed serving race tests	2026-09-05T14:16:15.0252833Z raft2026/09/05 14:12:48 INFO: 2 switched to configuration voters=(1 2 3)
race distributed	Distributed serving race tests	2026-09-05T14:16:15.0253213Z raft2026/09/05 14:12:48 INFO: 2 became follower at term 1
race distributed	Distributed serving race tests	2026-09-05T14:16:15.0253634Z raft2026/09/05 14:12:48 INFO: newRaft 2 [peers: [1,2,3], term: 1, commit: 1, applied: 1, lastindex: 1, lastterm: 1]
race distributed	Distributed serving race tests	2026-09-05T14:16:15.0254061Z raft2026/09/05 14:12:50 INFO: 3 switched to configuration voters=(1 2 3)
race distributed	Distributed serving race tests	2026-09-05T14:16:15.0254463Z raft2026/09/05 14:12:50 INFO: 3 became follower at term 1
race distributed	Distributed serving race tests	2026-09-05T14:16:15.0254872Z raft2026/09/05 14:12:50 INFO: newRaft 3 [peers: [1,2,3], term: 1, commit: 1, applied: 1, lastindex: 1, lastterm: 1]
race distributed	Distributed serving race tests	2026-09-05T14:16:15.0255332Z raft2026/09/05 14:12:50 INFO: 1 is starting a new election at term 1
race distributed	Distributed serving race tests	2026-09-05T14:16:15.0255686Z raft2026/09/05 14:12:50 INFO: 1 became pre-candidate at term 1
race distributed	Distributed serving race tests	2026-09-05T14:16:15.0256103Z raft2026/09/05 14:12:50 INFO: 1 [logterm: 1, index: 1] sent MsgPreVote request to 2 at term 1
race distributed	Distributed serving race tests	2026-09-05T14:16:15.0256561Z raft2026/09/05 14:12:50 INFO: 1 [logterm: 1, index: 1] sent MsgPreVote request to 3 at term 1
race distributed	Distributed serving race tests	2026-09-05T14:16:15.0256958Z raft2026/09/05 14:12:50 INFO: 1 received MsgPreVoteResp from 1 at term 1
race distributed	Distributed serving race tests	2026-09-05T14:16:15.0257389Z raft2026/09/05 14:12:50 INFO: 1 has received 1 MsgPreVoteResp votes and 0 vote rejections
race distributed	Distributed serving race tests	2026-09-05T14:16:15.0257862Z raft2026/09/05 14:12:50 INFO: 3 [logterm: 1, index: 1, vote: 0] cast MsgPreVote for 1 [logterm: 1, index: 1] at term 1
race distributed	Distributed serving race tests	2026-09-05T14:16:15.0258421Z raft2026/09/05 14:12:50 INFO: 2 [logterm: 1, index: 1, vote: 0] cast MsgPreVote for 1 [logterm: 1, index: 1] at term 1
race distributed	Distributed serving race tests	2026-09-05T14:16:15.0258931Z raft2026/09/05 14:12:50 INFO: 1 received MsgPreVoteResp from 2 at term 1
race distributed	Distributed serving race tests	2026-09-05T14:16:15.0259463Z raft2026/09/05 14:12:50 INFO: 1 has received 2 MsgPreVoteResp votes and 0 vote rejections
race distributed	Distributed serving race tests	2026-09-05T14:16:15.0259920Z raft2026/09/05 14:12:50 INFO: 1 became candidate at term 2
race distributed	Distributed serving race tests	2026-09-05T14:16:15.0260291Z raft2026/09/05 14:12:50 INFO: 1 [logterm: 1, index: 1] sent MsgVote request to 2 at term 2
race distributed	Distributed serving race tests	2026-09-05T14:16:15.0260762Z raft2026/09/05 14:12:50 INFO: 1 [logterm: 1, index: 1] sent MsgVote request to 3 at term 2
race distributed	Distributed serving race tests	2026-09-05T14:16:15.0261214Z raft2026/09/05 14:12:50 INFO: 2 [term: 1] received a MsgVote message with higher term from 1 [term: 2]
race distributed	Distributed serving race tests	2026-09-05T14:16:15.0261647Z raft2026/09/05 14:12:50 INFO: 2 became follower at term 2
race distributed	Distributed serving race tests	2026-09-05T14:16:15.0262055Z raft2026/09/05 14:12:50 INFO: 2 [logterm: 1, index: 1, vote: 0] cast MsgVote for 1 [logterm: 1, index: 1] at term 2
race distributed	Distributed serving race tests	2026-09-05T14:16:15.0262517Z raft2026/09/05 14:12:50 INFO: 1 received MsgVoteResp from 1 at term 2
race distributed	Distributed serving race tests	2026-09-05T14:16:15.0262915Z raft2026/09/05 14:12:50 INFO: 1 has received 1 MsgVoteResp votes and 0 vote rejections
race distributed	Distributed serving race tests	2026-09-05T14:16:15.0263355Z raft2026/09/05 14:12:50 INFO: 3 [term: 1] received a MsgVote message with higher term from 1 [term: 2]
race distributed	Distributed serving race tests	2026-09-05T14:16:15.0263800Z raft2026/09/05 14:12:50 INFO: 3 became follower at term 2
race distributed	Distributed serving race tests	2026-09-05T14:16:15.0264216Z raft2026/09/05 14:12:50 INFO: 3 [logterm: 1, index: 1, vote: 0] cast MsgVote for 1 [logterm: 1, index: 1] at term 2
race distributed	Distributed serving race tests	2026-09-05T14:16:15.0264693Z raft2026/09/05 14:12:50 INFO: 1 received MsgVoteResp from 2 at term 2
race distributed	Distributed serving race tests	2026-09-05T14:16:15.0265078Z raft2026/09/05 14:12:50 INFO: 1 has received 2 MsgVoteResp votes and 0 vote rejections
race distributed	Distributed serving race tests	2026-09-05T14:16:15.0265466Z raft2026/09/05 14:12:50 INFO: 1 became leader at term 2
race distributed	Distributed serving race tests	2026-09-05T14:16:15.0265807Z raft2026/09/05 14:12:51 INFO: 2 is starting a new election at term 2
race distributed	Distributed serving race tests	2026-09-05T14:16:15.0266176Z raft2026/09/05 14:12:51 INFO: 2 became pre-candidate at term 2
race distributed	Distributed serving race tests	2026-09-05T14:16:15.0266604Z raft2026/09/05 14:12:51 INFO: 2 [logterm: 2, index: 8] sent MsgPreVote request to 1 at term 2
race distributed	Distributed serving race tests	2026-09-05T14:16:15.0267032Z raft2026/09/05 14:12:51 INFO: 2 [logterm: 2, index: 8] sent MsgPreVote request to 3 at term 2
race distributed	Distributed serving race tests	2026-09-05T14:16:15.0267477Z raft2026/09/05 14:12:51 INFO: 2 received MsgPreVoteResp from 2 at term 2
race distributed	Distributed serving race tests	2026-09-05T14:16:15.0267882Z raft2026/09/05 14:12:51 INFO: 2 has received 1 MsgPreVoteResp votes and 0 vote rejections
race distributed	Distributed serving race tests	2026-09-05T14:16:15.0268492Z raft2026/09/05 14:12:51 INFO: 3 [logterm: 2, index: 8, vote: 1] ignored MsgPreVote from 2 [logterm: 2, index: 8] at term 2: lease is not expired (remaining ticks: 8)
race distributed	Distributed serving race tests	2026-09-05T14:16:15.0269013Z raft2026/09/05 14:12:52 INFO: 2 is starting a new election at term 2
race distributed	Distributed serving race tests	2026-09-05T14:16:15.0269497Z raft2026/09/05 14:12:52 INFO: 2 became pre-candidate at term 2
race distributed	Distributed serving race tests	2026-09-05T14:16:15.0269929Z raft2026/09/05 14:12:52 INFO: 2 [logterm: 2, index: 8] sent MsgPreVote request to 1 at term 2
race distributed	Distributed serving race tests	2026-09-05T14:16:15.0270433Z raft2026/09/05 14:12:52 INFO: 2 [logterm: 2, index: 8] sent MsgPreVote request to 3 at term 2
race distributed	Distributed serving race tests	2026-09-05T14:16:15.0270987Z raft2026/09/05 14:12:52 INFO: 2 received MsgPreVoteResp from 2 at term 2
race distributed	Distributed serving race tests	2026-09-05T14:16:15.0271400Z raft2026/09/05 14:12:52 INFO: 2 has received 1 MsgPreVoteResp votes and 0 vote rejections
race distributed	Distributed serving race tests	2026-09-05T14:16:15.0271916Z raft2026/09/05 14:12:52 INFO: 3 [logterm: 2, index: 8, vote: 1] cast MsgPreVote for 2 [logterm: 2, index: 8] at term 2
race distributed	Distributed serving race tests	2026-09-05T14:16:15.0272404Z raft2026/09/05 14:12:52 INFO: 2 received MsgPreVoteResp from 3 at term 2
race distributed	Distributed serving race tests	2026-09-05T14:16:15.0272817Z raft2026/09/05 14:12:52 INFO: 2 has received 2 MsgPreVoteResp votes and 0 vote rejections
race distributed	Distributed serving race tests	2026-09-05T14:16:15.0273260Z raft2026/09/05 14:12:52 INFO: 2 became candidate at term 3
race distributed	Distributed serving race tests	2026-09-05T14:16:15.0273654Z raft2026/09/05 14:12:52 INFO: 2 [logterm: 2, index: 8] sent MsgVote request to 1 at term 3
race distributed	Distributed serving race tests	2026-09-05T14:16:15.0274136Z raft2026/09/05 14:12:52 INFO: 2 [logterm: 2, index: 8] sent MsgVote request to 3 at term 3
race distributed	Distributed serving race tests	2026-09-05T14:16:15.0274634Z raft2026/09/05 14:12:52 INFO: 3 is starting a new election at term 2
race distributed	Distributed serving race tests	2026-09-05T14:16:15.0275039Z raft2026/09/05 14:12:52 INFO: 3 became pre-candidate at term 2
race distributed	Distributed serving race tests	2026-09-05T14:16:15.0275465Z raft2026/09/05 14:12:52 INFO: 3 [logterm: 2, index: 8] sent MsgPreVote request to 1 at term 2
race distributed	Distributed serving race tests	2026-09-05T14:16:15.0275972Z raft2026/09/05 14:12:52 INFO: 3 [logterm: 2, index: 8] sent MsgPreVote request to 2 at term 2
race distributed	Distributed serving race tests	2026-09-05T14:16:15.0276465Z raft2026/09/05 14:12:52 INFO: 3 received MsgPreVoteResp from 3 at term 2
race distributed	Distributed serving race tests	2026-09-05T14:16:15.0276883Z raft2026/09/05 14:12:52 INFO: 3 has received 1 MsgPreVoteResp votes and 0 vote rejections
race distributed	Distributed serving race tests	2026-09-05T14:16:15.0277343Z raft2026/09/05 14:12:52 INFO: 2 received MsgVoteResp from 2 at term 3
race distributed	Distributed serving race tests	2026-09-05T14:16:15.0277745Z raft2026/09/05 14:12:52 INFO: 2 has received 1 MsgVoteResp votes and 0 vote rejections
race distributed	Distributed serving race tests	2026-09-05T14:16:15.0278286Z raft2026/09/05 14:12:52 INFO: 2 [logterm: 2, index: 8, vote: 2] rejected MsgPreVote from 3 [logterm: 2, index: 8] at term 3
race distributed	Distributed serving race tests	2026-09-05T14:16:15.0278820Z raft2026/09/05 14:12:52 INFO: 3 [term: 2] received a MsgVote message with higher term from 2 [term: 3]
race distributed	Distributed serving race tests	2026-09-05T14:16:15.0279397Z raft2026/09/05 14:12:52 INFO: 3 became follower at term 3
race distributed	Distributed serving race tests	2026-09-05T14:16:15.0279872Z raft2026/09/05 14:12:52 INFO: 3 [logterm: 2, index: 8, vote: 0] cast MsgVote for 2 [logterm: 2, index: 8] at term 3
race distributed	Distributed serving race tests	2026-09-05T14:16:15.0280322Z raft2026/09/05 14:12:52 INFO: 2 received MsgVoteResp from 3 at term 3
race distributed	Distributed serving race tests	2026-09-05T14:16:15.0280816Z raft2026/09/05 14:12:52 INFO: 2 has received 2 MsgVoteResp votes and 0 vote rejections
race distributed	Distributed serving race tests	2026-09-05T14:16:15.0281184Z raft2026/09/05 14:12:52 INFO: 2 became leader at term 3
race distributed	Distributed serving race tests	2026-09-05T14:16:15.0281550Z raft2026/09/05 14:12:55 INFO: 1 switched to configuration voters=(1 2 3)
race distributed	Distributed serving race tests	2026-09-05T14:16:15.0281911Z raft2026/09/05 14:12:55 INFO: 1 became follower at term 1
race distributed	Distributed serving race tests	2026-09-05T14:16:15.0282324Z raft2026/09/05 14:12:55 INFO: newRaft 1 [peers: [1,2,3], term: 1, commit: 1, applied: 1, lastindex: 1, lastterm: 1]
race distributed	Distributed serving race tests	2026-09-05T14:16:15.0282813Z raft2026/09/05 14:12:55 INFO: 2 switched to configuration voters=(1 2 3)
race distributed	Distributed serving race tests	2026-09-05T14:16:15.0283160Z raft2026/09/05 14:12:55 INFO: 2 became follower at term 1
race distributed	Distributed serving race tests	2026-09-05T14:16:15.0283603Z raft2026/09/05 14:12:55 INFO: newRaft 2 [peers: [1,2,3], term: 1, commit: 1, applied: 1, lastindex: 1, lastterm: 1]
race distributed	Distributed serving race tests	2026-09-05T14:16:15.0284031Z raft2026/09/05 14:12:55 INFO: 3 switched to configuration voters=(1 2 3)
race distributed	Distributed serving race tests	2026-09-05T14:16:15.0284421Z raft2026/09/05 14:12:55 INFO: 3 became follower at term 1
race distributed	Distributed serving race tests	2026-09-05T14:16:15.0284837Z raft2026/09/05 14:12:55 INFO: newRaft 3 [peers: [1,2,3], term: 1, commit: 1, applied: 1, lastindex: 1, lastterm: 1]
race distributed	Distributed serving race tests	2026-09-05T14:16:15.0285257Z raft2026/09/05 14:12:55 INFO: 1 is starting a new election at term 1
race distributed	Distributed serving race tests	2026-09-05T14:16:15.0285646Z raft2026/09/05 14:12:55 INFO: 1 became pre-candidate at term 1
race distributed	Distributed serving race tests	2026-09-05T14:16:15.0286033Z raft2026/09/05 14:12:55 INFO: 1 [logterm: 1, index: 1] sent MsgPreVote request to 2 at term 1
race distributed	Distributed serving race tests	2026-09-05T14:16:15.0286513Z raft2026/09/05 14:12:55 INFO: 1 [logterm: 1, index: 1] sent MsgPreVote request to 3 at term 1
race distributed	Distributed serving race tests	2026-09-05T14:16:15.0286919Z raft2026/09/05 14:12:55 INFO: 1 received MsgPreVoteResp from 1 at term 1
race distributed	Distributed serving race tests	2026-09-05T14:16:15.0287340Z raft2026/09/05 14:12:55 INFO: 1 has received 1 MsgPreVoteResp votes and 0 vote rejections
race distributed	Distributed serving race tests	2026-09-05T14:16:15.0287822Z raft2026/09/05 14:12:55 INFO: 2 [logterm: 1, index: 1, vote: 0] cast MsgPreVote for 1 [logterm: 1, index: 1] at term 1
race distributed	Distributed serving race tests	2026-09-05T14:16:15.0288345Z raft2026/09/05 14:12:55 INFO: 3 [logterm: 1, index: 1, vote: 0] cast MsgPreVote for 1 [logterm: 1, index: 1] at term 1
race distributed	Distributed serving race tests	2026-09-05T14:16:15.0288815Z raft2026/09/05 14:12:55 INFO: 1 received MsgPreVoteResp from 2 at term 1
race distributed	Distributed serving race tests	2026-09-05T14:16:15.0289346Z raft2026/09/05 14:12:55 INFO: 1 has received 2 MsgPreVoteResp votes and 0 vote rejections
race distributed	Distributed serving race tests	2026-09-05T14:16:15.0289771Z raft2026/09/05 14:12:55 INFO: 1 became candidate at term 2
race distributed	Distributed serving race tests	2026-09-05T14:16:15.0290145Z raft2026/09/05 14:12:55 INFO: 1 [logterm: 1, index: 1] sent MsgVote request to 2 at term 2
race distributed	Distributed serving race tests	2026-09-05T14:16:15.0290603Z raft2026/09/05 14:12:55 INFO: 1 [logterm: 1, index: 1] sent MsgVote request to 3 at term 2
race distributed	Distributed serving race tests	2026-09-05T14:16:15.0291190Z raft2026/09/05 14:12:55 INFO: 2 [term: 1] received a MsgVote message with higher term from 1 [term: 2]
race distributed	Distributed serving race tests	2026-09-05T14:16:15.0291610Z raft2026/09/05 14:12:55 INFO: 2 became follower at term 2
race distributed	Distributed serving race tests	2026-09-05T14:16:15.0292157Z raft2026/09/05 14:12:55 INFO: 2 [logterm: 1, index: 1, vote: 0] cast MsgVote for 1 [logterm: 1, index: 1] at term 2
race distributed	Distributed serving race tests	2026-09-05T14:16:15.0292661Z raft2026/09/05 14:12:55 INFO: 3 [term: 1] received a MsgVote message with higher term from 1 [term: 2]
race distributed	Distributed serving race tests	2026-09-05T14:16:15.0293118Z raft2026/09/05 14:12:55 INFO: 3 became follower at term 2
race distributed	Distributed serving race tests	2026-09-05T14:16:15.0293641Z raft2026/09/05 14:12:55 INFO: 3 [logterm: 1, index: 1, vote: 0] cast MsgVote for 1 [logterm: 1, index: 1] at term 2
race distributed	Distributed serving race tests	2026-09-05T14:16:15.0294147Z raft2026/09/05 14:12:55 INFO: 1 received MsgVoteResp from 1 at term 2
race distributed	Distributed serving race tests	2026-09-05T14:16:15.0294590Z raft2026/09/05 14:12:55 INFO: 1 has received 1 MsgVoteResp votes and 0 vote rejections
race distributed	Distributed serving race tests	2026-09-05T14:16:15.0295020Z raft2026/09/05 14:12:55 INFO: 1 received MsgVoteResp from 3 at term 2
race distributed	Distributed serving race tests	2026-09-05T14:16:15.0295445Z raft2026/09/05 14:12:55 INFO: 1 has received 2 MsgVoteResp votes and 0 vote rejections
race distributed	Distributed serving race tests	2026-09-05T14:16:15.0295831Z raft2026/09/05 14:12:55 INFO: 1 became leader at term 2
race distributed	Distributed serving race tests	2026-09-05T14:16:15.0296251Z raft2026/09/05 14:12:56 INFO: 2 is starting a new election at term 2
race distributed	Distributed serving race tests	2026-09-05T14:16:15.0296624Z raft2026/09/05 14:12:56 INFO: 2 became pre-candidate at term 2
race distributed	Distributed serving race tests	2026-09-05T14:16:15.0297061Z raft2026/09/05 14:12:56 INFO: 2 [logterm: 2, index: 3] sent MsgPreVote request to 1 at term 2
race distributed	Distributed serving race tests	2026-09-05T14:16:15.0297534Z raft2026/09/05 14:12:56 INFO: 2 [logterm: 2, index: 3] sent MsgPreVote request to 3 at term 2
race distributed	Distributed serving race tests	2026-09-05T14:16:15.0297949Z raft2026/09/05 14:12:56 INFO: 2 received MsgPreVoteResp from 2 at term 2
race distributed	Distributed serving race tests	2026-09-05T14:16:15.0298426Z raft2026/09/05 14:12:56 INFO: 2 has received 1 MsgPreVoteResp votes and 0 vote rejections
race distributed	Distributed serving race tests	2026-09-05T14:16:15.0299017Z raft2026/09/05 14:12:56 INFO: 3 [logterm: 2, index: 3, vote: 1] ignored MsgPreVote from 2 [logterm: 2, index: 3] at term 2: lease is not expired (remaining ticks: 8)
race distributed	Distributed serving race tests	2026-09-05T14:16:15.0299679Z raft2026/09/05 14:12:57 INFO: 3 is starting a new election at term 2
race distributed	Distributed serving race tests	2026-09-05T14:16:15.0300060Z raft2026/09/05 14:12:57 INFO: 3 became pre-candidate at term 2
race distributed	Distributed serving race tests	2026-09-05T14:16:15.0300464Z raft2026/09/05 14:12:57 INFO: 2 is starting a new election at term 2
race distributed	Distributed serving race tests	2026-09-05T14:16:15.0300915Z raft2026/09/05 14:12:57 INFO: 3 [logterm: 2, index: 3] sent MsgPreVote request to 1 at term 2
race distributed	Distributed serving race tests	2026-09-05T14:16:15.0301328Z raft2026/09/05 14:12:57 INFO: 2 became pre-candidate at term 2
race distributed	Distributed serving race tests	2026-09-05T14:16:15.0301783Z raft2026/09/05 14:12:57 INFO: 3 [logterm: 2, index: 3] sent MsgPreVote request to 2 at term 2
race distributed	Distributed serving race tests	2026-09-05T14:16:15.0302239Z raft2026/09/05 14:12:57 INFO: 2 [logterm: 2, index: 3] sent MsgPreVote request to 1 at term 2
race distributed	Distributed serving race tests	2026-09-05T14:16:15.0302746Z raft2026/09/05 14:12:57 INFO: 2 [logterm: 2, index: 3] sent MsgPreVote request to 3 at term 2
race distributed	Distributed serving race tests	2026-09-05T14:16:15.0303172Z raft2026/09/05 14:12:57 INFO: 3 received MsgPreVoteResp from 3 at term 2
race distributed	Distributed serving race tests	2026-09-05T14:16:15.0303645Z raft2026/09/05 14:12:57 INFO: 3 has received 1 MsgPreVoteResp votes and 0 vote rejections
race distributed	Distributed serving race tests	2026-09-05T14:16:15.0304079Z raft2026/09/05 14:12:57 INFO: 2 received MsgPreVoteResp from 2 at term 2
race distributed	Distributed serving race tests	2026-09-05T14:16:15.0304500Z raft2026/09/05 14:12:57 INFO: 2 has received 1 MsgPreVoteResp votes and 0 vote rejections
race distributed	Distributed serving race tests	2026-09-05T14:16:15.0305072Z raft2026/09/05 14:12:57 INFO: 3 [logterm: 2, index: 3, vote: 1] cast MsgPreVote for 2 [logterm: 2, index: 3] at term 2
race distributed	Distributed serving race tests	2026-09-05T14:16:15.0305597Z raft2026/09/05 14:12:57 INFO: 2 [logterm: 2, index: 3, vote: 1] cast MsgPreVote for 3 [logterm: 2, index: 3] at term 2
race distributed	Distributed serving race tests	2026-09-05T14:16:15.0306151Z raft2026/09/05 14:12:57 INFO: 2 received MsgPreVoteResp from 3 at term 2
race distributed	Distributed serving race tests	2026-09-05T14:16:15.0306607Z raft2026/09/05 14:12:57 INFO: 2 has received 2 MsgPreVoteResp votes and 0 vote rejections
race distributed	Distributed serving race tests	2026-09-05T14:16:15.0307064Z raft2026/09/05 14:12:57 INFO: 2 became candidate at term 3
race distributed	Distributed serving race tests	2026-09-05T14:16:15.0307563Z raft2026/09/05 14:12:57 INFO: 2 [logterm: 2, index: 3] sent MsgVote request to 1 at term 3
race distributed	Distributed serving race tests	2026-09-05T14:16:15.0308025Z raft2026/09/05 14:12:57 INFO: 2 [logterm: 2, index: 3] sent MsgVote request to 3 at term 3
race distributed	Distributed serving race tests	2026-09-05T14:16:15.0308468Z raft2026/09/05 14:12:57 INFO: 3 received MsgPreVoteResp from 2 at term 2
race distributed	Distributed serving race tests	2026-09-05T14:16:15.0308963Z raft2026/09/05 14:12:57 INFO: 3 has received 2 MsgPreVoteResp votes and 0 vote rejections
race distributed	Distributed serving race tests	2026-09-05T14:16:15.0309582Z raft2026/09/05 14:12:57 INFO: 3 became candidate at term 3
race distributed	Distributed serving race tests	2026-09-05T14:16:15.0309982Z raft2026/09/05 14:12:57 INFO: 3 [logterm: 2, index: 3] sent MsgVote request to 1 at term 3
race distributed	Distributed serving race tests	2026-09-05T14:16:15.0310453Z raft2026/09/05 14:12:57 INFO: 3 [logterm: 2, index: 3] sent MsgVote request to 2 at term 3
race distributed	Distributed serving race tests	2026-09-05T14:16:15.0310876Z raft2026/09/05 14:12:57 INFO: 3 received MsgVoteResp from 3 at term 3
race distributed	Distributed serving race tests	2026-09-05T14:16:15.0311327Z raft2026/09/05 14:12:57 INFO: 3 has received 1 MsgVoteResp votes and 0 vote rejections
race distributed	Distributed serving race tests	2026-09-05T14:16:15.0311805Z raft2026/09/05 14:12:57 INFO: 2 received MsgVoteResp from 2 at term 3
race distributed	Distributed serving race tests	2026-09-05T14:16:15.0312199Z raft2026/09/05 14:12:57 INFO: 2 has received 1 MsgVoteResp votes and 0 vote rejections
race distributed	Distributed serving race tests	2026-09-05T14:16:15.0312731Z raft2026/09/05 14:12:57 INFO: 2 [logterm: 2, index: 3, vote: 2] rejected MsgVote from 3 [logterm: 2, index: 3] at term 3
race distributed	Distributed serving race tests	2026-09-05T14:16:15.0313267Z raft2026/09/05 14:12:57 INFO: 3 [logterm: 2, index: 3, vote: 3] rejected MsgVote from 2 [logterm: 2, index: 3] at term 3
race distributed	Distributed serving race tests	2026-09-05T14:16:15.0313742Z raft2026/09/05 14:12:57 INFO: 3 received MsgVoteResp rejection from 2 at term 3
race distributed	Distributed serving race tests	2026-09-05T14:16:15.0314187Z raft2026/09/05 14:12:57 INFO: 2 received MsgVoteResp rejection from 3 at term 3
race distributed	Distributed serving race tests	2026-09-05T14:16:15.0314611Z raft2026/09/05 14:12:57 INFO: 3 has received 1 MsgVoteResp votes and 1 vote rejections
race distributed	Distributed serving race tests	2026-09-05T14:16:15.0315045Z raft2026/09/05 14:12:57 INFO: 2 has received 1 MsgVoteResp votes and 1 vote rejections
race distributed	Distributed serving race tests	2026-09-05T14:16:15.0315452Z raft2026/09/05 14:12:58 INFO: 3 is starting a new election at term 3
race distributed	Distributed serving race tests	2026-09-05T14:16:15.0315847Z raft2026/09/05 14:12:58 INFO: 3 became pre-candidate at term 3
race distributed	Distributed serving race tests	2026-09-05T14:16:15.0316233Z raft2026/09/05 14:12:58 INFO: 3 [logterm: 2, index: 3] sent MsgPreVote request to 1 at term 3
race distributed	Distributed serving race tests	2026-09-05T14:16:15.0317990Z raft2026/09/05 14:12:58 INFO: 3 [logterm: 2, index: 3] sent MsgPreVote request to 2 at term 3
race distributed	Distributed serving race tests	2026-09-05T14:16:15.0318422Z raft2026/09/05 14:12:58 INFO: 3 received MsgPreVoteResp from 3 at term 3
race distributed	Distributed serving race tests	2026-09-05T14:16:15.0318829Z raft2026/09/05 14:12:58 INFO: 3 has received 1 MsgPreVoteResp votes and 0 vote rejections
race distributed	Distributed serving race tests	2026-09-05T14:16:15.0319540Z raft2026/09/05 14:12:58 INFO: 2 [logterm: 2, index: 3, vote: 2] cast MsgPreVote for 3 [logterm: 2, index: 3] at term 3
race distributed	Distributed serving race tests	2026-09-05T14:16:15.0319981Z raft2026/09/05 14:12:58 INFO: 3 received MsgPreVoteResp from 2 at term 3
race distributed	Distributed serving race tests	2026-09-05T14:16:15.0320417Z raft2026/09/05 14:12:58 INFO: 3 has received 2 MsgPreVoteResp votes and 0 vote rejections
race distributed	Distributed serving race tests	2026-09-05T14:16:15.0320811Z raft2026/09/05 14:12:58 INFO: 3 became candidate at term 4
race distributed	Distributed serving race tests	2026-09-05T14:16:15.0321214Z raft2026/09/05 14:12:58 INFO: 3 [logterm: 2, index: 3] sent MsgVote request to 1 at term 4
race distributed	Distributed serving race tests	2026-09-05T14:16:15.0321686Z raft2026/09/05 14:12:58 INFO: 3 [logterm: 2, index: 3] sent MsgVote request to 2 at term 4
race distributed	Distributed serving race tests	2026-09-05T14:16:15.0322101Z raft2026/09/05 14:12:58 INFO: 2 is starting a new election at term 3
race distributed	Distributed serving race tests	2026-09-05T14:16:15.0322545Z raft2026/09/05 14:12:58 INFO: 2 became pre-candidate at term 3
race distributed	Distributed serving race tests	2026-09-05T14:16:15.0322938Z raft2026/09/05 14:12:58 INFO: 2 [logterm: 2, index: 3] sent MsgPreVote request to 1 at term 3
race distributed	Distributed serving race tests	2026-09-05T14:16:15.0323403Z raft2026/09/05 14:12:58 INFO: 2 [logterm: 2, index: 3] sent MsgPreVote request to 3 at term 3
race distributed	Distributed serving race tests	2026-09-05T14:16:15.0323805Z raft2026/09/05 14:12:58 INFO: 2 received MsgPreVoteResp from 2 at term 3
race distributed	Distributed serving race tests	2026-09-05T14:16:15.0324230Z raft2026/09/05 14:12:58 INFO: 2 has received 1 MsgPreVoteResp votes and 0 vote rejections
race distributed	Distributed serving race tests	2026-09-05T14:16:15.0324683Z raft2026/09/05 14:12:58 INFO: 3 received MsgVoteResp from 3 at term 4
race distributed	Distributed serving race tests	2026-09-05T14:16:15.0325087Z raft2026/09/05 14:12:58 INFO: 3 has received 1 MsgVoteResp votes and 0 vote rejections
race distributed	Distributed serving race tests	2026-09-05T14:16:15.0325679Z raft2026/09/05 14:12:58 INFO: 3 [logterm: 2, index: 3, vote: 3] rejected MsgPreVote from 2 [logterm: 2, index: 3] at term 4
race distributed	Distributed serving race tests	2026-09-05T14:16:15.0326188Z raft2026/09/05 14:12:58 INFO: 2 [term: 3] received a MsgVote message with higher term from 3 [term: 4]
race distributed	Distributed serving race tests	2026-09-05T14:16:15.0326697Z raft2026/09/05 14:12:58 INFO: 2 became follower at term 4
race distributed	Distributed serving race tests	2026-09-05T14:16:15.0327108Z raft2026/09/05 14:12:58 INFO: 2 [logterm: 2, index: 3, vote: 0] cast MsgVote for 3 [logterm: 2, index: 3] at term 4
race distributed	Distributed serving race tests	2026-09-05T14:16:15.0327557Z raft2026/09/05 14:12:58 INFO: 3 received MsgVoteResp from 2 at term 4
race distributed	Distributed serving race tests	2026-09-05T14:16:15.0327954Z raft2026/09/05 14:12:58 INFO: 3 has received 2 MsgVoteResp votes and 0 vote rejections
race distributed	Distributed serving race tests	2026-09-05T14:16:15.0328353Z raft2026/09/05 14:12:58 INFO: 3 became leader at term 4
race distributed	Distributed serving race tests	2026-09-05T14:16:15.0328715Z raft2026/09/05 14:12:59 INFO: 1 switched to configuration voters=(1 2 3)
race distributed	Distributed serving race tests	2026-09-05T14:16:15.0329063Z raft2026/09/05 14:12:59 INFO: 1 became follower at term 1
race distributed	Distributed serving race tests	2026-09-05T14:16:15.0329639Z raft2026/09/05 14:12:59 INFO: newRaft 1 [peers: [1,2,3], term: 1, commit: 1, applied: 1, lastindex: 1, lastterm: 1]
race distributed	Distributed serving race tests	2026-09-05T14:16:15.0330078Z raft2026/09/05 14:13:00 INFO: 2 switched to configuration voters=(1 2 3)
race distributed	Distributed serving race tests	2026-09-05T14:16:15.0330472Z raft2026/09/05 14:13:00 INFO: 2 became follower at term 1
race distributed	Distributed serving race tests	2026-09-05T14:16:15.0330896Z raft2026/09/05 14:13:00 INFO: newRaft 2 [peers: [1,2,3], term: 1, commit: 1, applied: 1, lastindex: 1, lastterm: 1]
race distributed	Distributed serving race tests	2026-09-05T14:16:15.0331341Z raft2026/09/05 14:13:00 INFO: 3 switched to configuration voters=(1 2 3)
race distributed	Distributed serving race tests	2026-09-05T14:16:15.0331716Z raft2026/09/05 14:13:00 INFO: 3 became follower at term 1
race distributed	Distributed serving race tests	2026-09-05T14:16:15.0332134Z raft2026/09/05 14:13:00 INFO: newRaft 3 [peers: [1,2,3], term: 1, commit: 1, applied: 1, lastindex: 1, lastterm: 1]
race distributed	Distributed serving race tests	2026-09-05T14:16:15.0332649Z raft2026/09/05 14:13:00 INFO: 1 is starting a new election at term 1
race distributed	Distributed serving race tests	2026-09-05T14:16:15.0333028Z raft2026/09/05 14:13:00 INFO: 1 became pre-candidate at term 1
race distributed	Distributed serving race tests	2026-09-05T14:16:15.0333474Z raft2026/09/05 14:13:00 INFO: 1 [logterm: 1, index: 1] sent MsgPreVote request to 2 at term 1
race distributed	Distributed serving race tests	2026-09-05T14:16:15.0333949Z raft2026/09/05 14:13:00 INFO: 1 [logterm: 1, index: 1] sent MsgPreVote request to 3 at term 1
race distributed	Distributed serving race tests	2026-09-05T14:16:15.0334405Z raft2026/09/05 14:13:00 INFO: 1 received MsgPreVoteResp from 1 at term 1
race distributed	Distributed serving race tests	2026-09-05T14:16:15.0334842Z raft2026/09/05 14:13:00 INFO: 1 has received 1 MsgPreVoteResp votes and 0 vote rejections
race distributed	Distributed serving race tests	2026-09-05T14:16:15.0335335Z raft2026/09/05 14:13:00 INFO: 3 [logterm: 1, index: 1, vote: 0] cast MsgPreVote for 1 [logterm: 1, index: 1] at term 1
race distributed	Distributed serving race tests	2026-09-05T14:16:15.0335908Z raft2026/09/05 14:13:00 INFO: 2 [logterm: 1, index: 1, vote: 0] cast MsgPreVote for 1 [logterm: 1, index: 1] at term 1
race distributed	Distributed serving race tests	2026-09-05T14:16:15.0336380Z raft2026/09/05 14:13:00 INFO: 1 received MsgPreVoteResp from 3 at term 1
race distributed	Distributed serving race tests	2026-09-05T14:16:15.0336827Z raft2026/09/05 14:13:00 INFO: 1 has received 2 MsgPreVoteResp votes and 0 vote rejections
race distributed	Distributed serving race tests	2026-09-05T14:16:15.0337247Z raft2026/09/05 14:13:00 INFO: 1 became candidate at term 2
race distributed	Distributed serving race tests	2026-09-05T14:16:15.0337658Z raft2026/09/05 14:13:00 INFO: 1 [logterm: 1, index: 1] sent MsgVote request to 2 at term 2
race distributed	Distributed serving race tests	2026-09-05T14:16:15.0338122Z raft2026/09/05 14:13:00 INFO: 1 [logterm: 1, index: 1] sent MsgVote request to 3 at term 2
race distributed	Distributed serving race tests	2026-09-05T14:16:15.0338558Z raft2026/09/05 14:13:00 INFO: 1 received MsgVoteResp from 1 at term 2
race distributed	Distributed serving race tests	2026-09-05T14:16:15.0339026Z raft2026/09/05 14:13:00 INFO: 1 has received 1 MsgVoteResp votes and 0 vote rejections
race distributed	Distributed serving race tests	2026-09-05T14:16:15.0339571Z raft2026/09/05 14:13:00 INFO: 2 [term: 1] received a MsgVote message with higher term from 1 [term: 2]
race distributed	Distributed serving race tests	2026-09-05T14:16:15.0340081Z raft2026/09/05 14:13:00 INFO: 2 became follower at term 2
race distributed	Distributed serving race tests	2026-09-05T14:16:15.0340545Z raft2026/09/05 14:13:00 INFO: 2 [logterm: 1, index: 1, vote: 0] cast MsgVote for 1 [logterm: 1, index: 1] at term 2
race distributed	Distributed serving race tests	2026-09-05T14:16:15.0341093Z raft2026/09/05 14:13:00 INFO: 3 [term: 1] received a MsgVote message with higher term from 1 [term: 2]
race distributed	Distributed serving race tests	2026-09-05T14:16:15.0341694Z raft2026/09/05 14:13:00 INFO: 3 became follower at term 2
race distributed	Distributed serving race tests	2026-09-05T14:16:15.0342136Z raft2026/09/05 14:13:00 INFO: 3 [logterm: 1, index: 1, vote: 0] cast MsgVote for 1 [logterm: 1, index: 1] at term 2
race distributed	Distributed serving race tests	2026-09-05T14:16:15.0342677Z raft2026/09/05 14:13:00 INFO: 1 received MsgVoteResp from 3 at term 2
race distributed	Distributed serving race tests	2026-09-05T14:16:15.0343201Z raft2026/09/05 14:13:00 INFO: 1 has received 2 MsgVoteResp votes and 0 vote rejections
race distributed	Distributed serving race tests	2026-09-05T14:16:15.0343600Z raft2026/09/05 14:13:00 INFO: 1 became leader at term 2
race distributed	Distributed serving race tests	2026-09-05T14:16:15.0343974Z raft2026/09/05 14:13:02 INFO: 1 switched to configuration voters=(1 2 3)
race distributed	Distributed serving race tests	2026-09-05T14:16:15.0344356Z raft2026/09/05 14:13:02 INFO: 1 became follower at term 1
race distributed	Distributed serving race tests	2026-09-05T14:16:15.0344813Z raft2026/09/05 14:13:02 INFO: newRaft 1 [peers: [1,2,3], term: 1, commit: 1, applied: 1, lastindex: 1, lastterm: 1]
race distributed	Distributed serving race tests	2026-09-05T14:16:15.0345236Z raft2026/09/05 14:13:02 INFO: 2 switched to configuration voters=(1 2 3)
race distributed	Distributed serving race tests	2026-09-05T14:16:15.0345627Z raft2026/09/05 14:13:02 INFO: 2 became follower at term 1
race distributed	Distributed serving race tests	2026-09-05T14:16:15.0346035Z raft2026/09/05 14:13:02 INFO: newRaft 2 [peers: [1,2,3], term: 1, commit: 1, applied: 1, lastindex: 1, lastterm: 1]
race distributed	Distributed serving race tests	2026-09-05T14:16:15.0346500Z raft2026/09/05 14:13:02 INFO: 3 switched to configuration voters=(1 2 3)
race distributed	Distributed serving race tests	2026-09-05T14:16:15.0346866Z raft2026/09/05 14:13:02 INFO: 3 became follower at term 1
race distributed	Distributed serving race tests	2026-09-05T14:16:15.0347292Z raft2026/09/05 14:13:02 INFO: newRaft 3 [peers: [1,2,3], term: 1, commit: 1, applied: 1, lastindex: 1, lastterm: 1]
race distributed	Distributed serving race tests	2026-09-05T14:16:15.0347737Z raft2026/09/05 14:13:02 INFO: 1 is starting a new election at term 1
race distributed	Distributed serving race tests	2026-09-05T14:16:15.0348090Z raft2026/09/05 14:13:02 INFO: 1 became pre-candidate at term 1
race distributed	Distributed serving race tests	2026-09-05T14:16:15.0348559Z raft2026/09/05 14:13:02 INFO: 1 [logterm: 1, index: 1] sent MsgPreVote request to 2 at term 1
race distributed	Distributed serving race tests	2026-09-05T14:16:15.0349008Z raft2026/09/05 14:13:02 INFO: 1 [logterm: 1, index: 1] sent MsgPreVote request to 3 at term 1
race distributed	Distributed serving race tests	2026-09-05T14:16:15.0349607Z raft2026/09/05 14:13:02 INFO: 1 received MsgPreVoteResp from 1 at term 1
race distributed	Distributed serving race tests	2026-09-05T14:16:15.0350032Z raft2026/09/05 14:13:02 INFO: 1 has received 1 MsgPreVoteResp votes and 0 vote rejections
race distributed	Distributed serving race tests	2026-09-05T14:16:15.0350578Z raft2026/09/05 14:13:02 INFO: 2 [logterm: 1, index: 1, vote: 0] cast MsgPreVote for 1 [logterm: 1, index: 1] at term 1
race distributed	Distributed serving race tests	2026-09-05T14:16:15.0351124Z raft2026/09/05 14:13:02 INFO: 3 [logterm: 1, index: 1, vote: 0] cast MsgPreVote for 1 [logterm: 1, index: 1] at term 1
race distributed	Distributed serving race tests	2026-09-05T14:16:15.0351572Z raft2026/09/05 14:13:02 INFO: 1 received MsgPreVoteResp from 2 at term 1
race distributed	Distributed serving race tests	2026-09-05T14:16:15.0352015Z raft2026/09/05 14:13:02 INFO: 1 has received 2 MsgPreVoteResp votes and 0 vote rejections
race distributed	Distributed serving race tests	2026-09-05T14:16:15.0352395Z raft2026/09/05 14:13:02 INFO: 1 became candidate at term 2
race distributed	Distributed serving race tests	2026-09-05T14:16:15.0352820Z raft2026/09/05 14:13:02 INFO: 1 [logterm: 1, index: 1] sent MsgVote request to 2 at term 2
race distributed	Distributed serving race tests	2026-09-05T14:16:15.0353282Z raft2026/09/05 14:13:02 INFO: 1 [logterm: 1, index: 1] sent MsgVote request to 3 at term 2
race distributed	Distributed serving race tests	2026-09-05T14:16:15.0353754Z raft2026/09/05 14:13:02 INFO: 1 received MsgVoteResp from 1 at term 2
race distributed	Distributed serving race tests	2026-09-05T14:16:15.0354194Z raft2026/09/05 14:13:02 INFO: 1 has received 1 MsgVoteResp votes and 0 vote rejections
race distributed	Distributed serving race tests	2026-09-05T14:16:15.0354696Z raft2026/09/05 14:13:02 INFO: 2 [term: 1] received a MsgVote message with higher term from 1 [term: 2]
race distributed	Distributed serving race tests	2026-09-05T14:16:15.0355173Z raft2026/09/05 14:13:02 INFO: 2 became follower at term 2
race distributed	Distributed serving race tests	2026-09-05T14:16:15.0355604Z raft2026/09/05 14:13:02 INFO: 2 [logterm: 1, index: 1, vote: 0] cast MsgVote for 1 [logterm: 1, index: 1] at term 2
race distributed	Distributed serving race tests	2026-09-05T14:16:15.0356131Z raft2026/09/05 14:13:02 INFO: 3 [term: 1] received a MsgVote message with higher term from 1 [term: 2]
race distributed	Distributed serving race tests	2026-09-05T14:16:15.0356559Z raft2026/09/05 14:13:02 INFO: 3 became follower at term 2
race distributed	Distributed serving race tests	2026-09-05T14:16:15.0357026Z raft2026/09/05 14:13:02 INFO: 3 [logterm: 1, index: 1, vote: 0] cast MsgVote for 1 [logterm: 1, index: 1] at term 2
race distributed	Distributed serving race tests	2026-09-05T14:16:15.0357504Z raft2026/09/05 14:13:02 INFO: 1 received MsgVoteResp from 2 at term 2
race distributed	Distributed serving race tests	2026-09-05T14:16:15.0357993Z raft2026/09/05 14:13:02 INFO: 1 has received 2 MsgVoteResp votes and 0 vote rejections
race distributed	Distributed serving race tests	2026-09-05T14:16:15.0358425Z raft2026/09/05 14:13:02 INFO: 1 became leader at term 2
race distributed	Distributed serving race tests	2026-09-05T14:16:15.0358802Z raft2026/09/05 14:13:10 INFO: 1 switched to configuration voters=(1 2 3)
race distributed	Distributed serving race tests	2026-09-05T14:16:15.0359374Z raft2026/09/05 14:13:10 INFO: 1 became follower at term 1
race distributed	Distributed serving race tests	2026-09-05T14:16:15.0359826Z raft2026/09/05 14:13:10 INFO: newRaft 1 [peers: [1,2,3], term: 1, commit: 1, applied: 1, lastindex: 1, lastterm: 1]
race distributed	Distributed serving race tests	2026-09-05T14:16:15.0360296Z raft2026/09/05 14:13:11 INFO: 2 switched to configuration voters=(1 2 3)
race distributed	Distributed serving race tests	2026-09-05T14:16:15.0360746Z raft2026/09/05 14:13:11 INFO: 2 became follower at term 1
race distributed	Distributed serving race tests	2026-09-05T14:16:15.0361179Z raft2026/09/05 14:13:11 INFO: newRaft 2 [peers: [1,2,3], term: 1, commit: 1, applied: 1, lastindex: 1, lastterm: 1]
race distributed	Distributed serving race tests	2026-09-05T14:16:15.0361682Z raft2026/09/05 14:13:12 INFO: 3 switched to configuration voters=(1 2 3)
race distributed	Distributed serving race tests	2026-09-05T14:16:15.0362074Z raft2026/09/05 14:13:12 INFO: 3 became follower at term 1
race distributed	Distributed serving race tests	2026-09-05T14:16:15.0362552Z raft2026/09/05 14:13:12 INFO: newRaft 3 [peers: [1,2,3], term: 1, commit: 1, applied: 1, lastindex: 1, lastterm: 1]
race distributed	Distributed serving race tests	2026-09-05T14:16:15.0363035Z raft2026/09/05 14:13:13 INFO: 1 switched to configuration voters=(1 2 3)
race distributed	Distributed serving race tests	2026-09-05T14:16:15.0363422Z raft2026/09/05 14:13:13 INFO: 1 became follower at term 1
race distributed	Distributed serving race tests	2026-09-05T14:16:15.0363903Z raft2026/09/05 14:13:13 INFO: newRaft 1 [peers: [1,2,3], term: 1, commit: 1, applied: 1, lastindex: 1, lastterm: 1]
race distributed	Distributed serving race tests	2026-09-05T14:16:15.0364356Z raft2026/09/05 14:13:13 INFO: 2 switched to configuration voters=(1 2 3)
race distributed	Distributed serving race tests	2026-09-05T14:16:15.0364786Z raft2026/09/05 14:13:13 INFO: 2 became follower at term 1
race distributed	Distributed serving race tests	2026-09-05T14:16:15.0365216Z raft2026/09/05 14:13:13 INFO: newRaft 2 [peers: [1,2,3], term: 1, commit: 1, applied: 1, lastindex: 1, lastterm: 1]
race distributed	Distributed serving race tests	2026-09-05T14:16:15.0365698Z raft2026/09/05 14:13:14 INFO: 3 switched to configuration voters=(1 2 3)
race distributed	Distributed serving race tests	2026-09-05T14:16:15.0366074Z raft2026/09/05 14:13:14 INFO: 3 became follower at term 1
race distributed	Distributed serving race tests	2026-09-05T14:16:15.0366512Z raft2026/09/05 14:13:14 INFO: newRaft 3 [peers: [1,2,3], term: 1, commit: 1, applied: 1, lastindex: 1, lastterm: 1]
race distributed	Distributed serving race tests	2026-09-05T14:16:15.0367012Z raft2026/09/05 14:13:14 INFO: 1 is starting a new election at term 1
race distributed	Distributed serving race tests	2026-09-05T14:16:15.0367388Z raft2026/09/05 14:13:14 INFO: 1 became pre-candidate at term 1
race distributed	Distributed serving race tests	2026-09-05T14:16:15.0367846Z raft2026/09/05 14:13:14 INFO: 1 [logterm: 1, index: 1] sent MsgPreVote request to 2 at term 1
race distributed	Distributed serving race tests	2026-09-05T14:16:15.0368298Z raft2026/09/05 14:13:14 INFO: 1 [logterm: 1, index: 1] sent MsgPreVote request to 3 at term 1
race distributed	Distributed serving race tests	2026-09-05T14:16:15.0368766Z raft2026/09/05 14:13:14 INFO: 1 received MsgPreVoteResp from 1 at term 1
race distributed	Distributed serving race tests	2026-09-05T14:16:15.0369276Z raft2026/09/05 14:13:14 INFO: 1 has received 1 MsgPreVoteResp votes and 0 vote rejections
race distributed	Distributed serving race tests	2026-09-05T14:16:15.0369793Z raft2026/09/05 14:13:14 INFO: 2 [logterm: 1, index: 1, vote: 0] cast MsgPreVote for 1 [logterm: 1, index: 1] at term 1
race distributed	Distributed serving race tests	2026-09-05T14:16:15.0370363Z raft2026/09/05 14:13:14 INFO: 3 [logterm: 1, index: 1, vote: 0] cast MsgPreVote for 1 [logterm: 1, index: 1] at term 1
race distributed	Distributed serving race tests	2026-09-05T14:16:15.0370823Z raft2026/09/05 14:13:14 INFO: 1 received MsgPreVoteResp from 3 at term 1
race distributed	Distributed serving race tests	2026-09-05T14:16:15.0371304Z raft2026/09/05 14:13:14 INFO: 1 has received 2 MsgPreVoteResp votes and 0 vote rejections
race distributed	Distributed serving race tests	2026-09-05T14:16:15.0371709Z raft2026/09/05 14:13:14 INFO: 1 became candidate at term 2
race distributed	Distributed serving race tests	2026-09-05T14:16:15.0372137Z raft2026/09/05 14:13:14 INFO: 1 [logterm: 1, index: 1] sent MsgVote request to 2 at term 2
race distributed	Distributed serving race tests	2026-09-05T14:16:15.0372628Z raft2026/09/05 14:13:14 INFO: 1 [logterm: 1, index: 1] sent MsgVote request to 3 at term 2
race distributed	Distributed serving race tests	2026-09-05T14:16:15.0373141Z raft2026/09/05 14:13:14 INFO: 3 [term: 1] received a MsgVote message with higher term from 1 [term: 2]
race distributed	Distributed serving race tests	2026-09-05T14:16:15.0373593Z raft2026/09/05 14:13:14 INFO: 3 became follower at term 2
race distributed	Distributed serving race tests	2026-09-05T14:16:15.0374042Z raft2026/09/05 14:13:14 INFO: 3 [logterm: 1, index: 1, vote: 0] cast MsgVote for 1 [logterm: 1, index: 1] at term 2
race distributed	Distributed serving race tests	2026-09-05T14:16:15.0374697Z raft2026/09/05 14:13:14 INFO: 2 [term: 1] received a MsgVote message with higher term from 1 [term: 2]
race distributed	Distributed serving race tests	2026-09-05T14:16:15.0375113Z raft2026/09/05 14:13:14 INFO: 2 became follower at term 2
race distributed	Distributed serving race tests	2026-09-05T14:16:15.0375613Z raft2026/09/05 14:13:14 INFO: 2 [logterm: 1, index: 1, vote: 0] cast MsgVote for 1 [logterm: 1, index: 1] at term 2
race distributed	Distributed serving race tests	2026-09-05T14:16:15.0376152Z raft2026/09/05 14:13:14 INFO: 1 received MsgVoteResp from 1 at term 2
race distributed	Distributed serving race tests	2026-09-05T14:16:15.0376577Z raft2026/09/05 14:13:14 INFO: 1 has received 1 MsgVoteResp votes and 0 vote rejections
race distributed	Distributed serving race tests	2026-09-05T14:16:15.0377017Z raft2026/09/05 14:13:14 INFO: 1 received MsgVoteResp from 2 at term 2
race distributed	Distributed serving race tests	2026-09-05T14:16:15.0377439Z raft2026/09/05 14:13:14 INFO: 1 has received 2 MsgVoteResp votes and 0 vote rejections
race distributed	Distributed serving race tests	2026-09-05T14:16:15.0377871Z raft2026/09/05 14:13:14 INFO: 1 became leader at term 2
race distributed	Distributed serving race tests	2026-09-05T14:16:15.0378225Z raft2026/09/05 14:13:14 INFO: 2 is starting a new election at term 1
race distributed	Distributed serving race tests	2026-09-05T14:16:15.0378657Z raft2026/09/05 14:13:14 INFO: 2 became pre-candidate at term 1
race distributed	Distributed serving race tests	2026-09-05T14:16:15.0379182Z raft2026/09/05 14:13:14 INFO: 2 [logterm: 1, index: 1] sent MsgPreVote request to 1 at term 1
race distributed	Distributed serving race tests	2026-09-05T14:16:15.0379666Z raft2026/09/05 14:13:14 INFO: 2 [logterm: 1, index: 1] sent MsgPreVote request to 3 at term 1
race distributed	Distributed serving race tests	2026-09-05T14:16:15.0380124Z raft2026/09/05 14:13:14 INFO: 2 received MsgPreVoteResp from 2 at term 1
race distributed	Distributed serving race tests	2026-09-05T14:16:15.0380549Z raft2026/09/05 14:13:14 INFO: 2 has received 1 MsgPreVoteResp votes and 0 vote rejections
race distributed	Distributed serving race tests	2026-09-05T14:16:15.0381091Z raft2026/09/05 14:13:14 INFO: 3 [logterm: 1, index: 1, vote: 0] cast MsgPreVote for 2 [logterm: 1, index: 1] at term 1
race distributed	Distributed serving race tests	2026-09-05T14:16:15.0381633Z raft2026/09/05 14:13:14 INFO: 1 [logterm: 1, index: 1, vote: 0] cast MsgPreVote for 2 [logterm: 1, index: 1] at term 1
race distributed	Distributed serving race tests	2026-09-05T14:16:15.0382125Z raft2026/09/05 14:13:14 INFO: 2 received MsgPreVoteResp from 1 at term 1
race distributed	Distributed serving race tests	2026-09-05T14:16:15.0382565Z raft2026/09/05 14:13:14 INFO: 2 has received 2 MsgPreVoteResp votes and 0 vote rejections
race distributed	Distributed serving race tests	2026-09-05T14:16:15.0382986Z raft2026/09/05 14:13:14 INFO: 2 became candidate at term 2
race distributed	Distributed serving race tests	2026-09-05T14:16:15.0383418Z raft2026/09/05 14:13:14 INFO: 2 [logterm: 1, index: 1] sent MsgVote request to 1 at term 2
race distributed	Distributed serving race tests	2026-09-05T14:16:15.0383854Z raft2026/09/05 14:13:14 INFO: 2 [logterm: 1, index: 1] sent MsgVote request to 3 at term 2
race distributed	Distributed serving race tests	2026-09-05T14:16:15.0384363Z raft2026/09/05 14:13:14 INFO: 1 [term: 1] received a MsgVote message with higher term from 2 [term: 2]
race distributed	Distributed serving race tests	2026-09-05T14:16:15.0384782Z raft2026/09/05 14:13:14 INFO: 1 became follower at term 2
race distributed	Distributed serving race tests	2026-09-05T14:16:15.0385243Z raft2026/09/05 14:13:14 INFO: 1 [logterm: 1, index: 1, vote: 0] cast MsgVote for 2 [logterm: 1, index: 1] at term 2
race distributed	Distributed serving race tests	2026-09-05T14:16:15.0385723Z raft2026/09/05 14:13:14 INFO: 2 received MsgVoteResp from 2 at term 2
race distributed	Distributed serving race tests	2026-09-05T14:16:15.0386148Z raft2026/09/05 14:13:14 INFO: 2 has received 1 MsgVoteResp votes and 0 vote rejections
race distributed	Distributed serving race tests	2026-09-05T14:16:15.0386588Z raft2026/09/05 14:13:14 INFO: 2 received MsgVoteResp from 1 at term 2
race distributed	Distributed serving race tests	2026-09-05T14:16:15.0387020Z raft2026/09/05 14:13:14 INFO: 2 has received 2 MsgVoteResp votes and 0 vote rejections
race distributed	Distributed serving race tests	2026-09-05T14:16:15.0387498Z raft2026/09/05 14:13:14 INFO: 2 became leader at term 2
race distributed	Distributed serving race tests	2026-09-05T14:16:15.0387905Z raft2026/09/05 14:13:14 INFO: 3 [term: 1] received a MsgVote message with higher term from 2 [term: 2]
race distributed	Distributed serving race tests	2026-09-05T14:16:15.0388354Z raft2026/09/05 14:13:14 INFO: 3 became follower at term 2
race distributed	Distributed serving race tests	2026-09-05T14:16:15.0388794Z raft2026/09/05 14:13:14 INFO: 3 [logterm: 1, index: 1, vote: 0] cast MsgVote for 2 [logterm: 1, index: 1] at term 2
race distributed	Distributed serving race tests	2026-09-05T14:16:15.0389424Z raft2026/09/05 14:13:14 INFO: entry at index 5 missing from unstable log; ignoring
race distributed	Distributed serving race tests	2026-09-05T14:16:15.0389938Z raft2026/09/05 14:13:14 INFO: entry at index 5 missing from unstable log; ignoring
race distributed	Distributed serving race tests	2026-09-05T14:16:15.0390342Z raft2026/09/05 14:13:14 INFO: 2 is starting a new election at term 2
race distributed	Distributed serving race tests	2026-09-05T14:16:15.0390764Z raft2026/09/05 14:13:14 INFO: 2 became pre-candidate at term 2
race distributed	Distributed serving race tests	2026-09-05T14:16:15.0391178Z raft2026/09/05 14:13:14 INFO: 2 [logterm: 2, index: 5] sent MsgPreVote request to 1 at term 2
race distributed	Distributed serving race tests	2026-09-05T14:16:15.0391760Z raft2026/09/05 14:13:14 INFO: 2 [logterm: 2, index: 5] sent MsgPreVote request to 3 at term 2
race distributed	Distributed serving race tests	2026-09-05T14:16:15.0392195Z raft2026/09/05 14:13:14 INFO: 2 received MsgPreVoteResp from 2 at term 2
race distributed	Distributed serving race tests	2026-09-05T14:16:15.0392687Z raft2026/09/05 14:13:14 INFO: 2 has received 1 MsgPreVoteResp votes and 0 vote rejections
race distributed	Distributed serving race tests	2026-09-05T14:16:15.0393301Z raft2026/09/05 14:13:14 INFO: 3 [logterm: 2, index: 5, vote: 1] ignored MsgPreVote from 2 [logterm: 2, index: 5] at term 2: lease is not expired (remaining ticks: 10)
race distributed	Distributed serving race tests	2026-09-05T14:16:15.0393845Z raft2026/09/05 14:13:15 INFO: 1 is starting a new election at term 2
race distributed	Distributed serving race tests	2026-09-05T14:16:15.0394381Z raft2026/09/05 14:13:15 INFO: 1 became pre-candidate at term 2
race distributed	Distributed serving race tests	2026-09-05T14:16:15.0394792Z raft2026/09/05 14:13:15 INFO: 1 [logterm: 2, index: 4] sent MsgPreVote request to 2 at term 2
race distributed	Distributed serving race tests	2026-09-05T14:16:15.0395332Z raft2026/09/05 14:13:15 INFO: 1 [logterm: 2, index: 4] sent MsgPreVote request to 3 at term 2
race distributed	Distributed serving race tests	2026-09-05T14:16:15.0395744Z raft2026/09/05 14:13:15 INFO: 1 received MsgPreVoteResp from 1 at term 2
race distributed	Distributed serving race tests	2026-09-05T14:16:15.0396181Z raft2026/09/05 14:13:15 INFO: 1 has received 1 MsgPreVoteResp votes and 0 vote rejections
race distributed	Distributed serving race tests	2026-09-05T14:16:15.0396620Z raft2026/09/05 14:13:15 WARN: 1 stepped down to follower since quorum is not active
race distributed	Distributed serving race tests	2026-09-05T14:16:15.0397036Z raft2026/09/05 14:13:15 INFO: 1 became follower at term 2
race distributed	Distributed serving race tests	2026-09-05T14:16:15.0397430Z raft2026/09/05 14:13:15 INFO: 3 is starting a new election at term 2
race distributed	Distributed serving race tests	2026-09-05T14:16:15.0397787Z raft2026/09/05 14:13:15 INFO: 3 became pre-candidate at term 2
race distributed	Distributed serving race tests	2026-09-05T14:16:15.0398218Z raft2026/09/05 14:13:15 INFO: 3 [logterm: 2, index: 5] sent MsgPreVote request to 1 at term 2
race distributed	Distributed serving race tests	2026-09-05T14:16:15.0398664Z raft2026/09/05 14:13:15 INFO: 3 [logterm: 2, index: 5] sent MsgPreVote request to 2 at term 2
race distributed	Distributed serving race tests	2026-09-05T14:16:15.0399298Z raft2026/09/05 14:13:15 INFO: 3 received MsgPreVoteResp from 3 at term 2
race distributed	Distributed serving race tests	2026-09-05T14:16:15.0399734Z raft2026/09/05 14:13:15 INFO: 3 has received 1 MsgPreVoteResp votes and 0 vote rejections
race distributed	Distributed serving race tests	2026-09-05T14:16:15.0400313Z raft2026/09/05 14:13:15 INFO: 2 [logterm: 2, index: 5, vote: 1] cast MsgPreVote for 3 [logterm: 2, index: 5] at term 2
race distributed	Distributed serving race tests	2026-09-05T14:16:15.0400814Z raft2026/09/05 14:13:15 INFO: 3 received MsgPreVoteResp from 2 at term 2
race distributed	Distributed serving race tests	2026-09-05T14:16:15.0401219Z raft2026/09/05 14:13:15 INFO: 3 has received 2 MsgPreVoteResp votes and 0 vote rejections
race distributed	Distributed serving race tests	2026-09-05T14:16:15.0401627Z raft2026/09/05 14:13:15 INFO: 3 became candidate at term 3
race distributed	Distributed serving race tests	2026-09-05T14:16:15.0402011Z raft2026/09/05 14:13:15 INFO: 3 [logterm: 2, index: 5] sent MsgVote request to 1 at term 3
race distributed	Distributed serving race tests	2026-09-05T14:16:15.0402464Z raft2026/09/05 14:13:15 INFO: 3 [logterm: 2, index: 5] sent MsgVote request to 2 at term 3
race distributed	Distributed serving race tests	2026-09-05T14:16:15.0402932Z raft2026/09/05 14:13:15 INFO: 2 [term: 2] received a MsgVote message with higher term from 3 [term: 3]
race distributed	Distributed serving race tests	2026-09-05T14:16:15.0403327Z raft2026/09/05 14:13:15 INFO: 2 became follower at term 3
race distributed	Distributed serving race tests	2026-09-05T14:16:15.0403773Z raft2026/09/05 14:13:15 INFO: 2 [logterm: 2, index: 5, vote: 0] cast MsgVote for 3 [logterm: 2, index: 5] at term 3
race distributed	Distributed serving race tests	2026-09-05T14:16:15.0404298Z raft2026/09/05 14:13:15 INFO: 3 received MsgVoteResp from 3 at term 3
race distributed	Distributed serving race tests	2026-09-05T14:16:15.0404779Z raft2026/09/05 14:13:15 INFO: 3 has received 1 MsgVoteResp votes and 0 vote rejections
race distributed	Distributed serving race tests	2026-09-05T14:16:15.0405187Z raft2026/09/05 14:13:15 INFO: 3 received MsgVoteResp from 2 at term 3
race distributed	Distributed serving race tests	2026-09-05T14:16:15.0405583Z raft2026/09/05 14:13:15 INFO: 3 has received 2 MsgVoteResp votes and 0 vote rejections
race distributed	Distributed serving race tests	2026-09-05T14:16:15.0405980Z raft2026/09/05 14:13:15 INFO: 3 became leader at term 3
race distributed	Distributed serving race tests	2026-09-05T14:16:15.0406332Z raft2026/09/05 14:13:15 INFO: 1 is starting a new election at term 2
race distributed	Distributed serving race tests	2026-09-05T14:16:15.0406788Z raft2026/09/05 14:13:15 INFO: 1 became pre-candidate at term 2
race distributed	Distributed serving race tests	2026-09-05T14:16:15.0407192Z raft2026/09/05 14:13:15 INFO: 1 [logterm: 2, index: 4] sent MsgPreVote request to 2 at term 2
race distributed	Distributed serving race tests	2026-09-05T14:16:15.0407657Z raft2026/09/05 14:13:15 INFO: 1 [logterm: 2, index: 4] sent MsgPreVote request to 3 at term 2
race distributed	Distributed serving race tests	2026-09-05T14:16:15.0408175Z raft2026/09/05 14:13:15 INFO: 1 received MsgPreVoteResp from 1 at term 2
race distributed	Distributed serving race tests	2026-09-05T14:16:15.0408575Z raft2026/09/05 14:13:15 INFO: 1 has received 1 MsgPreVoteResp votes and 0 vote rejections
race distributed	Distributed serving race tests	2026-09-05T14:16:15.0687436Z raft2026/09/05 14:13:16 INFO: 1 switched to configuration voters=(1 2 3)
race distributed	Distributed serving race tests	2026-09-05T14:16:15.0688110Z raft2026/09/05 14:13:16 INFO: 1 became follower at term 1
race distributed	Distributed serving race tests	2026-09-05T14:16:15.0688569Z raft2026/09/05 14:13:16 INFO: newRaft 1 [peers: [1,2,3], term: 1, commit: 1, applied: 1, lastindex: 1, lastterm: 1]
race distributed	Distributed serving race tests	2026-09-05T14:16:15.0688991Z raft2026/09/05 14:13:16 INFO: 2 switched to configuration voters=(1 2 3)
race distributed	Distributed serving race tests	2026-09-05T14:16:15.0689485Z raft2026/09/05 14:13:16 INFO: 2 became follower at term 1
race distributed	Distributed serving race tests	2026-09-05T14:16:15.0689883Z raft2026/09/05 14:13:16 INFO: newRaft 2 [peers: [1,2,3], term: 1, commit: 1, applied: 1, lastindex: 1, lastterm: 1]
race distributed	Distributed serving race tests	2026-09-05T14:16:15.0690343Z raft2026/09/05 14:13:17 INFO: 3 switched to configuration voters=(1 2 3)
race distributed	Distributed serving race tests	2026-09-05T14:16:15.0690699Z raft2026/09/05 14:13:17 INFO: 3 became follower at term 1
race distributed	Distributed serving race tests	2026-09-05T14:16:15.0691119Z raft2026/09/05 14:13:17 INFO: newRaft 3 [peers: [1,2,3], term: 1, commit: 1, applied: 1, lastindex: 1, lastterm: 1]
race distributed	Distributed serving race tests	2026-09-05T14:16:15.0691545Z raft2026/09/05 14:13:18 INFO: 1 switched to configuration voters=(1 2 3)
race distributed	Distributed serving race tests	2026-09-05T14:16:15.0691877Z raft2026/09/05 14:13:18 INFO: 1 became follower at term 1
race distributed	Distributed serving race tests	2026-09-05T14:16:15.0692253Z raft2026/09/05 14:13:18 INFO: newRaft 1 [peers: [1,2,3], term: 1, commit: 1, applied: 1, lastindex: 1, lastterm: 1]
race distributed	Distributed serving race tests	2026-09-05T14:16:15.0692710Z raft2026/09/05 14:13:18 INFO: 2 switched to configuration voters=(1 2 3)
race distributed	Distributed serving race tests	2026-09-05T14:16:15.0693001Z raft2026/09/05 14:13:18 INFO: 2 became follower at term 1
race distributed	Distributed serving race tests	2026-09-05T14:16:15.0693378Z raft2026/09/05 14:13:18 INFO: newRaft 2 [peers: [1,2,3], term: 1, commit: 1, applied: 1, lastindex: 1, lastterm: 1]
race distributed	Distributed serving race tests	2026-09-05T14:16:15.0693753Z raft2026/09/05 14:13:19 INFO: 3 switched to configuration voters=(1 2 3)
race distributed	Distributed serving race tests	2026-09-05T14:16:15.0694038Z raft2026/09/05 14:13:19 INFO: 3 became follower at term 1
race distributed	Distributed serving race tests	2026-09-05T14:16:15.0694424Z raft2026/09/05 14:13:19 INFO: newRaft 3 [peers: [1,2,3], term: 1, commit: 1, applied: 1, lastindex: 1, lastterm: 1]
race distributed	Distributed serving race tests	2026-09-05T14:16:15.0694997Z raft2026/09/05 14:13:19 INFO: 1 is starting a new election at term 1
race distributed	Distributed serving race tests	2026-09-05T14:16:15.0695317Z raft2026/09/05 14:13:19 INFO: 1 became pre-candidate at term 1
race distributed	Distributed serving race tests	2026-09-05T14:16:15.0695660Z raft2026/09/05 14:13:19 INFO: 1 [logterm: 1, index: 1] sent MsgPreVote request to 2 at term 1
race distributed	Distributed serving race tests	2026-09-05T14:16:15.0696059Z raft2026/09/05 14:13:19 INFO: 1 [logterm: 1, index: 1] sent MsgPreVote request to 3 at term 1
race distributed	Distributed serving race tests	2026-09-05T14:16:15.0696402Z raft2026/09/05 14:13:19 INFO: 1 received MsgPreVoteResp from 1 at term 1
race distributed	Distributed serving race tests	2026-09-05T14:16:15.0696747Z raft2026/09/05 14:13:19 INFO: 1 has received 1 MsgPreVoteResp votes and 0 vote rejections
race distributed	Distributed serving race tests	2026-09-05T14:16:15.0697093Z raft2026/09/05 14:13:20 INFO: 1 switched to configuration voters=(1 2 3)
race distributed	Distributed serving race tests	2026-09-05T14:16:15.0697374Z raft2026/09/05 14:13:20 INFO: 1 became follower at term 1
race distributed	Distributed serving race tests	2026-09-05T14:16:15.0697735Z raft2026/09/05 14:13:20 INFO: newRaft 1 [peers: [1,2,3], term: 1, commit: 1, applied: 1, lastindex: 1, lastterm: 1]
race distributed	Distributed serving race tests	2026-09-05T14:16:15.0698122Z raft2026/09/05 14:13:21 INFO: 2 switched to configuration voters=(1 2 3)
race distributed	Distributed serving race tests	2026-09-05T14:16:15.0698405Z raft2026/09/05 14:13:21 INFO: 2 became follower at term 1
race distributed	Distributed serving race tests	2026-09-05T14:16:15.0698770Z raft2026/09/05 14:13:21 INFO: newRaft 2 [peers: [1,2,3], term: 1, commit: 1, applied: 1, lastindex: 1, lastterm: 1]
race distributed	Distributed serving race tests	2026-09-05T14:16:15.0699406Z raft2026/09/05 14:13:21 INFO: 3 switched to configuration voters=(1 2 3)
race distributed	Distributed serving race tests	2026-09-05T14:16:15.0699776Z raft2026/09/05 14:13:21 INFO: 3 became follower at term 1
race distributed	Distributed serving race tests	2026-09-05T14:16:15.0700130Z raft2026/09/05 14:13:21 INFO: newRaft 3 [peers: [1,2,3], term: 1, commit: 1, applied: 1, lastindex: 1, lastterm: 1]
race distributed	Distributed serving race tests	2026-09-05T14:16:15.0700517Z raft2026/09/05 14:13:21 INFO: 2 is starting a new election at term 1
race distributed	Distributed serving race tests	2026-09-05T14:16:15.0700808Z raft2026/09/05 14:13:21 INFO: 2 became pre-candidate at term 1
race distributed	Distributed serving race tests	2026-09-05T14:16:15.0701307Z raft2026/09/05 14:13:21 INFO: 2 [logterm: 1, index: 1] sent MsgPreVote request to 1 at term 1
race distributed	Distributed serving race tests	2026-09-05T14:16:15.0701713Z raft2026/09/05 14:13:21 INFO: 2 [logterm: 1, index: 1] sent MsgPreVote request to 3 at term 1
race distributed	Distributed serving race tests	2026-09-05T14:16:15.0702054Z raft2026/09/05 14:13:21 INFO: 2 received MsgPreVoteResp from 2 at term 1
race distributed	Distributed serving race tests	2026-09-05T14:16:15.0702460Z raft2026/09/05 14:13:21 INFO: 2 has received 1 MsgPreVoteResp votes and 0 vote rejections
race distributed	Distributed serving race tests	2026-09-05T14:16:15.0702798Z raft2026/09/05 14:13:22 INFO: 1 switched to configuration voters=(1 2 3)
race distributed	Distributed serving race tests	2026-09-05T14:16:15.0703083Z raft2026/09/05 14:13:22 INFO: 1 became follower at term 1
race distributed	Distributed serving race tests	2026-09-05T14:16:15.0703440Z raft2026/09/05 14:13:22 INFO: newRaft 1 [peers: [1,2,3], term: 1, commit: 1, applied: 1, lastindex: 1, lastterm: 1]
race distributed	Distributed serving race tests	2026-09-05T14:16:15.0703815Z raft2026/09/05 14:13:23 INFO: 2 switched to configuration voters=(1 2 3)
race distributed	Distributed serving race tests	2026-09-05T14:16:15.0704098Z raft2026/09/05 14:13:23 INFO: 2 became follower at term 1
race distributed	Distributed serving race tests	2026-09-05T14:16:15.0704512Z raft2026/09/05 14:13:23 INFO: newRaft 2 [peers: [1,2,3], term: 1, commit: 1, applied: 1, lastindex: 1, lastterm: 1]
race distributed	Distributed serving race tests	2026-09-05T14:16:15.0704908Z raft2026/09/05 14:13:23 INFO: 3 switched to configuration voters=(1 2 3)
race distributed	Distributed serving race tests	2026-09-05T14:16:15.0705193Z raft2026/09/05 14:13:23 INFO: 3 became follower at term 1
race distributed	Distributed serving race tests	2026-09-05T14:16:15.0705540Z raft2026/09/05 14:13:23 INFO: newRaft 3 [peers: [1,2,3], term: 1, commit: 1, applied: 1, lastindex: 1, lastterm: 1]
race distributed	Distributed serving race tests	2026-09-05T14:16:15.0705912Z raft2026/09/05 14:13:23 INFO: 1 is starting a new election at term 1
race distributed	Distributed serving race tests	2026-09-05T14:16:15.0706210Z raft2026/09/05 14:13:23 INFO: 1 became pre-candidate at term 1
race distributed	Distributed serving race tests	2026-09-05T14:16:15.0706550Z raft2026/09/05 14:13:23 INFO: 1 [logterm: 1, index: 1] sent MsgPreVote request to 2 at term 1
race distributed	Distributed serving race tests	2026-09-05T14:16:15.0706923Z raft2026/09/05 14:13:23 INFO: 1 [logterm: 1, index: 1] sent MsgPreVote request to 3 at term 1
race distributed	Distributed serving race tests	2026-09-05T14:16:15.0707267Z raft2026/09/05 14:13:23 INFO: 1 received MsgPreVoteResp from 1 at term 1
race distributed	Distributed serving race tests	2026-09-05T14:16:15.0707614Z raft2026/09/05 14:13:23 INFO: 1 has received 1 MsgPreVoteResp votes and 0 vote rejections
race distributed	Distributed serving race tests	2026-09-05T14:16:15.0708047Z raft2026/09/05 14:13:23 INFO: 2 [logterm: 1, index: 1, vote: 0] cast MsgPreVote for 1 [logterm: 1, index: 1] at term 1
race distributed	Distributed serving race tests	2026-09-05T14:16:15.0708434Z raft2026/09/05 14:13:23 INFO: 1 received MsgPreVoteResp from 2 at term 1
race distributed	Distributed serving race tests	2026-09-05T14:16:15.0708775Z raft2026/09/05 14:13:23 INFO: 1 has received 2 MsgPreVoteResp votes and 0 vote rejections
race distributed	Distributed serving race tests	2026-09-05T14:16:15.0709171Z raft2026/09/05 14:13:23 INFO: 1 became candidate at term 2
race distributed	Distributed serving race tests	2026-09-05T14:16:15.0709512Z raft2026/09/05 14:13:23 INFO: 1 [logterm: 1, index: 1] sent MsgVote request to 2 at term 2
race distributed	Distributed serving race tests	2026-09-05T14:16:15.0709883Z raft2026/09/05 14:13:23 INFO: 1 [logterm: 1, index: 1] sent MsgVote request to 3 at term 2
race distributed	Distributed serving race tests	2026-09-05T14:16:15.0710279Z raft2026/09/05 14:13:23 INFO: 2 [term: 1] received a MsgVote message with higher term from 1 [term: 2]
race distributed	Distributed serving race tests	2026-09-05T14:16:15.0710620Z raft2026/09/05 14:13:23 INFO: 2 became follower at term 2
race distributed	Distributed serving race tests	2026-09-05T14:16:15.0710978Z raft2026/09/05 14:13:23 INFO: 2 [logterm: 1, index: 1, vote: 0] cast MsgVote for 1 [logterm: 1, index: 1] at term 2
race distributed	Distributed serving race tests	2026-09-05T14:16:15.0711363Z raft2026/09/05 14:13:23 INFO: 1 received MsgVoteResp from 1 at term 2
race distributed	Distributed serving race tests	2026-09-05T14:16:15.0711712Z raft2026/09/05 14:13:23 INFO: 1 has received 1 MsgVoteResp votes and 0 vote rejections
race distributed	Distributed serving race tests	2026-09-05T14:16:15.0712063Z raft2026/09/05 14:13:23 INFO: 1 received MsgVoteResp from 2 at term 2
race distributed	Distributed serving race tests	2026-09-05T14:16:15.0712394Z raft2026/09/05 14:13:23 INFO: 1 has received 2 MsgVoteResp votes and 0 vote rejections
race distributed	Distributed serving race tests	2026-09-05T14:16:15.0712708Z raft2026/09/05 14:13:23 INFO: 1 became leader at term 2
race distributed	Distributed serving race tests	2026-09-05T14:16:15.0712993Z raft2026/09/05 14:13:24 INFO: 1 switched to configuration voters=(1 2 3)
race distributed	Distributed serving race tests	2026-09-05T14:16:15.0713278Z raft2026/09/05 14:13:24 INFO: 1 became follower at term 1
race distributed	Distributed serving race tests	2026-09-05T14:16:15.0713636Z raft2026/09/05 14:13:24 INFO: newRaft 1 [peers: [1,2,3], term: 1, commit: 1, applied: 1, lastindex: 1, lastterm: 1]
race distributed	Distributed serving race tests	2026-09-05T14:16:15.0714015Z raft2026/09/05 14:13:24 INFO: 2 switched to configuration voters=(1 2 3)
race distributed	Distributed serving race tests	2026-09-05T14:16:15.0714382Z raft2026/09/05 14:13:24 INFO: 2 became follower at term 1
race distributed	Distributed serving race tests	2026-09-05T14:16:15.0714742Z raft2026/09/05 14:13:24 INFO: newRaft 2 [peers: [1,2,3], term: 1, commit: 1, applied: 1, lastindex: 1, lastterm: 1]
race distributed	Distributed serving race tests	2026-09-05T14:16:15.0715116Z raft2026/09/05 14:13:25 INFO: 3 switched to configuration voters=(1 2 3)
race distributed	Distributed serving race tests	2026-09-05T14:16:15.0715462Z raft2026/09/05 14:13:25 INFO: 3 became follower at term 1
race distributed	Distributed serving race tests	2026-09-05T14:16:15.0715869Z raft2026/09/05 14:13:25 INFO: newRaft 3 [peers: [1,2,3], term: 1, commit: 1, applied: 1, lastindex: 1, lastterm: 1]
race distributed	Distributed serving race tests	2026-09-05T14:16:15.0716263Z raft2026/09/05 14:13:25 INFO: 3 is starting a new election at term 1
race distributed	Distributed serving race tests	2026-09-05T14:16:15.0716566Z raft2026/09/05 14:13:25 INFO: 3 became pre-candidate at term 1
race distributed	Distributed serving race tests	2026-09-05T14:16:15.0716912Z raft2026/09/05 14:13:25 INFO: 3 [logterm: 1, index: 1] sent MsgPreVote request to 1 at term 1
race distributed	Distributed serving race tests	2026-09-05T14:16:15.0717302Z raft2026/09/05 14:13:25 INFO: 3 [logterm: 1, index: 1] sent MsgPreVote request to 2 at term 1
race distributed	Distributed serving race tests	2026-09-05T14:16:15.0717655Z raft2026/09/05 14:13:25 INFO: 3 received MsgPreVoteResp from 3 at term 1
race distributed	Distributed serving race tests	2026-09-05T14:16:15.0717829Z raft2026/09/05 14:13:25 INFO: 3 has received 1 MsgPreVoteResp votes and 0 vote rejections
race distributed	Distributed serving race tests	2026-09-05T14:16:15.0717969Z raft2026/09/05 14:13:26 INFO: 1 switched to configuration voters=(1 2 3)
race distributed	Distributed serving race tests	2026-09-05T14:16:15.0718086Z raft2026/09/05 14:13:26 INFO: 1 became follower at term 1
race distributed	Distributed serving race tests	2026-09-05T14:16:15.0718288Z raft2026/09/05 14:13:26 INFO: newRaft 1 [peers: [1,2,3], term: 1, commit: 1, applied: 1, lastindex: 1, lastterm: 1]
race distributed	Distributed serving race tests	2026-09-05T14:16:15.0718428Z raft2026/09/05 14:13:27 INFO: 2 switched to configuration voters=(1 2 3)
race distributed	Distributed serving race tests	2026-09-05T14:16:15.0718543Z raft2026/09/05 14:13:27 INFO: 2 became follower at term 1
race distributed	Distributed serving race tests	2026-09-05T14:16:15.0718747Z raft2026/09/05 14:13:27 INFO: newRaft 2 [peers: [1,2,3], term: 1, commit: 1, applied: 1, lastindex: 1, lastterm: 1]
race distributed	Distributed serving race tests	2026-09-05T14:16:15.0718884Z raft2026/09/05 14:13:27 INFO: 3 switched to configuration voters=(1 2 3)
race distributed	Distributed serving race tests	2026-09-05T14:16:15.0719002Z raft2026/09/05 14:13:27 INFO: 3 became follower at term 1
race distributed	Distributed serving race tests	2026-09-05T14:16:15.0719305Z raft2026/09/05 14:13:27 INFO: newRaft 3 [peers: [1,2,3], term: 1, commit: 1, applied: 1, lastindex: 1, lastterm: 1]
race distributed	Distributed serving race tests	2026-09-05T14:16:15.0719445Z raft2026/09/05 14:13:27 INFO: 1 is starting a new election at term 1
race distributed	Distributed serving race tests	2026-09-05T14:16:15.0719582Z raft2026/09/05 14:13:27 INFO: 1 became pre-candidate at term 1
race distributed	Distributed serving race tests	2026-09-05T14:16:15.0719767Z raft2026/09/05 14:13:27 INFO: 1 [logterm: 1, index: 1] sent MsgPreVote request to 2 at term 1
race distributed	Distributed serving race tests	2026-09-05T14:16:15.0719936Z raft2026/09/05 14:13:27 INFO: 1 [logterm: 1, index: 1] sent MsgPreVote request to 3 at term 1
race distributed	Distributed serving race tests	2026-09-05T14:16:15.0720071Z raft2026/09/05 14:13:27 INFO: 1 received MsgPreVoteResp from 1 at term 1
race distributed	Distributed serving race tests	2026-09-05T14:16:15.0720254Z raft2026/09/05 14:13:27 INFO: 1 has received 1 MsgPreVoteResp votes and 0 vote rejections
race distributed	Distributed serving race tests	2026-09-05T14:16:15.0720484Z raft2026/09/05 14:13:27 INFO: 3 [logterm: 1, index: 1, vote: 0] cast MsgPreVote for 1 [logterm: 1, index: 1] at term 1
race distributed	Distributed serving race tests	2026-09-05T14:16:15.0720626Z raft2026/09/05 14:13:27 INFO: 1 received MsgPreVoteResp from 3 at term 1
race distributed	Distributed serving race tests	2026-09-05T14:16:15.0720803Z raft2026/09/05 14:13:27 INFO: 1 has received 2 MsgPreVoteResp votes and 0 vote rejections
race distributed	Distributed serving race tests	2026-09-05T14:16:15.0720930Z raft2026/09/05 14:13:27 INFO: 1 became candidate at term 2
race distributed	Distributed serving race tests	2026-09-05T14:16:15.0721110Z raft2026/09/05 14:13:27 INFO: 1 [logterm: 1, index: 1] sent MsgVote request to 2 at term 2
race distributed	Distributed serving race tests	2026-09-05T14:16:15.0721272Z raft2026/09/05 14:13:27 INFO: 1 [logterm: 1, index: 1] sent MsgVote request to 3 at term 2
race distributed	Distributed serving race tests	2026-09-05T14:16:15.0721479Z raft2026/09/05 14:13:27 INFO: 3 [term: 1] received a MsgVote message with higher term from 1 [term: 2]
race distributed	Distributed serving race tests	2026-09-05T14:16:15.0721603Z raft2026/09/05 14:13:27 INFO: 3 became follower at term 2
race distributed	Distributed serving race tests	2026-09-05T14:16:15.0721827Z raft2026/09/05 14:13:27 INFO: 3 [logterm: 1, index: 1, vote: 0] cast MsgVote for 1 [logterm: 1, index: 1] at term 2
race distributed	Distributed serving race tests	2026-09-05T14:16:15.0721963Z raft2026/09/05 14:13:27 INFO: 1 received MsgVoteResp from 1 at term 2
race distributed	Distributed serving race tests	2026-09-05T14:16:15.0722206Z raft2026/09/05 14:13:27 INFO: 1 has received 1 MsgVoteResp votes and 0 vote rejections
race distributed	Distributed serving race tests	2026-09-05T14:16:15.0722363Z raft2026/09/05 14:13:27 INFO: 1 received MsgVoteResp from 3 at term 2
race distributed	Distributed serving race tests	2026-09-05T14:16:15.0722542Z raft2026/09/05 14:13:27 INFO: 1 has received 2 MsgVoteResp votes and 0 vote rejections
race distributed	Distributed serving race tests	2026-09-05T14:16:15.0722710Z raft2026/09/05 14:13:27 INFO: 1 became leader at term 2
race distributed	Distributed serving race tests	2026-09-05T14:16:15.0722869Z raft2026/09/05 14:13:28 INFO: 1 switched to configuration voters=(1 2 3)
race distributed	Distributed serving race tests	2026-09-05T14:16:15.0723002Z raft2026/09/05 14:13:28 INFO: 1 became follower at term 1
race distributed	Distributed serving race tests	2026-09-05T14:16:15.0723218Z raft2026/09/05 14:13:28 INFO: newRaft 1 [peers: [1,2,3], term: 1, commit: 1, applied: 1, lastindex: 1, lastterm: 1]
race distributed	Distributed serving race tests	2026-09-05T14:16:15.0723448Z raft2026/09/05 14:13:29 INFO: 2 switched to configuration voters=(1 2 3)
race distributed	Distributed serving race tests	2026-09-05T14:16:15.0723580Z raft2026/09/05 14:13:29 INFO: 2 became follower at term 1
race distributed	Distributed serving race tests	2026-09-05T14:16:15.0723787Z raft2026/09/05 14:13:29 INFO: newRaft 2 [peers: [1,2,3], term: 1, commit: 1, applied: 1, lastindex: 1, lastterm: 1]
race distributed	Distributed serving race tests	2026-09-05T14:16:15.0723924Z raft2026/09/05 14:13:30 INFO: 3 switched to configuration voters=(1 2 3)
race distributed	Distributed serving race tests	2026-09-05T14:16:15.0724045Z raft2026/09/05 14:13:30 INFO: 3 became follower at term 1
race distributed	Distributed serving race tests	2026-09-05T14:16:15.0724257Z raft2026/09/05 14:13:30 INFO: newRaft 3 [peers: [1,2,3], term: 1, commit: 1, applied: 1, lastindex: 1, lastterm: 1]
race distributed	Distributed serving race tests	2026-09-05T14:16:15.0724402Z raft2026/09/05 14:13:30 INFO: 2 is starting a new election at term 1
race distributed	Distributed serving race tests	2026-09-05T14:16:15.0724520Z raft2026/09/05 14:13:30 INFO: 2 became pre-candidate at term 1
race distributed	Distributed serving race tests	2026-09-05T14:16:15.0724683Z raft2026/09/05 14:13:30 INFO: 2 [logterm: 1, index: 1] sent MsgPreVote request to 1 at term 1
race distributed	Distributed serving race tests	2026-09-05T14:16:15.0724847Z raft2026/09/05 14:13:30 INFO: 2 [logterm: 1, index: 1] sent MsgPreVote request to 3 at term 1
race distributed	Distributed serving race tests	2026-09-05T14:16:15.0724975Z raft2026/09/05 14:13:30 INFO: 2 received MsgPreVoteResp from 2 at term 1
race distributed	Distributed serving race tests	2026-09-05T14:16:15.0725139Z raft2026/09/05 14:13:30 INFO: 2 has received 1 MsgPreVoteResp votes and 0 vote rejections
race distributed	Distributed serving race tests	2026-09-05T14:16:15.0725354Z raft2026/09/05 14:13:30 INFO: 3 [logterm: 1, index: 1, vote: 0] cast MsgPreVote for 2 [logterm: 1, index: 1] at term 1
race distributed	Distributed serving race tests	2026-09-05T14:16:15.0725494Z raft2026/09/05 14:13:30 INFO: 2 received MsgPreVoteResp from 3 at term 1
race distributed	Distributed serving race tests	2026-09-05T14:16:15.0725645Z raft2026/09/05 14:13:30 INFO: 2 has received 2 MsgPreVoteResp votes and 0 vote rejections
race distributed	Distributed serving race tests	2026-09-05T14:16:15.0725763Z raft2026/09/05 14:13:30 INFO: 2 became candidate at term 2
race distributed	Distributed serving race tests	2026-09-05T14:16:15.0725925Z raft2026/09/05 14:13:30 INFO: 2 [logterm: 1, index: 1] sent MsgVote request to 1 at term 2
race distributed	Distributed serving race tests	2026-09-05T14:16:15.0726077Z raft2026/09/05 14:13:30 INFO: 2 [logterm: 1, index: 1] sent MsgVote request to 3 at term 2
race distributed	Distributed serving race tests	2026-09-05T14:16:15.0726259Z raft2026/09/05 14:13:30 INFO: 3 [term: 1] received a MsgVote message with higher term from 2 [term: 2]
race distributed	Distributed serving race tests	2026-09-05T14:16:15.0726378Z raft2026/09/05 14:13:30 INFO: 3 became follower at term 2
race distributed	Distributed serving race tests	2026-09-05T14:16:15.0726583Z raft2026/09/05 14:13:30 INFO: 3 [logterm: 1, index: 1, vote: 0] cast MsgVote for 2 [logterm: 1, index: 1] at term 2
race distributed	Distributed serving race tests	2026-09-05T14:16:15.0726712Z raft2026/09/05 14:13:30 INFO: 2 received MsgVoteResp from 2 at term 2
race distributed	Distributed serving race tests	2026-09-05T14:16:15.0726877Z raft2026/09/05 14:13:30 INFO: 2 has received 1 MsgVoteResp votes and 0 vote rejections
race distributed	Distributed serving race tests	2026-09-05T14:16:15.0727011Z raft2026/09/05 14:13:30 INFO: 2 received MsgVoteResp from 3 at term 2
race distributed	Distributed serving race tests	2026-09-05T14:16:15.0727172Z raft2026/09/05 14:13:30 INFO: 2 has received 2 MsgVoteResp votes and 0 vote rejections
race distributed	Distributed serving race tests	2026-09-05T14:16:15.0727274Z raft2026/09/05 14:13:30 INFO: 2 became leader at term 2
race distributed	Distributed serving race tests	2026-09-05T14:16:15.0727409Z raft2026/09/05 14:13:31 INFO: 1 switched to configuration voters=(1 2 3)
race distributed	Distributed serving race tests	2026-09-05T14:16:15.0727521Z raft2026/09/05 14:13:31 INFO: 1 became follower at term 1
race distributed	Distributed serving race tests	2026-09-05T14:16:15.0727727Z raft2026/09/05 14:13:31 INFO: newRaft 1 [peers: [1,2,3], term: 1, commit: 1, applied: 1, lastindex: 1, lastterm: 1]
race distributed	Distributed serving race tests	2026-09-05T14:16:15.0727849Z raft2026/09/05 14:13:32 INFO: 2 switched to configuration voters=(1 2 3)
race distributed	Distributed serving race tests	2026-09-05T14:16:15.0727966Z raft2026/09/05 14:13:32 INFO: 2 became follower at term 1
race distributed	Distributed serving race tests	2026-09-05T14:16:15.0728220Z raft2026/09/05 14:13:32 INFO: newRaft 2 [peers: [1,2,3], term: 1, commit: 1, applied: 1, lastindex: 1, lastterm: 1]
race distributed	Distributed serving race tests	2026-09-05T14:16:15.0728346Z raft2026/09/05 14:13:33 INFO: 3 switched to configuration voters=(1 2 3)
race distributed	Distributed serving race tests	2026-09-05T14:16:15.0728518Z raft2026/09/05 14:13:33 INFO: 3 became follower at term 1
race distributed	Distributed serving race tests	2026-09-05T14:16:15.0728713Z raft2026/09/05 14:13:33 INFO: newRaft 3 [peers: [1,2,3], term: 1, commit: 1, applied: 1, lastindex: 1, lastterm: 1]
race distributed	Distributed serving race tests	2026-09-05T14:16:15.0728840Z raft2026/09/05 14:13:33 INFO: 1 is starting a new election at term 1
race distributed	Distributed serving race tests	2026-09-05T14:16:15.0728955Z raft2026/09/05 14:13:33 INFO: 1 became pre-candidate at term 1
race distributed	Distributed serving race tests	2026-09-05T14:16:15.0729234Z raft2026/09/05 14:13:33 INFO: 1 [logterm: 1, index: 1] sent MsgPreVote request to 2 at term 1
race distributed	Distributed serving race tests	2026-09-05T14:16:15.0729414Z raft2026/09/05 14:13:33 INFO: 1 [logterm: 1, index: 1] sent MsgPreVote request to 3 at term 1
race distributed	Distributed serving race tests	2026-09-05T14:16:15.0729548Z raft2026/09/05 14:13:33 INFO: 1 received MsgPreVoteResp from 1 at term 1
race distributed	Distributed serving race tests	2026-09-05T14:16:15.0729707Z raft2026/09/05 14:13:33 INFO: 1 has received 1 MsgPreVoteResp votes and 0 vote rejections
race distributed	Distributed serving race tests	2026-09-05T14:16:15.0729924Z raft2026/09/05 14:13:33 INFO: 3 [logterm: 1, index: 1, vote: 0] cast MsgPreVote for 1 [logterm: 1, index: 1] at term 1
race distributed	Distributed serving race tests	2026-09-05T14:16:15.0730138Z raft2026/09/05 14:13:33 INFO: 2 [logterm: 1, index: 1, vote: 0] cast MsgPreVote for 1 [logterm: 1, index: 1] at term 1
race distributed	Distributed serving race tests	2026-09-05T14:16:15.0730281Z raft2026/09/05 14:13:33 INFO: 1 received MsgPreVoteResp from 3 at term 1
race distributed	Distributed serving race tests	2026-09-05T14:16:15.0730432Z raft2026/09/05 14:13:33 INFO: 1 has received 2 MsgPreVoteResp votes and 0 vote rejections
race distributed	Distributed serving race tests	2026-09-05T14:16:15.0730555Z raft2026/09/05 14:13:33 INFO: 1 became candidate at term 2
race distributed	Distributed serving race tests	2026-09-05T14:16:15.0730724Z raft2026/09/05 14:13:33 INFO: 1 [logterm: 1, index: 1] sent MsgVote request to 2 at term 2
race distributed	Distributed serving race tests	2026-09-05T14:16:15.0730880Z raft2026/09/05 14:13:33 INFO: 1 [logterm: 1, index: 1] sent MsgVote request to 3 at term 2
race distributed	Distributed serving race tests	2026-09-05T14:16:15.0731073Z raft2026/09/05 14:13:33 INFO: 2 [term: 1] received a MsgVote message with higher term from 1 [term: 2]
race distributed	Distributed serving race tests	2026-09-05T14:16:15.0731262Z raft2026/09/05 14:13:33 INFO: 3 [term: 1] received a MsgVote message with higher term from 1 [term: 2]
race distributed	Distributed serving race tests	2026-09-05T14:16:15.0731379Z raft2026/09/05 14:13:33 INFO: 2 became follower at term 2
race distributed	Distributed serving race tests	2026-09-05T14:16:15.0731484Z raft2026/09/05 14:13:33 INFO: 3 became follower at term 2
race distributed	Distributed serving race tests	2026-09-05T14:16:15.0731688Z raft2026/09/05 14:13:33 INFO: 2 [logterm: 1, index: 1, vote: 0] cast MsgVote for 1 [logterm: 1, index: 1] at term 2
race distributed	Distributed serving race tests	2026-09-05T14:16:15.0731893Z raft2026/09/05 14:13:33 INFO: 3 [logterm: 1, index: 1, vote: 0] cast MsgVote for 1 [logterm: 1, index: 1] at term 2
race distributed	Distributed serving race tests	2026-09-05T14:16:15.0732028Z raft2026/09/05 14:13:33 INFO: 1 received MsgVoteResp from 1 at term 2
race distributed	Distributed serving race tests	2026-09-05T14:16:15.0732178Z raft2026/09/05 14:13:33 INFO: 1 has received 1 MsgVoteResp votes and 0 vote rejections
race distributed	Distributed serving race tests	2026-09-05T14:16:15.0732318Z raft2026/09/05 14:13:33 INFO: 1 received MsgVoteResp from 3 at term 2
race distributed	Distributed serving race tests	2026-09-05T14:16:15.0732481Z raft2026/09/05 14:13:33 INFO: 1 has received 2 MsgVoteResp votes and 0 vote rejections
race distributed	Distributed serving race tests	2026-09-05T14:16:15.0732584Z raft2026/09/05 14:13:33 INFO: 1 became leader at term 2
race distributed	Distributed serving race tests	2026-09-05T14:16:15.0732721Z raft2026/09/05 14:13:34 INFO: 1 switched to configuration voters=(1 2 3)
race distributed	Distributed serving race tests	2026-09-05T14:16:15.0732834Z raft2026/09/05 14:13:34 INFO: 1 became follower at term 1
race distributed	Distributed serving race tests	2026-09-05T14:16:15.0733037Z raft2026/09/05 14:13:34 INFO: newRaft 1 [peers: [1,2,3], term: 1, commit: 1, applied: 1, lastindex: 1, lastterm: 1]
race distributed	Distributed serving race tests	2026-09-05T14:16:15.0733166Z raft2026/09/05 14:13:36 INFO: 2 switched to configuration voters=(1 2 3)
race distributed	Distributed serving race tests	2026-09-05T14:16:15.0733279Z raft2026/09/05 14:13:36 INFO: 2 became follower at term 1
race distributed	Distributed serving race tests	2026-09-05T14:16:15.0733467Z raft2026/09/05 14:13:36 INFO: newRaft 2 [peers: [1,2,3], term: 1, commit: 1, applied: 1, lastindex: 1, lastterm: 1]
race distributed	Distributed serving race tests	2026-09-05T14:16:15.0733598Z raft2026/09/05 14:13:38 INFO: 3 switched to configuration voters=(1 2 3)
race distributed	Distributed serving race tests	2026-09-05T14:16:15.0733701Z raft2026/09/05 14:13:38 INFO: 3 became follower at term 1
race distributed	Distributed serving race tests	2026-09-05T14:16:15.0733964Z raft2026/09/05 14:13:38 INFO: newRaft 3 [peers: [1,2,3], term: 1, commit: 1, applied: 1, lastindex: 1, lastterm: 1]
race distributed	Distributed serving race tests	2026-09-05T14:16:15.0734107Z raft2026/09/05 14:13:38 INFO: 1 is starting a new election at term 1
race distributed	Distributed serving race tests	2026-09-05T14:16:15.0734281Z raft2026/09/05 14:13:38 INFO: 1 became pre-candidate at term 1
race distributed	Distributed serving race tests	2026-09-05T14:16:15.0734462Z raft2026/09/05 14:13:38 INFO: 1 [logterm: 1, index: 1] sent MsgPreVote request to 2 at term 1
race distributed	Distributed serving race tests	2026-09-05T14:16:15.0734637Z raft2026/09/05 14:13:38 INFO: 1 [logterm: 1, index: 1] sent MsgPreVote request to 3 at term 1
race distributed	Distributed serving race tests	2026-09-05T14:16:15.0734779Z raft2026/09/05 14:13:38 INFO: 1 received MsgPreVoteResp from 1 at term 1
race distributed	Distributed serving race tests	2026-09-05T14:16:15.0734939Z raft2026/09/05 14:13:38 INFO: 1 has received 1 MsgPreVoteResp votes and 0 vote rejections
race distributed	Distributed serving race tests	2026-09-05T14:16:15.0735160Z raft2026/09/05 14:13:38 INFO: 2 [logterm: 1, index: 1, vote: 0] cast MsgPreVote for 1 [logterm: 1, index: 1] at term 1
race distributed	Distributed serving race tests	2026-09-05T14:16:15.0735378Z raft2026/09/05 14:13:38 INFO: 3 [logterm: 1, index: 1, vote: 0] cast MsgPreVote for 1 [logterm: 1, index: 1] at term 1
race distributed	Distributed serving race tests	2026-09-05T14:16:15.0735524Z raft2026/09/05 14:13:38 INFO: 1 received MsgPreVoteResp from 2 at term 1
race distributed	Distributed serving race tests	2026-09-05T14:16:15.0735681Z raft2026/09/05 14:13:38 INFO: 1 has received 2 MsgPreVoteResp votes and 0 vote rejections
race distributed	Distributed serving race tests	2026-09-05T14:16:15.0735807Z raft2026/09/05 14:13:38 INFO: 1 became candidate at term 2
race distributed	Distributed serving race tests	2026-09-05T14:16:15.0735972Z raft2026/09/05 14:13:38 INFO: 1 [logterm: 1, index: 1] sent MsgVote request to 2 at term 2
race distributed	Distributed serving race tests	2026-09-05T14:16:15.0736138Z raft2026/09/05 14:13:38 INFO: 1 [logterm: 1, index: 1] sent MsgVote request to 3 at term 2
race distributed	Distributed serving race tests	2026-09-05T14:16:15.0736318Z raft2026/09/05 14:13:38 INFO: 3 [term: 1] received a MsgVote message with higher term from 1 [term: 2]
race distributed	Distributed serving race tests	2026-09-05T14:16:15.0736498Z raft2026/09/05 14:13:38 INFO: 2 [term: 1] received a MsgVote message with higher term from 1 [term: 2]
race distributed	Distributed serving race tests	2026-09-05T14:16:15.0736605Z raft2026/09/05 14:13:38 INFO: 3 became follower at term 2
race distributed	Distributed serving race tests	2026-09-05T14:16:15.0736800Z raft2026/09/05 14:13:38 INFO: 3 [logterm: 1, index: 1, vote: 0] cast MsgVote for 1 [logterm: 1, index: 1] at term 2
race distributed	Distributed serving race tests	2026-09-05T14:16:15.0736900Z raft2026/09/05 14:13:38 INFO: 2 became follower at term 2
race distributed	Distributed serving race tests	2026-09-05T14:16:15.0737091Z raft2026/09/05 14:13:38 INFO: 2 [logterm: 1, index: 1, vote: 0] cast MsgVote for 1 [logterm: 1, index: 1] at term 2
race distributed	Distributed serving race tests	2026-09-05T14:16:15.0737220Z raft2026/09/05 14:13:38 INFO: 1 received MsgVoteResp from 3 at term 2
race distributed	Distributed serving race tests	2026-09-05T14:16:15.0737372Z raft2026/09/05 14:13:38 INFO: 1 has received 1 MsgVoteResp votes and 0 vote rejections
race distributed	Distributed serving race tests	2026-09-05T14:16:15.0737501Z raft2026/09/05 14:13:38 INFO: 1 received MsgVoteResp from 2 at term 2
race distributed	Distributed serving race tests	2026-09-05T14:16:15.0737651Z raft2026/09/05 14:13:38 INFO: 1 has received 2 MsgVoteResp votes and 0 vote rejections
race distributed	Distributed serving race tests	2026-09-05T14:16:15.0737752Z raft2026/09/05 14:13:38 INFO: 1 became leader at term 2
race distributed	Distributed serving race tests	2026-09-05T14:16:15.0737875Z raft2026/09/05 14:13:39 INFO: 1 switched to configuration voters=(1 2 3)
race distributed	Distributed serving race tests	2026-09-05T14:16:15.0737981Z raft2026/09/05 14:13:39 INFO: 1 became follower at term 1
race distributed	Distributed serving race tests	2026-09-05T14:16:15.0738177Z raft2026/09/05 14:13:39 INFO: newRaft 1 [peers: [1,2,3], term: 1, commit: 1, applied: 1, lastindex: 1, lastterm: 1]
race distributed	Distributed serving race tests	2026-09-05T14:16:15.0738306Z raft2026/09/05 14:13:40 INFO: 2 switched to configuration voters=(1 2 3)
race distributed	Distributed serving race tests	2026-09-05T14:16:15.0738408Z raft2026/09/05 14:13:40 INFO: 2 became follower at term 1
race distributed	Distributed serving race tests	2026-09-05T14:16:15.0738601Z raft2026/09/05 14:13:40 INFO: newRaft 2 [peers: [1,2,3], term: 1, commit: 1, applied: 1, lastindex: 1, lastterm: 1]
race distributed	Distributed serving race tests	2026-09-05T14:16:15.0738733Z raft2026/09/05 14:13:42 INFO: 3 switched to configuration voters=(1 2 3)
race distributed	Distributed serving race tests	2026-09-05T14:16:15.0738832Z raft2026/09/05 14:13:42 INFO: 3 became follower at term 1
race distributed	Distributed serving race tests	2026-09-05T14:16:15.0739043Z raft2026/09/05 14:13:42 INFO: newRaft 3 [peers: [1,2,3], term: 1, commit: 1, applied: 1, lastindex: 1, lastterm: 1]
race distributed	Distributed serving race tests	2026-09-05T14:16:15.0739345Z raft2026/09/05 14:13:44 INFO: 1 switched to configuration voters=(1 2 3)
race distributed	Distributed serving race tests	2026-09-05T14:16:15.0739479Z raft2026/09/05 14:13:44 INFO: 1 became follower at term 1
race distributed	Distributed serving race tests	2026-09-05T14:16:15.0739727Z raft2026/09/05 14:13:44 INFO: newRaft 1 [peers: [1,2,3], term: 1, commit: 1, applied: 1, lastindex: 1, lastterm: 1]
race distributed	Distributed serving race tests	2026-09-05T14:16:15.0739869Z raft2026/09/05 14:13:45 INFO: 2 switched to configuration voters=(1 2 3)
race distributed	Distributed serving race tests	2026-09-05T14:16:15.0740029Z raft2026/09/05 14:13:45 INFO: 2 became follower at term 1
race distributed	Distributed serving race tests	2026-09-05T14:16:15.0740218Z raft2026/09/05 14:13:45 INFO: newRaft 2 [peers: [1,2,3], term: 1, commit: 1, applied: 1, lastindex: 1, lastterm: 1]
race distributed	Distributed serving race tests	2026-09-05T14:16:15.0740338Z raft2026/09/05 14:13:47 INFO: 3 switched to configuration voters=(1 2 3)
race distributed	Distributed serving race tests	2026-09-05T14:16:15.0740438Z raft2026/09/05 14:13:47 INFO: 3 became follower at term 1
race distributed	Distributed serving race tests	2026-09-05T14:16:15.0740626Z raft2026/09/05 14:13:47 INFO: newRaft 3 [peers: [1,2,3], term: 1, commit: 1, applied: 1, lastindex: 1, lastterm: 1]
race distributed	Distributed serving race tests	2026-09-05T14:16:15.0740752Z raft2026/09/05 14:13:47 INFO: 1 switched to configuration voters=(1 2 3)
race distributed	Distributed serving race tests	2026-09-05T14:16:15.0740851Z raft2026/09/05 14:13:47 INFO: 1 became follower at term 1
race distributed	Distributed serving race tests	2026-09-05T14:16:15.0741042Z raft2026/09/05 14:13:47 INFO: newRaft 1 [peers: [1,2,3], term: 1, commit: 1, applied: 1, lastindex: 1, lastterm: 1]
race distributed	Distributed serving race tests	2026-09-05T14:16:15.0741172Z raft2026/09/05 14:13:49 INFO: 2 switched to configuration voters=(1 2 3)
race distributed	Distributed serving race tests	2026-09-05T14:16:15.0741268Z raft2026/09/05 14:13:49 INFO: 2 became follower at term 1
race distributed	Distributed serving race tests	2026-09-05T14:16:15.0741455Z raft2026/09/05 14:13:49 INFO: newRaft 2 [peers: [1,2,3], term: 1, commit: 1, applied: 1, lastindex: 1, lastterm: 1]
race distributed	Distributed serving race tests	2026-09-05T14:16:15.0741578Z raft2026/09/05 14:13:50 INFO: 3 switched to configuration voters=(1 2 3)
race distributed	Distributed serving race tests	2026-09-05T14:16:15.0741691Z raft2026/09/05 14:13:50 INFO: 3 became follower at term 1
race distributed	Distributed serving race tests	2026-09-05T14:16:15.0741874Z raft2026/09/05 14:13:50 INFO: newRaft 3 [peers: [1,2,3], term: 1, commit: 1, applied: 1, lastindex: 1, lastterm: 1]
race distributed	Distributed serving race tests	2026-09-05T14:16:15.0741996Z raft2026/09/05 14:13:50 INFO: 1 is starting a new election at term 1
race distributed	Distributed serving race tests	2026-09-05T14:16:15.0742114Z raft2026/09/05 14:13:50 INFO: 1 became pre-candidate at term 1
race distributed	Distributed serving race tests	2026-09-05T14:16:15.0742292Z raft2026/09/05 14:13:50 INFO: 1 [logterm: 1, index: 1] sent MsgPreVote request to 2 at term 1
race distributed	Distributed serving race tests	2026-09-05T14:16:15.0742454Z raft2026/09/05 14:13:50 INFO: 1 [logterm: 1, index: 1] sent MsgPreVote request to 3 at term 1
race distributed	Distributed serving race tests	2026-09-05T14:16:15.0742595Z raft2026/09/05 14:13:50 INFO: 1 received MsgPreVoteResp from 1 at term 1
race distributed	Distributed serving race tests	2026-09-05T14:16:15.0742752Z raft2026/09/05 14:13:50 INFO: 1 has received 1 MsgPreVoteResp votes and 0 vote rejections
race distributed	Distributed serving race tests	2026-09-05T14:16:15.0742947Z raft2026/09/05 14:13:50 INFO: 2 [logterm: 1, index: 1, vote: 0] cast MsgPreVote for 1 [logterm: 1, index: 1] at term 1
race distributed	Distributed serving race tests	2026-09-05T14:16:15.0743146Z raft2026/09/05 14:13:50 INFO: 3 [logterm: 1, index: 1, vote: 0] cast MsgPreVote for 1 [logterm: 1, index: 1] at term 1
race distributed	Distributed serving race tests	2026-09-05T14:16:15.0743272Z raft2026/09/05 14:13:50 INFO: 1 received MsgPreVoteResp from 3 at term 1
race distributed	Distributed serving race tests	2026-09-05T14:16:15.0743434Z raft2026/09/05 14:13:50 INFO: 1 has received 2 MsgPreVoteResp votes and 0 vote rejections
race distributed	Distributed serving race tests	2026-09-05T14:16:15.0743541Z raft2026/09/05 14:13:50 INFO: 1 became candidate at term 2
race distributed	Distributed serving race tests	2026-09-05T14:16:15.0743702Z raft2026/09/05 14:13:50 INFO: 1 [logterm: 1, index: 1] sent MsgVote request to 2 at term 2
race distributed	Distributed serving race tests	2026-09-05T14:16:15.0743856Z raft2026/09/05 14:13:50 INFO: 1 [logterm: 1, index: 1] sent MsgVote request to 3 at term 2
race distributed	Distributed serving race tests	2026-09-05T14:16:15.0744038Z raft2026/09/05 14:13:50 INFO: 3 [term: 1] received a MsgVote message with higher term from 1 [term: 2]
race distributed	Distributed serving race tests	2026-09-05T14:16:15.0744137Z raft2026/09/05 14:13:50 INFO: 3 became follower at term 2
race distributed	Distributed serving race tests	2026-09-05T14:16:15.0744330Z raft2026/09/05 14:13:50 INFO: 3 [logterm: 1, index: 1, vote: 0] cast MsgVote for 1 [logterm: 1, index: 1] at term 2
race distributed	Distributed serving race tests	2026-09-05T14:16:15.0744522Z raft2026/09/05 14:13:50 INFO: 2 [term: 1] received a MsgVote message with higher term from 1 [term: 2]
race distributed	Distributed serving race tests	2026-09-05T14:16:15.0744626Z raft2026/09/05 14:13:50 INFO: 2 became follower at term 2
race distributed	Distributed serving race tests	2026-09-05T14:16:15.0744809Z raft2026/09/05 14:13:50 INFO: 2 [logterm: 1, index: 1, vote: 0] cast MsgVote for 1 [logterm: 1, index: 1] at term 2
race distributed	Distributed serving race tests	2026-09-05T14:16:15.0744979Z raft2026/09/05 14:13:50 INFO: 1 received MsgVoteResp from 3 at term 2
race distributed	Distributed serving race tests	2026-09-05T14:16:15.0745128Z raft2026/09/05 14:13:50 INFO: 1 has received 1 MsgVoteResp votes and 0 vote rejections
race distributed	Distributed serving race tests	2026-09-05T14:16:15.0745246Z raft2026/09/05 14:13:50 INFO: 1 received MsgVoteResp from 1 at term 2
race distributed	Distributed serving race tests	2026-09-05T14:16:15.0745466Z raft2026/09/05 14:13:50 INFO: 1 has received 2 MsgVoteResp votes and 0 vote rejections
race distributed	Distributed serving race tests	2026-09-05T14:16:15.0745571Z raft2026/09/05 14:13:50 INFO: 1 became leader at term 2
race distributed	Distributed serving race tests	2026-09-05T14:16:15.0745698Z raft2026/09/05 14:13:50 INFO: 1 is starting a new election at term 1
race distributed	Distributed serving race tests	2026-09-05T14:16:15.0745813Z raft2026/09/05 14:13:50 INFO: 1 became pre-candidate at term 1
race distributed	Distributed serving race tests	2026-09-05T14:16:15.0745984Z raft2026/09/05 14:13:50 INFO: 1 [logterm: 1, index: 1] sent MsgPreVote request to 2 at term 1
race distributed	Distributed serving race tests	2026-09-05T14:16:15.0746157Z raft2026/09/05 14:13:50 INFO: 1 [logterm: 1, index: 1] sent MsgPreVote request to 3 at term 1
race distributed	Distributed serving race tests	2026-09-05T14:16:15.0746287Z raft2026/09/05 14:13:50 INFO: 1 received MsgPreVoteResp from 1 at term 1
race distributed	Distributed serving race tests	2026-09-05T14:16:15.0746443Z raft2026/09/05 14:13:50 INFO: 1 has received 1 MsgPreVoteResp votes and 0 vote rejections
race distributed	Distributed serving race tests	2026-09-05T14:16:15.0746653Z raft2026/09/05 14:13:50 INFO: 2 [logterm: 1, index: 1, vote: 0] cast MsgPreVote for 1 [logterm: 1, index: 1] at term 1
race distributed	Distributed serving race tests	2026-09-05T14:16:15.0746859Z raft2026/09/05 14:13:50 INFO: 3 [logterm: 1, index: 1, vote: 0] cast MsgPreVote for 1 [logterm: 1, index: 1] at term 1
race distributed	Distributed serving race tests	2026-09-05T14:16:15.0746989Z raft2026/09/05 14:13:50 INFO: 1 received MsgPreVoteResp from 3 at term 1
race distributed	Distributed serving race tests	2026-09-05T14:16:15.0747152Z raft2026/09/05 14:13:50 INFO: 1 has received 2 MsgPreVoteResp votes and 0 vote rejections
race distributed	Distributed serving race tests	2026-09-05T14:16:15.0747271Z raft2026/09/05 14:13:50 INFO: 1 became candidate at term 2
race distributed	Distributed serving race tests	2026-09-05T14:16:15.0747433Z raft2026/09/05 14:13:50 INFO: 1 [logterm: 1, index: 1] sent MsgVote request to 2 at term 2
race distributed	Distributed serving race tests	2026-09-05T14:16:15.0747582Z raft2026/09/05 14:13:50 INFO: 1 [logterm: 1, index: 1] sent MsgVote request to 3 at term 2
race distributed	Distributed serving race tests	2026-09-05T14:16:15.0747761Z raft2026/09/05 14:13:50 INFO: 3 [term: 1] received a MsgVote message with higher term from 1 [term: 2]
race distributed	Distributed serving race tests	2026-09-05T14:16:15.0747870Z raft2026/09/05 14:13:50 INFO: 3 became follower at term 2
race distributed	Distributed serving race tests	2026-09-05T14:16:15.0748071Z raft2026/09/05 14:13:50 INFO: 3 [logterm: 1, index: 1, vote: 0] cast MsgVote for 1 [logterm: 1, index: 1] at term 2
race distributed	Distributed serving race tests	2026-09-05T14:16:15.0748246Z raft2026/09/05 14:13:50 INFO: 2 [term: 1] received a MsgVote message with higher term from 1 [term: 2]
race distributed	Distributed serving race tests	2026-09-05T14:16:15.0748356Z raft2026/09/05 14:13:50 INFO: 2 became follower at term 2
race distributed	Distributed serving race tests	2026-09-05T14:16:15.0748552Z raft2026/09/05 14:13:50 INFO: 2 [logterm: 1, index: 1, vote: 0] cast MsgVote for 1 [logterm: 1, index: 1] at term 2
race distributed	Distributed serving race tests	2026-09-05T14:16:15.0748682Z raft2026/09/05 14:13:50 INFO: 1 received MsgVoteResp from 1 at term 2
race distributed	Distributed serving race tests	2026-09-05T14:16:15.0748827Z raft2026/09/05 14:13:50 INFO: 1 has received 1 MsgVoteResp votes and 0 vote rejections
race distributed	Distributed serving race tests	2026-09-05T14:16:15.0748957Z raft2026/09/05 14:13:50 INFO: 1 received MsgVoteResp from 2 at term 2
race distributed	Distributed serving race tests	2026-09-05T14:16:15.0749226Z raft2026/09/05 14:13:50 INFO: 1 has received 2 MsgVoteResp votes and 0 vote rejections
race distributed	Distributed serving race tests	2026-09-05T14:16:15.0749348Z raft2026/09/05 14:13:50 INFO: 1 became leader at term 2
race distributed	Distributed serving race tests	2026-09-05T14:16:15.0749497Z raft2026/09/05 14:13:50 INFO: 1 is starting a new election at term 1
race distributed	Distributed serving race tests	2026-09-05T14:16:15.0749614Z raft2026/09/05 14:13:50 INFO: 1 became pre-candidate at term 1
race distributed	Distributed serving race tests	2026-09-05T14:16:15.0749772Z raft2026/09/05 14:13:50 INFO: 1 [logterm: 1, index: 1] sent MsgPreVote request to 2 at term 1
race distributed	Distributed serving race tests	2026-09-05T14:16:15.0749923Z raft2026/09/05 14:13:50 INFO: 1 [logterm: 1, index: 1] sent MsgPreVote request to 3 at term 1
race distributed	Distributed serving race tests	2026-09-05T14:16:15.0750053Z raft2026/09/05 14:13:50 INFO: 1 received MsgPreVoteResp from 1 at term 1
race distributed	Distributed serving race tests	2026-09-05T14:16:15.0750208Z raft2026/09/05 14:13:50 INFO: 1 has received 1 MsgPreVoteResp votes and 0 vote rejections
race distributed	Distributed serving race tests	2026-09-05T14:16:15.0750405Z raft2026/09/05 14:13:50 INFO: 2 [logterm: 1, index: 1, vote: 0] cast MsgPreVote for 1 [logterm: 1, index: 1] at term 1
race distributed	Distributed serving race tests	2026-09-05T14:16:15.0750596Z raft2026/09/05 14:13:50 INFO: 3 [logterm: 1, index: 1, vote: 0] cast MsgPreVote for 1 [logterm: 1, index: 1] at term 1
race distributed	Distributed serving race tests	2026-09-05T14:16:15.0750779Z raft2026/09/05 14:13:50 INFO: 1 received MsgPreVoteResp from 2 at term 1
race distributed	Distributed serving race tests	2026-09-05T14:16:15.0750936Z raft2026/09/05 14:13:50 INFO: 1 has received 2 MsgPreVoteResp votes and 0 vote rejections
race distributed	Distributed serving race tests	2026-09-05T14:16:15.0751091Z raft2026/09/05 14:13:50 INFO: 1 became candidate at term 2
race distributed	Distributed serving race tests	2026-09-05T14:16:15.0751247Z raft2026/09/05 14:13:50 INFO: 1 [logterm: 1, index: 1] sent MsgVote request to 2 at term 2
race distributed	Distributed serving race tests	2026-09-05T14:16:15.0751406Z raft2026/09/05 14:13:50 INFO: 1 [logterm: 1, index: 1] sent MsgVote request to 3 at term 2
race distributed	Distributed serving race tests	2026-09-05T14:16:15.0751598Z raft2026/09/05 14:13:50 INFO: 3 [term: 1] received a MsgVote message with higher term from 1 [term: 2]
race distributed	Distributed serving race tests	2026-09-05T14:16:15.0751697Z raft2026/09/05 14:13:50 INFO: 3 became follower at term 2
race distributed	Distributed serving race tests	2026-09-05T14:16:15.0751890Z raft2026/09/05 14:13:50 INFO: 3 [logterm: 1, index: 1, vote: 0] cast MsgVote for 1 [logterm: 1, index: 1] at term 2
race distributed	Distributed serving race tests	2026-09-05T14:16:15.0752070Z raft2026/09/05 14:13:50 INFO: 2 [term: 1] received a MsgVote message with higher term from 1 [term: 2]
race distributed	Distributed serving race tests	2026-09-05T14:16:15.0752177Z raft2026/09/05 14:13:50 INFO: 2 became follower at term 2
race distributed	Distributed serving race tests	2026-09-05T14:16:15.0752362Z raft2026/09/05 14:13:50 INFO: 2 [logterm: 1, index: 1, vote: 0] cast MsgVote for 1 [logterm: 1, index: 1] at term 2
race distributed	Distributed serving race tests	2026-09-05T14:16:15.0752491Z raft2026/09/05 14:13:50 INFO: 1 received MsgVoteResp from 1 at term 2
race distributed	Distributed serving race tests	2026-09-05T14:16:15.0752639Z raft2026/09/05 14:13:50 INFO: 1 has received 1 MsgVoteResp votes and 0 vote rejections
race distributed	Distributed serving race tests	2026-09-05T14:16:15.0752762Z raft2026/09/05 14:13:50 INFO: 1 received MsgVoteResp from 3 at term 2
race distributed	Distributed serving race tests	2026-09-05T14:16:15.0752908Z raft2026/09/05 14:13:50 INFO: 1 has received 2 MsgVoteResp votes and 0 vote rejections
race distributed	Distributed serving race tests	2026-09-05T14:16:15.0753031Z raft2026/09/05 14:13:50 INFO: 1 became leader at term 2
race distributed	Distributed serving race tests	2026-09-05T14:16:15.0753204Z raft2026/09/05 14:13:51 INFO: entry at index 5 missing from unstable log; ignoring
race distributed	Distributed serving race tests	2026-09-05T14:16:15.0753355Z raft2026/09/05 14:13:51 INFO: entry at index 7 missing from unstable log; ignoring
race distributed	Distributed serving race tests	2026-09-05T14:16:15.0753509Z raft2026/09/05 14:13:52 INFO: entry at index 8 missing from unstable log; ignoring
race distributed	Distributed serving race tests	2026-09-05T14:16:15.0753657Z raft2026/09/05 14:13:52 INFO: entry at index 9 missing from unstable log; ignoring
race distributed	Distributed serving race tests	2026-09-05T14:16:15.0753808Z raft2026/09/05 14:13:52 INFO: entry at index 10 missing from unstable log; ignoring
race distributed	Distributed serving race tests	2026-09-05T14:16:15.0753946Z raft2026/09/05 14:13:52 INFO: entry at index 4 missing from unstable log; ignoring
race distributed	Distributed serving race tests	2026-09-05T14:16:15.0754086Z raft2026/09/05 14:13:52 INFO: entry at index 4 missing from unstable log; ignoring
race distributed	Distributed serving race tests	2026-09-05T14:16:15.0754210Z raft2026/09/05 14:13:52 INFO: 2 is starting a new election at term 2
race distributed	Distributed serving race tests	2026-09-05T14:16:15.0754329Z raft2026/09/05 14:13:52 INFO: 2 became pre-candidate at term 2
race distributed	Distributed serving race tests	2026-09-05T14:16:15.0754486Z raft2026/09/05 14:13:52 INFO: 2 [logterm: 2, index: 4] sent MsgPreVote request to 1 at term 2
race distributed	Distributed serving race tests	2026-09-05T14:16:15.0754647Z raft2026/09/05 14:13:52 INFO: 2 [logterm: 2, index: 4] sent MsgPreVote request to 3 at term 2
race distributed	Distributed serving race tests	2026-09-05T14:16:15.0754781Z raft2026/09/05 14:13:52 INFO: 2 received MsgPreVoteResp from 2 at term 2
race distributed	Distributed serving race tests	2026-09-05T14:16:15.0754936Z raft2026/09/05 14:13:52 INFO: 2 has received 1 MsgPreVoteResp votes and 0 vote rejections
race distributed	Distributed serving race tests	2026-09-05T14:16:15.0755236Z raft2026/09/05 14:13:52 INFO: 3 [logterm: 2, index: 4, vote: 1] ignored MsgPreVote from 2 [logterm: 2, index: 4] at term 2: lease is not expired (remaining ticks: 10)
race distributed	Distributed serving race tests	2026-09-05T14:16:15.0755364Z raft2026/09/05 14:13:52 INFO: 3 is starting a new election at term 2
race distributed	Distributed serving race tests	2026-09-05T14:16:15.0755487Z raft2026/09/05 14:13:52 INFO: 3 became pre-candidate at term 2
race distributed	Distributed serving race tests	2026-09-05T14:16:15.0755643Z raft2026/09/05 14:13:52 INFO: 3 [logterm: 2, index: 4] sent MsgPreVote request to 1 at term 2
race distributed	Distributed serving race tests	2026-09-05T14:16:15.0755807Z raft2026/09/05 14:13:52 INFO: 3 [logterm: 2, index: 4] sent MsgPreVote request to 2 at term 2
race distributed	Distributed serving race tests	2026-09-05T14:16:15.0755936Z raft2026/09/05 14:13:52 INFO: 3 received MsgPreVoteResp from 3 at term 2
race distributed	Distributed serving race tests	2026-09-05T14:16:15.0756095Z raft2026/09/05 14:13:52 INFO: 3 has received 1 MsgPreVoteResp votes and 0 vote rejections
race distributed	Distributed serving race tests	2026-09-05T14:16:15.0756336Z raft2026/09/05 14:13:52 INFO: 2 [logterm: 2, index: 4, vote: 1] cast MsgPreVote for 3 [logterm: 2, index: 4] at term 2
race distributed	Distributed serving race tests	2026-09-05T14:16:15.0756460Z raft2026/09/05 14:13:52 INFO: 3 received MsgPreVoteResp from 2 at term 2
race distributed	Distributed serving race tests	2026-09-05T14:16:15.0756660Z raft2026/09/05 14:13:52 INFO: 3 has received 2 MsgPreVoteResp votes and 0 vote rejections
race distributed	Distributed serving race tests	2026-09-05T14:16:15.0756769Z raft2026/09/05 14:13:52 INFO: 3 became candidate at term 3
race distributed	Distributed serving race tests	2026-09-05T14:16:15.0756917Z raft2026/09/05 14:13:52 INFO: 3 [logterm: 2, index: 4] sent MsgVote request to 1 at term 3
race distributed	Distributed serving race tests	2026-09-05T14:16:15.0757065Z raft2026/09/05 14:13:52 INFO: 3 [logterm: 2, index: 4] sent MsgVote request to 2 at term 3
race distributed	Distributed serving race tests	2026-09-05T14:16:15.0757242Z raft2026/09/05 14:13:52 INFO: 2 [term: 2] received a MsgVote message with higher term from 3 [term: 3]
race distributed	Distributed serving race tests	2026-09-05T14:16:15.0757343Z raft2026/09/05 14:13:52 INFO: 2 became follower at term 3
race distributed	Distributed serving race tests	2026-09-05T14:16:15.0757541Z raft2026/09/05 14:13:52 INFO: 2 [logterm: 2, index: 4, vote: 0] cast MsgVote for 3 [logterm: 2, index: 4] at term 3
race distributed	Distributed serving race tests	2026-09-05T14:16:15.0757670Z raft2026/09/05 14:13:52 INFO: 3 received MsgVoteResp from 3 at term 3
race distributed	Distributed serving race tests	2026-09-05T14:16:15.0757824Z raft2026/09/05 14:13:52 INFO: 3 has received 1 MsgVoteResp votes and 0 vote rejections
race distributed	Distributed serving race tests	2026-09-05T14:16:15.0757949Z raft2026/09/05 14:13:52 INFO: 3 received MsgVoteResp from 2 at term 3
race distributed	Distributed serving race tests	2026-09-05T14:16:15.0758103Z raft2026/09/05 14:13:52 INFO: 3 has received 2 MsgVoteResp votes and 0 vote rejections
race distributed	Distributed serving race tests	2026-09-05T14:16:15.0758204Z raft2026/09/05 14:13:52 INFO: 3 became leader at term 3
race distributed	Distributed serving race tests	2026-09-05T14:16:15.0758328Z raft2026/09/05 14:13:52 INFO: 2 is starting a new election at term 2
race distributed	Distributed serving race tests	2026-09-05T14:16:15.0758436Z raft2026/09/05 14:13:52 INFO: 2 became pre-candidate at term 2
race distributed	Distributed serving race tests	2026-09-05T14:16:15.0758593Z raft2026/09/05 14:13:52 INFO: 2 [logterm: 2, index: 2] sent MsgPreVote request to 1 at term 2
race distributed	Distributed serving race tests	2026-09-05T14:16:15.0758754Z raft2026/09/05 14:13:52 INFO: 2 [logterm: 2, index: 2] sent MsgPreVote request to 3 at term 2
race distributed	Distributed serving race tests	2026-09-05T14:16:15.0758880Z raft2026/09/05 14:13:52 INFO: 2 received MsgPreVoteResp from 2 at term 2
race distributed	Distributed serving race tests	2026-09-05T14:16:15.0759034Z raft2026/09/05 14:13:52 INFO: 2 has received 1 MsgPreVoteResp votes and 0 vote rejections
race distributed	Distributed serving race tests	2026-09-05T14:16:15.0759317Z raft2026/09/05 14:13:52 INFO: 3 [logterm: 2, index: 2, vote: 1] cast MsgPreVote for 2 [logterm: 2, index: 2] at term 2
race distributed	Distributed serving race tests	2026-09-05T14:16:15.0759451Z raft2026/09/05 14:13:52 INFO: 2 received MsgPreVoteResp from 3 at term 2
race distributed	Distributed serving race tests	2026-09-05T14:16:15.0759602Z raft2026/09/05 14:13:52 INFO: 2 has received 2 MsgPreVoteResp votes and 0 vote rejections
race distributed	Distributed serving race tests	2026-09-05T14:16:15.0759719Z raft2026/09/05 14:13:52 INFO: 2 became candidate at term 3
race distributed	Distributed serving race tests	2026-09-05T14:16:15.0759869Z raft2026/09/05 14:13:52 INFO: 2 [logterm: 2, index: 2] sent MsgVote request to 1 at term 3
race distributed	Distributed serving race tests	2026-09-05T14:16:15.0760020Z raft2026/09/05 14:13:52 INFO: 2 [logterm: 2, index: 2] sent MsgVote request to 3 at term 3
race distributed	Distributed serving race tests	2026-09-05T14:16:15.0760196Z raft2026/09/05 14:13:52 INFO: 3 [term: 2] received a MsgVote message with higher term from 2 [term: 3]
race distributed	Distributed serving race tests	2026-09-05T14:16:15.0760308Z raft2026/09/05 14:13:52 INFO: 3 became follower at term 3
race distributed	Distributed serving race tests	2026-09-05T14:16:15.0760500Z raft2026/09/05 14:13:52 INFO: 3 [logterm: 2, index: 2, vote: 0] cast MsgVote for 2 [logterm: 2, index: 2] at term 3
race distributed	Distributed serving race tests	2026-09-05T14:16:15.0760623Z raft2026/09/05 14:13:52 INFO: 2 received MsgVoteResp from 3 at term 3
race distributed	Distributed serving race tests	2026-09-05T14:16:15.0760770Z raft2026/09/05 14:13:52 INFO: 2 has received 1 MsgVoteResp votes and 0 vote rejections
race distributed	Distributed serving race tests	2026-09-05T14:16:15.0760902Z raft2026/09/05 14:13:53 INFO: 2 received MsgVoteResp from 2 at term 3
race distributed	Distributed serving race tests	2026-09-05T14:16:15.0761054Z raft2026/09/05 14:13:53 INFO: 2 has received 2 MsgVoteResp votes and 0 vote rejections
race distributed	Distributed serving race tests	2026-09-05T14:16:15.0761152Z raft2026/09/05 14:13:53 INFO: 2 became leader at term 3
race distributed	Distributed serving race tests	2026-09-05T14:16:15.0761276Z raft2026/09/05 14:13:53 INFO: 2 is starting a new election at term 2
race distributed	Distributed serving race tests	2026-09-05T14:16:15.0761393Z raft2026/09/05 14:13:53 INFO: 2 became pre-candidate at term 2
race distributed	Distributed serving race tests	2026-09-05T14:16:15.0761616Z raft2026/09/05 14:13:53 INFO: 2 [logterm: 2, index: 11] sent MsgPreVote request to 1 at term 2
race distributed	Distributed serving race tests	2026-09-05T14:16:15.0761771Z raft2026/09/05 14:13:53 INFO: 2 [logterm: 2, index: 11] sent MsgPreVote request to 3 at term 2
race distributed	Distributed serving race tests	2026-09-05T14:16:15.0761907Z raft2026/09/05 14:13:53 INFO: 2 received MsgPreVoteResp from 2 at term 2
race distributed	Distributed serving race tests	2026-09-05T14:16:15.0762123Z raft2026/09/05 14:13:53 INFO: 2 has received 1 MsgPreVoteResp votes and 0 vote rejections
race distributed	Distributed serving race tests	2026-09-05T14:16:15.0762344Z raft2026/09/05 14:13:53 INFO: 3 [logterm: 2, index: 11, vote: 1] cast MsgPreVote for 2 [logterm: 2, index: 11] at term 2
race distributed	Distributed serving race tests	2026-09-05T14:16:15.0762489Z raft2026/09/05 14:13:53 WARN: 1 stepped down to follower since quorum is not active
race distributed	Distributed serving race tests	2026-09-05T14:16:15.0762606Z raft2026/09/05 14:13:53 INFO: 1 became follower at term 2
race distributed	Distributed serving race tests	2026-09-05T14:16:15.0762746Z raft2026/09/05 14:13:53 INFO: 2 received MsgPreVoteResp from 3 at term 2
race distributed	Distributed serving race tests	2026-09-05T14:16:15.0762896Z raft2026/09/05 14:13:53 INFO: 2 has received 2 MsgPreVoteResp votes and 0 vote rejections
race distributed	Distributed serving race tests	2026-09-05T14:16:15.0763011Z raft2026/09/05 14:13:53 INFO: 2 became candidate at term 3
race distributed	Distributed serving race tests	2026-09-05T14:16:15.0763174Z raft2026/09/05 14:13:53 INFO: 2 [logterm: 2, index: 11] sent MsgVote request to 1 at term 3
race distributed	Distributed serving race tests	2026-09-05T14:16:15.0763334Z raft2026/09/05 14:13:53 INFO: 2 [logterm: 2, index: 11] sent MsgVote request to 3 at term 3
race distributed	Distributed serving race tests	2026-09-05T14:16:15.0763510Z raft2026/09/05 14:13:53 INFO: 3 [term: 2] received a MsgVote message with higher term from 2 [term: 3]
race distributed	Distributed serving race tests	2026-09-05T14:16:15.0763621Z raft2026/09/05 14:13:53 INFO: 3 became follower at term 3
race distributed	Distributed serving race tests	2026-09-05T14:16:15.0763749Z raft2026/09/05 14:13:53 INFO: 2 received MsgVoteResp from 2 at term 3
race distributed	Distributed serving race tests	2026-09-05T14:16:15.0763954Z raft2026/09/05 14:13:53 INFO: 3 [logterm: 2, index: 11, vote: 0] cast MsgVote for 2 [logterm: 2, index: 11] at term 3
race distributed	Distributed serving race tests	2026-09-05T14:16:15.0764104Z raft2026/09/05 14:13:53 INFO: 2 has received 1 MsgVoteResp votes and 0 vote rejections
race distributed	Distributed serving race tests	2026-09-05T14:16:15.0764237Z raft2026/09/05 14:13:53 INFO: 2 received MsgVoteResp from 3 at term 3
race distributed	Distributed serving race tests	2026-09-05T14:16:15.0764396Z raft2026/09/05 14:13:53 INFO: 2 has received 2 MsgVoteResp votes and 0 vote rejections
race distributed	Distributed serving race tests	2026-09-05T14:16:15.0764494Z raft2026/09/05 14:13:53 INFO: 2 became leader at term 3
race distributed	Distributed serving race tests	2026-09-05T14:16:15.0764641Z raft2026/09/05 14:13:53 WARN: 1 stepped down to follower since quorum is not active
race distributed	Distributed serving race tests	2026-09-05T14:16:15.0764746Z raft2026/09/05 14:13:53 INFO: 1 became follower at term 2
race distributed	Distributed serving race tests	2026-09-05T14:16:15.0764892Z raft2026/09/05 14:13:53 WARN: 1 stepped down to follower since quorum is not active
race distributed	Distributed serving race tests	2026-09-05T14:16:15.0764990Z raft2026/09/05 14:13:53 INFO: 1 became follower at term 2
race distributed	Distributed serving race tests	2026-09-05T14:16:15.0765119Z raft2026/09/05 14:13:53 INFO: 1 is starting a new election at term 2
race distributed	Distributed serving race tests	2026-09-05T14:16:15.0765242Z raft2026/09/05 14:13:53 INFO: 1 became pre-candidate at term 2
race distributed	Distributed serving race tests	2026-09-05T14:16:15.0765413Z raft2026/09/05 14:13:53 INFO: 1 [logterm: 2, index: 4] sent MsgPreVote request to 2 at term 2
race distributed	Distributed serving race tests	2026-09-05T14:16:15.0765568Z raft2026/09/05 14:13:53 INFO: 1 [logterm: 2, index: 4] sent MsgPreVote request to 3 at term 2
race distributed	Distributed serving race tests	2026-09-05T14:16:15.0765703Z raft2026/09/05 14:13:53 INFO: 1 received MsgPreVoteResp from 1 at term 2
race distributed	Distributed serving race tests	2026-09-05T14:16:15.0765865Z raft2026/09/05 14:13:53 INFO: 1 has received 1 MsgPreVoteResp votes and 0 vote rejections
race distributed	Distributed serving race tests	2026-09-05T14:16:15.0766009Z raft2026/09/05 14:13:53 INFO: entry at index 9 missing from unstable log; ignoring
race distributed	Distributed serving race tests	2026-09-05T14:16:15.0766144Z raft2026/09/05 14:13:54 INFO: 1 is starting a new election at term 2
race distributed	Distributed serving race tests	2026-09-05T14:16:15.0766259Z raft2026/09/05 14:13:54 INFO: 1 became pre-candidate at term 2
race distributed	Distributed serving race tests	2026-09-05T14:16:15.0766428Z raft2026/09/05 14:13:54 INFO: 1 [logterm: 2, index: 11] sent MsgPreVote request to 2 at term 2
race distributed	Distributed serving race tests	2026-09-05T14:16:15.0766583Z raft2026/09/05 14:13:54 INFO: 1 [logterm: 2, index: 11] sent MsgPreVote request to 3 at term 2
race distributed	Distributed serving race tests	2026-09-05T14:16:15.0766714Z raft2026/09/05 14:13:54 INFO: 1 received MsgPreVoteResp from 1 at term 2
race distributed	Distributed serving race tests	2026-09-05T14:16:15.0766877Z raft2026/09/05 14:13:54 INFO: 1 has received 1 MsgPreVoteResp votes and 0 vote rejections
race distributed	Distributed serving race tests	2026-09-05T14:16:15.0767003Z raft2026/09/05 14:13:54 INFO: 1 is starting a new election at term 2
race distributed	Distributed serving race tests	2026-09-05T14:16:15.0767161Z raft2026/09/05 14:13:54 INFO: 1 became pre-candidate at term 2
race distributed	Distributed serving race tests	2026-09-05T14:16:15.0767336Z raft2026/09/05 14:13:54 INFO: 1 [logterm: 2, index: 2] sent MsgPreVote request to 2 at term 2
race distributed	Distributed serving race tests	2026-09-05T14:16:15.0767557Z raft2026/09/05 14:13:54 INFO: 1 [logterm: 2, index: 2] sent MsgPreVote request to 3 at term 2
race distributed	Distributed serving race tests	2026-09-05T14:16:15.0767688Z raft2026/09/05 14:13:54 INFO: 1 received MsgPreVoteResp from 1 at term 2
race distributed	Distributed serving race tests	2026-09-05T14:16:15.0767851Z raft2026/09/05 14:13:54 INFO: 1 has received 1 MsgPreVoteResp votes and 0 vote rejections
race distributed	Distributed serving race tests	2026-09-05T14:16:15.0767969Z raft2026/09/05 14:13:54 INFO: 1 is starting a new election at term 2
race distributed	Distributed serving race tests	2026-09-05T14:16:15.0768090Z raft2026/09/05 14:13:54 INFO: 1 became pre-candidate at term 2
race distributed	Distributed serving race tests	2026-09-05T14:16:15.0768241Z raft2026/09/05 14:13:54 INFO: 1 [logterm: 2, index: 4] sent MsgPreVote request to 2 at term 2
race distributed	Distributed serving race tests	2026-09-05T14:16:15.0768397Z raft2026/09/05 14:13:54 INFO: 1 [logterm: 2, index: 4] sent MsgPreVote request to 3 at term 2
race distributed	Distributed serving race tests	2026-09-05T14:16:15.0768528Z raft2026/09/05 14:13:54 INFO: 1 received MsgPreVoteResp from 1 at term 2
race distributed	Distributed serving race tests	2026-09-05T14:16:15.0768690Z raft2026/09/05 14:13:54 INFO: 1 has received 1 MsgPreVoteResp votes and 0 vote rejections
race distributed	Distributed serving race tests	2026-09-05T14:16:15.0768833Z raft2026/09/05 14:13:54 INFO: entry at index 21 missing from unstable log; ignoring
race distributed	Distributed serving race tests	2026-09-05T14:16:15.0768988Z raft2026/09/05 14:13:54 INFO: entry at index 22 missing from unstable log; ignoring
race distributed	Distributed serving race tests	2026-09-05T14:16:15.0769261Z raft2026/09/05 14:13:54 INFO: entry at index 5 missing from unstable log; ignoring
race distributed	Distributed serving race tests	2026-09-05T14:16:15.0769417Z raft2026/09/05 14:13:54 INFO: entry at index 24 missing from unstable log; ignoring
race distributed	Distributed serving race tests	2026-09-05T14:16:15.0769552Z raft2026/09/05 14:13:54 INFO: 1 is starting a new election at term 2
race distributed	Distributed serving race tests	2026-09-05T14:16:15.0769686Z raft2026/09/05 14:13:54 INFO: 1 became pre-candidate at term 2
race distributed	Distributed serving race tests	2026-09-05T14:16:15.0769856Z raft2026/09/05 14:13:54 INFO: 1 [logterm: 2, index: 11] sent MsgPreVote request to 2 at term 2
race distributed	Distributed serving race tests	2026-09-05T14:16:15.0770016Z raft2026/09/05 14:13:54 INFO: 1 [logterm: 2, index: 11] sent MsgPreVote request to 3 at term 2
race distributed	Distributed serving race tests	2026-09-05T14:16:15.0770142Z raft2026/09/05 14:13:54 INFO: 1 received MsgPreVoteResp from 1 at term 2
race distributed	Distributed serving race tests	2026-09-05T14:16:15.0770295Z raft2026/09/05 14:13:54 INFO: 1 has received 1 MsgPreVoteResp votes and 0 vote rejections
race distributed	Distributed serving race tests	2026-09-05T14:16:15.0770440Z raft2026/09/05 14:13:54 INFO: entry at index 6 missing from unstable log; ignoring
race distributed	Distributed serving race tests	2026-09-05T14:16:15.0770556Z raft2026/09/05 14:13:54 INFO: 1 is starting a new election at term 2
race distributed	Distributed serving race tests	2026-09-05T14:16:15.0770670Z raft2026/09/05 14:13:54 INFO: 1 became pre-candidate at term 2
race distributed	Distributed serving race tests	2026-09-05T14:16:15.0770831Z raft2026/09/05 14:13:54 INFO: 1 [logterm: 2, index: 4] sent MsgPreVote request to 2 at term 2
race distributed	Distributed serving race tests	2026-09-05T14:16:15.0770984Z raft2026/09/05 14:13:54 INFO: 1 [logterm: 2, index: 4] sent MsgPreVote request to 3 at term 2
race distributed	Distributed serving race tests	2026-09-05T14:16:15.0771112Z raft2026/09/05 14:13:54 INFO: 1 received MsgPreVoteResp from 1 at term 2
race distributed	Distributed serving race tests	2026-09-05T14:16:15.0771266Z raft2026/09/05 14:13:54 INFO: 1 has received 1 MsgPreVoteResp votes and 0 vote rejections
race distributed	Distributed serving race tests	2026-09-05T14:16:15.0771389Z raft2026/09/05 14:13:55 INFO: 1 is starting a new election at term 2
race distributed	Distributed serving race tests	2026-09-05T14:16:15.0771496Z raft2026/09/05 14:13:55 INFO: 1 became pre-candidate at term 2
race distributed	Distributed serving race tests	2026-09-05T14:16:15.0771657Z raft2026/09/05 14:13:55 INFO: 1 [logterm: 2, index: 2] sent MsgPreVote request to 2 at term 2
race distributed	Distributed serving race tests	2026-09-05T14:16:15.0771813Z raft2026/09/05 14:13:55 INFO: 1 [logterm: 2, index: 2] sent MsgPreVote request to 3 at term 2
race distributed	Distributed serving race tests	2026-09-05T14:16:15.0771941Z raft2026/09/05 14:13:55 INFO: 1 received MsgPreVoteResp from 1 at term 2
race distributed	Distributed serving race tests	2026-09-05T14:16:15.0772092Z raft2026/09/05 14:13:55 INFO: 1 has received 1 MsgPreVoteResp votes and 0 vote rejections
race distributed	Distributed serving race tests	2026-09-05T14:16:15.0772237Z raft2026/09/05 14:13:55 INFO: entry at index 8 missing from unstable log; ignoring
race distributed	Distributed serving race tests	2026-09-05T14:16:15.0772354Z raft2026/09/05 14:13:55 INFO: 1 is starting a new election at term 2
race distributed	Distributed serving race tests	2026-09-05T14:16:15.0772463Z raft2026/09/05 14:13:55 INFO: 1 became pre-candidate at term 2
race distributed	Distributed serving race tests	2026-09-05T14:16:15.0772684Z raft2026/09/05 14:13:55 INFO: 1 [logterm: 2, index: 4] sent MsgPreVote request to 2 at term 2
race distributed	Distributed serving race tests	2026-09-05T14:16:15.0772848Z raft2026/09/05 14:13:55 INFO: 1 [logterm: 2, index: 4] sent MsgPreVote request to 3 at term 2
race distributed	Distributed serving race tests	2026-09-05T14:16:15.0773030Z raft2026/09/05 14:13:55 INFO: 1 received MsgPreVoteResp from 1 at term 2
race distributed	Distributed serving race tests	2026-09-05T14:16:15.0773181Z raft2026/09/05 14:13:55 INFO: 1 has received 1 MsgPreVoteResp votes and 0 vote rejections
race distributed	Distributed serving race tests	2026-09-05T14:16:15.0773310Z raft2026/09/05 14:13:55 INFO: 1 is starting a new election at term 2
race distributed	Distributed serving race tests	2026-09-05T14:16:15.0773430Z raft2026/09/05 14:13:55 INFO: 1 became pre-candidate at term 2
race distributed	Distributed serving race tests	2026-09-05T14:16:15.0773594Z raft2026/09/05 14:13:55 INFO: 1 [logterm: 2, index: 11] sent MsgPreVote request to 2 at term 2
race distributed	Distributed serving race tests	2026-09-05T14:16:15.0773751Z raft2026/09/05 14:13:55 INFO: 1 [logterm: 2, index: 11] sent MsgPreVote request to 3 at term 2
race distributed	Distributed serving race tests	2026-09-05T14:16:15.0773883Z raft2026/09/05 14:13:55 INFO: 1 received MsgPreVoteResp from 1 at term 2
race distributed	Distributed serving race tests	2026-09-05T14:16:15.0774044Z raft2026/09/05 14:13:55 INFO: 1 has received 1 MsgPreVoteResp votes and 0 vote rejections
race distributed	Distributed serving race tests	2026-09-05T14:16:15.0774176Z raft2026/09/05 14:13:55 INFO: 1 is starting a new election at term 2
race distributed	Distributed serving race tests	2026-09-05T14:16:15.0774291Z raft2026/09/05 14:13:55 INFO: 1 became pre-candidate at term 2
race distributed	Distributed serving race tests	2026-09-05T14:16:15.0774461Z raft2026/09/05 14:13:55 INFO: 1 [logterm: 2, index: 2] sent MsgPreVote request to 2 at term 2
race distributed	Distributed serving race tests	2026-09-05T14:16:15.0774628Z raft2026/09/05 14:13:55 INFO: 1 [logterm: 2, index: 2] sent MsgPreVote request to 3 at term 2
race distributed	Distributed serving race tests	2026-09-05T14:16:15.0774752Z raft2026/09/05 14:13:55 INFO: 1 received MsgPreVoteResp from 1 at term 2
race distributed	Distributed serving race tests	2026-09-05T14:16:15.0774911Z raft2026/09/05 14:13:55 INFO: 1 has received 1 MsgPreVoteResp votes and 0 vote rejections
race distributed	Distributed serving race tests	2026-09-05T14:16:15.0775042Z raft2026/09/05 14:13:56 INFO: 1 is starting a new election at term 2
race distributed	Distributed serving race tests	2026-09-05T14:16:15.0775163Z raft2026/09/05 14:13:56 INFO: 1 became pre-candidate at term 2
race distributed	Distributed serving race tests	2026-09-05T14:16:15.0775316Z raft2026/09/05 14:13:56 INFO: 1 [logterm: 2, index: 4] sent MsgPreVote request to 2 at term 2
race distributed	Distributed serving race tests	2026-09-05T14:16:15.0775485Z raft2026/09/05 14:13:56 INFO: 1 [logterm: 2, index: 4] sent MsgPreVote request to 3 at term 2
race distributed	Distributed serving race tests	2026-09-05T14:16:15.0775618Z raft2026/09/05 14:13:56 INFO: 1 received MsgPreVoteResp from 1 at term 2
race distributed	Distributed serving race tests	2026-09-05T14:16:15.0775785Z raft2026/09/05 14:13:56 INFO: 1 has received 1 MsgPreVoteResp votes and 0 vote rejections
race distributed	Distributed serving race tests	2026-09-05T14:16:15.0775907Z raft2026/09/05 14:13:56 INFO: 1 is starting a new election at term 2
race distributed	Distributed serving race tests	2026-09-05T14:16:15.0776030Z raft2026/09/05 14:13:56 INFO: 1 became pre-candidate at term 2
race distributed	Distributed serving race tests	2026-09-05T14:16:15.0776202Z raft2026/09/05 14:13:56 INFO: 1 [logterm: 2, index: 11] sent MsgPreVote request to 2 at term 2
race distributed	Distributed serving race tests	2026-09-05T14:16:15.0776358Z raft2026/09/05 14:13:56 INFO: 1 [logterm: 2, index: 11] sent MsgPreVote request to 3 at term 2
race distributed	Distributed serving race tests	2026-09-05T14:16:15.0776497Z raft2026/09/05 14:13:56 INFO: 1 received MsgPreVoteResp from 1 at term 2
race distributed	Distributed serving race tests	2026-09-05T14:16:15.0776661Z raft2026/09/05 14:13:56 INFO: 1 has received 1 MsgPreVoteResp votes and 0 vote rejections
race distributed	Distributed serving race tests	2026-09-05T14:16:15.0776790Z raft2026/09/05 14:13:56 INFO: 1 is starting a new election at term 2
race distributed	Distributed serving race tests	2026-09-05T14:16:15.0776905Z raft2026/09/05 14:13:56 INFO: 1 became pre-candidate at term 2
race distributed	Distributed serving race tests	2026-09-05T14:16:15.0777075Z raft2026/09/05 14:13:56 INFO: 1 [logterm: 2, index: 4] sent MsgPreVote request to 2 at term 2
race distributed	Distributed serving race tests	2026-09-05T14:16:15.0777233Z raft2026/09/05 14:13:56 INFO: 1 [logterm: 2, index: 4] sent MsgPreVote request to 3 at term 2
race distributed	Distributed serving race tests	2026-09-05T14:16:15.0777366Z raft2026/09/05 14:13:56 INFO: 1 received MsgPreVoteResp from 1 at term 2
race distributed	Distributed serving race tests	2026-09-05T14:16:15.0777518Z raft2026/09/05 14:13:56 INFO: 1 has received 1 MsgPreVoteResp votes and 0 vote rejections
race distributed	Distributed serving race tests	2026-09-05T14:16:15.0777643Z raft2026/09/05 14:13:56 INFO: 1 is starting a new election at term 2
race distributed	Distributed serving race tests	2026-09-05T14:16:15.0777769Z raft2026/09/05 14:13:56 INFO: 1 became pre-candidate at term 2
race distributed	Distributed serving race tests	2026-09-05T14:16:15.0777926Z raft2026/09/05 14:13:56 INFO: 1 [logterm: 2, index: 2] sent MsgPreVote request to 2 at term 2
race distributed	Distributed serving race tests	2026-09-05T14:16:15.0778132Z raft2026/09/05 14:13:56 INFO: 1 [logterm: 2, index: 2] sent MsgPreVote request to 3 at term 2
race distributed	Distributed serving race tests	2026-09-05T14:16:15.0778272Z raft2026/09/05 14:13:56 INFO: 1 received MsgPreVoteResp from 1 at term 2
race distributed	Distributed serving race tests	2026-09-05T14:16:15.0778442Z raft2026/09/05 14:13:56 INFO: 1 has received 1 MsgPreVoteResp votes and 0 vote rejections
race distributed	Distributed serving race tests	2026-09-05T14:16:15.0778634Z raft2026/09/05 14:13:56 INFO: entry at index 16 missing from unstable log; ignoring
race distributed	Distributed serving race tests	2026-09-05T14:16:15.0778764Z raft2026/09/05 14:13:57 INFO: 1 is starting a new election at term 2
race distributed	Distributed serving race tests	2026-09-05T14:16:15.0778891Z raft2026/09/05 14:13:57 INFO: 1 became pre-candidate at term 2
race distributed	Distributed serving race tests	2026-09-05T14:16:15.0779062Z raft2026/09/05 14:13:57 INFO: 1 [logterm: 2, index: 11] sent MsgPreVote request to 2 at term 2
race distributed	Distributed serving race tests	2026-09-05T14:16:15.0779409Z raft2026/09/05 14:13:57 INFO: 1 [logterm: 2, index: 11] sent MsgPreVote request to 3 at term 2
race distributed	Distributed serving race tests	2026-09-05T14:16:15.0779562Z raft2026/09/05 14:13:57 INFO: 1 received MsgPreVoteResp from 1 at term 2
race distributed	Distributed serving race tests	2026-09-05T14:16:15.0779728Z raft2026/09/05 14:13:57 INFO: 1 has received 1 MsgPreVoteResp votes and 0 vote rejections
race distributed	Distributed serving race tests	2026-09-05T14:16:15.0779850Z raft2026/09/05 14:13:57 INFO: 1 is starting a new election at term 2
race distributed	Distributed serving race tests	2026-09-05T14:16:15.0779974Z raft2026/09/05 14:13:57 INFO: 1 became pre-candidate at term 2
race distributed	Distributed serving race tests	2026-09-05T14:16:15.0780140Z raft2026/09/05 14:13:57 INFO: 1 [logterm: 2, index: 4] sent MsgPreVote request to 2 at term 2
race distributed	Distributed serving race tests	2026-09-05T14:16:15.0780308Z raft2026/09/05 14:13:57 INFO: 1 [logterm: 2, index: 4] sent MsgPreVote request to 3 at term 2
race distributed	Distributed serving race tests	2026-09-05T14:16:15.0780435Z raft2026/09/05 14:13:57 INFO: 1 received MsgPreVoteResp from 1 at term 2
race distributed	Distributed serving race tests	2026-09-05T14:16:15.0780597Z raft2026/09/05 14:13:57 INFO: 1 has received 1 MsgPreVoteResp votes and 0 vote rejections
race distributed	Distributed serving race tests	2026-09-05T14:16:15.0780746Z raft2026/09/05 14:13:57 INFO: entry at index 37 missing from unstable log; ignoring
race distributed	Distributed serving race tests	2026-09-05T14:16:15.0780882Z raft2026/09/05 14:13:57 INFO: 1 is starting a new election at term 2
race distributed	Distributed serving race tests	2026-09-05T14:16:15.0780999Z raft2026/09/05 14:13:57 INFO: 1 became pre-candidate at term 2
race distributed	Distributed serving race tests	2026-09-05T14:16:15.0781164Z raft2026/09/05 14:13:57 INFO: 1 [logterm: 2, index: 2] sent MsgPreVote request to 2 at term 2
race distributed	Distributed serving race tests	2026-09-05T14:16:15.0781334Z raft2026/09/05 14:13:57 INFO: 1 [logterm: 2, index: 2] sent MsgPreVote request to 3 at term 2
race distributed	Distributed serving race tests	2026-09-05T14:16:15.0781469Z raft2026/09/05 14:13:57 INFO: 1 received MsgPreVoteResp from 1 at term 2
race distributed	Distributed serving race tests	2026-09-05T14:16:15.0781624Z raft2026/09/05 14:13:57 INFO: 1 has received 1 MsgPreVoteResp votes and 0 vote rejections
race distributed	Distributed serving race tests	2026-09-05T14:16:15.0781756Z raft2026/09/05 14:13:57 INFO: 1 is starting a new election at term 2
race distributed	Distributed serving race tests	2026-09-05T14:16:15.0781888Z raft2026/09/05 14:13:57 INFO: 1 became pre-candidate at term 2
race distributed	Distributed serving race tests	2026-09-05T14:16:15.0782046Z raft2026/09/05 14:13:57 INFO: 1 [logterm: 2, index: 4] sent MsgPreVote request to 2 at term 2
race distributed	Distributed serving race tests	2026-09-05T14:16:15.0782215Z raft2026/09/05 14:13:57 INFO: 1 [logterm: 2, index: 4] sent MsgPreVote request to 3 at term 2
race distributed	Distributed serving race tests	2026-09-05T14:16:15.0782361Z raft2026/09/05 14:13:57 INFO: 1 received MsgPreVoteResp from 1 at term 2
race distributed	Distributed serving race tests	2026-09-05T14:16:15.0782533Z raft2026/09/05 14:13:57 INFO: 1 has received 1 MsgPreVoteResp votes and 0 vote rejections
race distributed	Distributed serving race tests	2026-09-05T14:16:15.0782652Z raft2026/09/05 14:13:58 INFO: 1 is starting a new election at term 2
race distributed	Distributed serving race tests	2026-09-05T14:16:15.0782785Z raft2026/09/05 14:13:58 INFO: 1 became pre-candidate at term 2
race distributed	Distributed serving race tests	2026-09-05T14:16:15.0782966Z raft2026/09/05 14:13:58 INFO: 1 [logterm: 2, index: 11] sent MsgPreVote request to 2 at term 2
race distributed	Distributed serving race tests	2026-09-05T14:16:15.0783145Z raft2026/09/05 14:13:58 INFO: 1 [logterm: 2, index: 11] sent MsgPreVote request to 3 at term 2
race distributed	Distributed serving race tests	2026-09-05T14:16:15.0783271Z raft2026/09/05 14:13:58 INFO: 1 received MsgPreVoteResp from 1 at term 2
race distributed	Distributed serving race tests	2026-09-05T14:16:15.0783453Z raft2026/09/05 14:13:58 INFO: 1 has received 1 MsgPreVoteResp votes and 0 vote rejections
race distributed	Distributed serving race tests	2026-09-05T14:16:15.0783592Z raft2026/09/05 14:13:58 INFO: 1 is starting a new election at term 2
race distributed	Distributed serving race tests	2026-09-05T14:16:15.0783709Z raft2026/09/05 14:13:58 INFO: 1 became pre-candidate at term 2
race distributed	Distributed serving race tests	2026-09-05T14:16:15.0783881Z raft2026/09/05 14:13:58 INFO: 1 [logterm: 2, index: 4] sent MsgPreVote request to 2 at term 2
race distributed	Distributed serving race tests	2026-09-05T14:16:15.0784119Z raft2026/09/05 14:13:58 INFO: 1 [logterm: 2, index: 4] sent MsgPreVote request to 3 at term 2
race distributed	Distributed serving race tests	2026-09-05T14:16:15.0784266Z raft2026/09/05 14:13:58 INFO: 1 received MsgPreVoteResp from 1 at term 2
race distributed	Distributed serving race tests	2026-09-05T14:16:15.0784479Z raft2026/09/05 14:13:58 INFO: 1 has received 1 MsgPreVoteResp votes and 0 vote rejections
race distributed	Distributed serving race tests	2026-09-05T14:16:15.0784619Z raft2026/09/05 14:13:58 INFO: 1 is starting a new election at term 2
race distributed	Distributed serving race tests	2026-09-05T14:16:15.0784754Z raft2026/09/05 14:13:58 INFO: 1 became pre-candidate at term 2
race distributed	Distributed serving race tests	2026-09-05T14:16:15.0784930Z raft2026/09/05 14:13:58 INFO: 1 [logterm: 2, index: 2] sent MsgPreVote request to 2 at term 2
race distributed	Distributed serving race tests	2026-09-05T14:16:15.0785087Z raft2026/09/05 14:13:58 INFO: 1 [logterm: 2, index: 2] sent MsgPreVote request to 3 at term 2
race distributed	Distributed serving race tests	2026-09-05T14:16:15.0785233Z raft2026/09/05 14:13:58 INFO: 1 received MsgPreVoteResp from 1 at term 2
race distributed	Distributed serving race tests	2026-09-05T14:16:15.0785403Z raft2026/09/05 14:13:58 INFO: 1 has received 1 MsgPreVoteResp votes and 0 vote rejections
race distributed	Distributed serving race tests	2026-09-05T14:16:15.0785557Z raft2026/09/05 14:13:58 INFO: entry at index 40 missing from unstable log; ignoring
race distributed	Distributed serving race tests	2026-09-05T14:16:15.0785695Z raft2026/09/05 14:13:58 INFO: 1 is starting a new election at term 2
race distributed	Distributed serving race tests	2026-09-05T14:16:15.0785827Z raft2026/09/05 14:13:58 INFO: 1 became pre-candidate at term 2
race distributed	Distributed serving race tests	2026-09-05T14:16:15.0786005Z raft2026/09/05 14:13:58 INFO: 1 [logterm: 2, index: 11] sent MsgPreVote request to 2 at term 2
race distributed	Distributed serving race tests	2026-09-05T14:16:15.0786169Z raft2026/09/05 14:13:58 INFO: 1 [logterm: 2, index: 11] sent MsgPreVote request to 3 at term 2
race distributed	Distributed serving race tests	2026-09-05T14:16:15.0786314Z raft2026/09/05 14:13:58 INFO: 1 received MsgPreVoteResp from 1 at term 2
race distributed	Distributed serving race tests	2026-09-05T14:16:15.0786493Z raft2026/09/05 14:13:58 INFO: 1 has received 1 MsgPreVoteResp votes and 0 vote rejections
race distributed	Distributed serving race tests	2026-09-05T14:16:15.0786632Z raft2026/09/05 14:13:59 INFO: 1 is starting a new election at term 2
race distributed	Distributed serving race tests	2026-09-05T14:16:15.0786751Z raft2026/09/05 14:13:59 INFO: 1 became pre-candidate at term 2
race distributed	Distributed serving race tests	2026-09-05T14:16:15.0786928Z raft2026/09/05 14:13:59 INFO: 1 [logterm: 2, index: 4] sent MsgPreVote request to 2 at term 2
race distributed	Distributed serving race tests	2026-09-05T14:16:15.0787096Z raft2026/09/05 14:13:59 INFO: 1 [logterm: 2, index: 4] sent MsgPreVote request to 3 at term 2
race distributed	Distributed serving race tests	2026-09-05T14:16:15.0787226Z raft2026/09/05 14:13:59 INFO: 1 received MsgPreVoteResp from 1 at term 2
race distributed	Distributed serving race tests	2026-09-05T14:16:15.0787398Z raft2026/09/05 14:13:59 INFO: 1 has received 1 MsgPreVoteResp votes and 0 vote rejections
race distributed	Distributed serving race tests	2026-09-05T14:16:15.0787534Z raft2026/09/05 14:13:59 INFO: 1 is starting a new election at term 2
race distributed	Distributed serving race tests	2026-09-05T14:16:15.0787666Z raft2026/09/05 14:13:59 INFO: 1 became pre-candidate at term 2
race distributed	Distributed serving race tests	2026-09-05T14:16:15.0787827Z raft2026/09/05 14:13:59 INFO: 1 [logterm: 2, index: 2] sent MsgPreVote request to 2 at term 2
race distributed	Distributed serving race tests	2026-09-05T14:16:15.0788002Z raft2026/09/05 14:13:59 INFO: 1 [logterm: 2, index: 2] sent MsgPreVote request to 3 at term 2
race distributed	Distributed serving race tests	2026-09-05T14:16:15.0788304Z raft2026/09/05 14:13:59 INFO: 1 received MsgPreVoteResp from 1 at term 2
race distributed	Distributed serving race tests	2026-09-05T14:16:15.0788479Z raft2026/09/05 14:13:59 INFO: 1 has received 1 MsgPreVoteResp votes and 0 vote rejections
race distributed	Distributed serving race tests	2026-09-05T14:16:15.0788602Z raft2026/09/05 14:13:59 INFO: 1 is starting a new election at term 2
race distributed	Distributed serving race tests	2026-09-05T14:16:15.0788739Z raft2026/09/05 14:13:59 INFO: 1 became pre-candidate at term 2
race distributed	Distributed serving race tests	2026-09-05T14:16:15.0788920Z raft2026/09/05 14:13:59 INFO: 1 [logterm: 2, index: 11] sent MsgPreVote request to 2 at term 2
race distributed	Distributed serving race tests	2026-09-05T14:16:15.0789169Z raft2026/09/05 14:13:59 INFO: 1 [logterm: 2, index: 11] sent MsgPreVote request to 3 at term 2
race distributed	Distributed serving race tests	2026-09-05T14:16:15.0789312Z raft2026/09/05 14:13:59 INFO: 1 received MsgPreVoteResp from 1 at term 2
race distributed	Distributed serving race tests	2026-09-05T14:16:15.0789485Z raft2026/09/05 14:13:59 INFO: 1 has received 1 MsgPreVoteResp votes and 0 vote rejections
race distributed	Distributed serving race tests	2026-09-05T14:16:15.0789623Z raft2026/09/05 14:13:59 INFO: 1 is starting a new election at term 2
race distributed	Distributed serving race tests	2026-09-05T14:16:15.0789742Z raft2026/09/05 14:13:59 INFO: 1 became pre-candidate at term 2
race distributed	Distributed serving race tests	2026-09-05T14:16:15.0789916Z raft2026/09/05 14:13:59 INFO: 1 [logterm: 2, index: 4] sent MsgPreVote request to 2 at term 2
race distributed	Distributed serving race tests	2026-09-05T14:16:15.0790148Z raft2026/09/05 14:13:59 INFO: 1 [logterm: 2, index: 4] sent MsgPreVote request to 3 at term 2
race distributed	Distributed serving race tests	2026-09-05T14:16:15.0790297Z raft2026/09/05 14:13:59 INFO: 1 received MsgPreVoteResp from 1 at term 2
race distributed	Distributed serving race tests	2026-09-05T14:16:15.0790457Z raft2026/09/05 14:13:59 INFO: 1 has received 1 MsgPreVoteResp votes and 0 vote rejections
race distributed	Distributed serving race tests	2026-09-05T14:16:15.0790674Z raft2026/09/05 14:14:00 INFO: 1 is starting a new election at term 2
race distributed	Distributed serving race tests	2026-09-05T14:16:15.0790809Z raft2026/09/05 14:14:00 INFO: 1 became pre-candidate at term 2
race distributed	Distributed serving race tests	2026-09-05T14:16:15.0790987Z raft2026/09/05 14:14:00 INFO: 1 [logterm: 2, index: 4] sent MsgPreVote request to 2 at term 2
race distributed	Distributed serving race tests	2026-09-05T14:16:15.0791151Z raft2026/09/05 14:14:00 INFO: 1 [logterm: 2, index: 4] sent MsgPreVote request to 3 at term 2
race distributed	Distributed serving race tests	2026-09-05T14:16:15.0791302Z raft2026/09/05 14:14:00 INFO: 1 received MsgPreVoteResp from 1 at term 2
race distributed	Distributed serving race tests	2026-09-05T14:16:15.0791485Z raft2026/09/05 14:14:00 INFO: 1 has received 1 MsgPreVoteResp votes and 0 vote rejections
race distributed	Distributed serving race tests	2026-09-05T14:16:15.0791615Z raft2026/09/05 14:14:00 INFO: 1 is starting a new election at term 2
race distributed	Distributed serving race tests	2026-09-05T14:16:15.0791751Z raft2026/09/05 14:14:00 INFO: 1 became pre-candidate at term 2
race distributed	Distributed serving race tests	2026-09-05T14:16:15.0791933Z raft2026/09/05 14:14:00 INFO: 1 [logterm: 2, index: 2] sent MsgPreVote request to 2 at term 2
race distributed	Distributed serving race tests	2026-09-05T14:16:15.0792112Z raft2026/09/05 14:14:00 INFO: 1 [logterm: 2, index: 2] sent MsgPreVote request to 3 at term 2
race distributed	Distributed serving race tests	2026-09-05T14:16:15.0792240Z raft2026/09/05 14:14:00 INFO: 1 is starting a new election at term 2
race distributed	Distributed serving race tests	2026-09-05T14:16:15.0792375Z raft2026/09/05 14:14:00 INFO: 1 became pre-candidate at term 2
race distributed	Distributed serving race tests	2026-09-05T14:16:15.0792556Z raft2026/09/05 14:14:00 INFO: 1 [logterm: 2, index: 11] sent MsgPreVote request to 2 at term 2
race distributed	Distributed serving race tests	2026-09-05T14:16:15.0792738Z raft2026/09/05 14:14:00 INFO: 1 [logterm: 2, index: 11] sent MsgPreVote request to 3 at term 2
race distributed	Distributed serving race tests	2026-09-05T14:16:15.0792870Z raft2026/09/05 14:14:00 INFO: 1 received MsgPreVoteResp from 1 at term 2
race distributed	Distributed serving race tests	2026-09-05T14:16:15.0793050Z raft2026/09/05 14:14:00 INFO: 1 has received 1 MsgPreVoteResp votes and 0 vote rejections
race distributed	Distributed serving race tests	2026-09-05T14:16:15.0793202Z raft2026/09/05 14:14:00 INFO: 1 received MsgPreVoteResp from 1 at term 2
race distributed	Distributed serving race tests	2026-09-05T14:16:15.0793367Z raft2026/09/05 14:14:00 INFO: 1 has received 1 MsgPreVoteResp votes and 0 vote rejections
race distributed	Distributed serving race tests	2026-09-05T14:16:15.0793538Z raft2026/09/05 14:14:00 INFO: entry at index 11 missing from unstable log; ignoring
race distributed	Distributed serving race tests	2026-09-05T14:16:15.0793678Z raft2026/09/05 14:14:00 INFO: 1 is starting a new election at term 2
race distributed	Distributed serving race tests	2026-09-05T14:16:15.0793813Z raft2026/09/05 14:14:00 INFO: 1 became pre-candidate at term 2
race distributed	Distributed serving race tests	2026-09-05T14:16:15.0793981Z raft2026/09/05 14:14:00 INFO: 1 [logterm: 2, index: 4] sent MsgPreVote request to 2 at term 2
race distributed	Distributed serving race tests	2026-09-05T14:16:15.0794167Z raft2026/09/05 14:14:00 INFO: 1 [logterm: 2, index: 4] sent MsgPreVote request to 3 at term 2
race distributed	Distributed serving race tests	2026-09-05T14:16:15.0794320Z raft2026/09/05 14:14:00 INFO: 1 received MsgPreVoteResp from 1 at term 2
race distributed	Distributed serving race tests	2026-09-05T14:16:15.0794502Z raft2026/09/05 14:14:00 INFO: 1 has received 1 MsgPreVoteResp votes and 0 vote rejections
race distributed	Distributed serving race tests	2026-09-05T14:16:15.0794630Z raft2026/09/05 14:14:01 INFO: 1 is starting a new election at term 2
race distributed	Distributed serving race tests	2026-09-05T14:16:15.0794770Z raft2026/09/05 14:14:01 INFO: 1 became pre-candidate at term 2
race distributed	Distributed serving race tests	2026-09-05T14:16:15.0794951Z raft2026/09/05 14:14:01 INFO: 1 [logterm: 2, index: 11] sent MsgPreVote request to 2 at term 2
race distributed	Distributed serving race tests	2026-09-05T14:16:15.0795116Z raft2026/09/05 14:14:01 INFO: 1 [logterm: 2, index: 11] sent MsgPreVote request to 3 at term 2
race distributed	Distributed serving race tests	2026-09-05T14:16:15.0795267Z raft2026/09/05 14:14:01 INFO: 1 received MsgPreVoteResp from 1 at term 2
race distributed	Distributed serving race tests	2026-09-05T14:16:15.0795437Z raft2026/09/05 14:14:01 INFO: 1 has received 1 MsgPreVoteResp votes and 0 vote rejections
race distributed	Distributed serving race tests	2026-09-05T14:16:15.0795579Z raft2026/09/05 14:14:01 INFO: 1 is starting a new election at term 2
race distributed	Distributed serving race tests	2026-09-05T14:16:15.0795702Z raft2026/09/05 14:14:01 INFO: 1 became pre-candidate at term 2
race distributed	Distributed serving race tests	2026-09-05T14:16:15.0795881Z raft2026/09/05 14:14:01 INFO: 1 [logterm: 2, index: 2] sent MsgPreVote request to 2 at term 2
race distributed	Distributed serving race tests	2026-09-05T14:16:15.0796104Z raft2026/09/05 14:14:01 INFO: 1 [logterm: 2, index: 2] sent MsgPreVote request to 3 at term 2
race distributed	Distributed serving race tests	2026-09-05T14:16:15.0796253Z raft2026/09/05 14:14:01 INFO: 1 received MsgPreVoteResp from 1 at term 2
race distributed	Distributed serving race tests	2026-09-05T14:16:15.0796412Z raft2026/09/05 14:14:01 INFO: 1 has received 1 MsgPreVoteResp votes and 0 vote rejections
race distributed	Distributed serving race tests	2026-09-05T14:16:15.0796596Z raft2026/09/05 14:14:01 INFO: 1 is starting a new election at term 2
race distributed	Distributed serving race tests	2026-09-05T14:16:15.0796732Z raft2026/09/05 14:14:01 INFO: 1 became pre-candidate at term 2
race distributed	Distributed serving race tests	2026-09-05T14:16:15.0796893Z raft2026/09/05 14:14:01 INFO: 1 [logterm: 2, index: 4] sent MsgPreVote request to 2 at term 2
race distributed	Distributed serving race tests	2026-09-05T14:16:15.0797070Z raft2026/09/05 14:14:01 INFO: 1 [logterm: 2, index: 4] sent MsgPreVote request to 3 at term 2
race distributed	Distributed serving race tests	2026-09-05T14:16:15.0797212Z raft2026/09/05 14:14:01 INFO: 1 received MsgPreVoteResp from 1 at term 2
race distributed	Distributed serving race tests	2026-09-05T14:16:15.0797384Z raft2026/09/05 14:14:01 INFO: 1 has received 1 MsgPreVoteResp votes and 0 vote rejections
race distributed	Distributed serving race tests	2026-09-05T14:16:15.0797533Z raft2026/09/05 14:14:01 INFO: entry at index 53 missing from unstable log; ignoring
race distributed	Distributed serving race tests	2026-09-05T14:16:15.0797675Z raft2026/09/05 14:14:02 INFO: 1 is starting a new election at term 2
race distributed	Distributed serving race tests	2026-09-05T14:16:15.0797813Z raft2026/09/05 14:14:02 INFO: 1 became pre-candidate at term 2
race distributed	Distributed serving race tests	2026-09-05T14:16:15.0797995Z raft2026/09/05 14:14:02 INFO: 1 [logterm: 2, index: 11] sent MsgPreVote request to 2 at term 2
race distributed	Distributed serving race tests	2026-09-05T14:16:15.0798156Z raft2026/09/05 14:14:02 INFO: 1 [logterm: 2, index: 11] sent MsgPreVote request to 3 at term 2
race distributed	Distributed serving race tests	2026-09-05T14:16:15.0798303Z raft2026/09/05 14:14:02 INFO: 1 received MsgPreVoteResp from 1 at term 2
race distributed	Distributed serving race tests	2026-09-05T14:16:15.0798480Z raft2026/09/05 14:14:02 INFO: 1 has received 1 MsgPreVoteResp votes and 0 vote rejections
race distributed	Distributed serving race tests	2026-09-05T14:16:15.0798604Z raft2026/09/05 14:14:02 INFO: 1 is starting a new election at term 2
race distributed	Distributed serving race tests	2026-09-05T14:16:15.0798744Z raft2026/09/05 14:14:02 INFO: 1 became pre-candidate at term 2
race distributed	Distributed serving race tests	2026-09-05T14:16:15.0798919Z raft2026/09/05 14:14:02 INFO: 1 [logterm: 2, index: 4] sent MsgPreVote request to 2 at term 2
race distributed	Distributed serving race tests	2026-09-05T14:16:15.0799180Z raft2026/09/05 14:14:02 INFO: 1 [logterm: 2, index: 4] sent MsgPreVote request to 3 at term 2
race distributed	Distributed serving race tests	2026-09-05T14:16:15.0799324Z raft2026/09/05 14:14:02 INFO: 1 received MsgPreVoteResp from 1 at term 2
race distributed	Distributed serving race tests	2026-09-05T14:16:15.0799503Z raft2026/09/05 14:14:02 INFO: 1 has received 1 MsgPreVoteResp votes and 0 vote rejections
race distributed	Distributed serving race tests	2026-09-05T14:16:15.0799672Z raft2026/09/05 14:14:02 INFO: entry at index 15 missing from unstable log; ignoring
race distributed	Distributed serving race tests	2026-09-05T14:16:15.0799813Z raft2026/09/05 14:14:02 INFO: 1 is starting a new election at term 2
race distributed	Distributed serving race tests	2026-09-05T14:16:15.0799934Z raft2026/09/05 14:14:02 INFO: 1 became pre-candidate at term 2
race distributed	Distributed serving race tests	2026-09-05T14:16:15.0800114Z raft2026/09/05 14:14:02 INFO: 1 [logterm: 2, index: 2] sent MsgPreVote request to 2 at term 2
race distributed	Distributed serving race tests	2026-09-05T14:16:15.0800291Z raft2026/09/05 14:14:02 INFO: 1 [logterm: 2, index: 2] sent MsgPreVote request to 3 at term 2
race distributed	Distributed serving race tests	2026-09-05T14:16:15.0800437Z raft2026/09/05 14:14:02 INFO: 1 received MsgPreVoteResp from 1 at term 2
race distributed	Distributed serving race tests	2026-09-05T14:16:15.0800602Z raft2026/09/05 14:14:02 INFO: 1 has received 1 MsgPreVoteResp votes and 0 vote rejections
race distributed	Distributed serving race tests	2026-09-05T14:16:15.0800767Z raft2026/09/05 14:14:02 INFO: entry at index 54 missing from unstable log; ignoring
race distributed	Distributed serving race tests	2026-09-05T14:16:15.0800905Z raft2026/09/05 14:14:02 INFO: 1 is starting a new election at term 2
race distributed	Distributed serving race tests	2026-09-05T14:16:15.0801026Z raft2026/09/05 14:14:02 INFO: 1 became pre-candidate at term 2
race distributed	Distributed serving race tests	2026-09-05T14:16:15.0801203Z raft2026/09/05 14:14:02 INFO: 1 [logterm: 2, index: 4] sent MsgPreVote request to 2 at term 2
race distributed	Distributed serving race tests	2026-09-05T14:16:15.0801377Z raft2026/09/05 14:14:02 INFO: 1 [logterm: 2, index: 4] sent MsgPreVote request to 3 at term 2
race distributed	Distributed serving race tests	2026-09-05T14:16:15.0801522Z raft2026/09/05 14:14:02 INFO: 1 received MsgPreVoteResp from 1 at term 2
race distributed	Distributed serving race tests	2026-09-05T14:16:15.0801681Z raft2026/09/05 14:14:02 INFO: 1 has received 1 MsgPreVoteResp votes and 0 vote rejections
race distributed	Distributed serving race tests	2026-09-05T14:16:15.0801820Z raft2026/09/05 14:14:02 INFO: 1 is starting a new election at term 2
race distributed	Distributed serving race tests	2026-09-05T14:16:15.0802008Z raft2026/09/05 14:14:02 INFO: 1 became pre-candidate at term 2
race distributed	Distributed serving race tests	2026-09-05T14:16:15.0802189Z raft2026/09/05 14:14:02 INFO: 1 [logterm: 2, index: 11] sent MsgPreVote request to 2 at term 2
race distributed	Distributed serving race tests	2026-09-05T14:16:15.0802352Z raft2026/09/05 14:14:02 INFO: 1 [logterm: 2, index: 11] sent MsgPreVote request to 3 at term 2
race distributed	Distributed serving race tests	2026-09-05T14:16:15.0802553Z raft2026/09/05 14:14:02 INFO: 1 received MsgPreVoteResp from 1 at term 2
race distributed	Distributed serving race tests	2026-09-05T14:16:15.0802728Z raft2026/09/05 14:14:02 INFO: 1 has received 1 MsgPreVoteResp votes and 0 vote rejections
race distributed	Distributed serving race tests	2026-09-05T14:16:15.0802849Z raft2026/09/05 14:14:03 INFO: 1 is starting a new election at term 2
race distributed	Distributed serving race tests	2026-09-05T14:16:15.0802983Z raft2026/09/05 14:14:03 INFO: 1 became pre-candidate at term 2
race distributed	Distributed serving race tests	2026-09-05T14:16:15.0803160Z raft2026/09/05 14:14:03 INFO: 1 [logterm: 2, index: 2] sent MsgPreVote request to 2 at term 2
race distributed	Distributed serving race tests	2026-09-05T14:16:15.0803336Z raft2026/09/05 14:14:03 INFO: 1 [logterm: 2, index: 2] sent MsgPreVote request to 3 at term 2
race distributed	Distributed serving race tests	2026-09-05T14:16:15.0803466Z raft2026/09/05 14:14:03 INFO: 1 received MsgPreVoteResp from 1 at term 2
race distributed	Distributed serving race tests	2026-09-05T14:16:15.0803642Z raft2026/09/05 14:14:03 INFO: 1 has received 1 MsgPreVoteResp votes and 0 vote rejections
race distributed	Distributed serving race tests	2026-09-05T14:16:15.0803781Z raft2026/09/05 14:14:03 INFO: 1 is starting a new election at term 2
race distributed	Distributed serving race tests	2026-09-05T14:16:15.0803916Z raft2026/09/05 14:14:03 INFO: 1 became pre-candidate at term 2
race distributed	Distributed serving race tests	2026-09-05T14:16:15.0804078Z raft2026/09/05 14:14:03 INFO: 1 [logterm: 2, index: 4] sent MsgPreVote request to 2 at term 2
race distributed	Distributed serving race tests	2026-09-05T14:16:15.0804254Z raft2026/09/05 14:14:03 INFO: 1 [logterm: 2, index: 4] sent MsgPreVote request to 3 at term 2
race distributed	Distributed serving race tests	2026-09-05T14:16:15.0804401Z raft2026/09/05 14:14:03 INFO: 1 received MsgPreVoteResp from 1 at term 2
race distributed	Distributed serving race tests	2026-09-05T14:16:15.0804556Z raft2026/09/05 14:14:03 INFO: 1 has received 1 MsgPreVoteResp votes and 0 vote rejections
race distributed	Distributed serving race tests	2026-09-05T14:16:15.0804691Z raft2026/09/05 14:14:03 INFO: 1 is starting a new election at term 2
race distributed	Distributed serving race tests	2026-09-05T14:16:15.0804824Z raft2026/09/05 14:14:03 INFO: 1 became pre-candidate at term 2
race distributed	Distributed serving race tests	2026-09-05T14:16:15.0805001Z raft2026/09/05 14:14:03 INFO: 1 [logterm: 2, index: 11] sent MsgPreVote request to 2 at term 2
race distributed	Distributed serving race tests	2026-09-05T14:16:15.0805160Z raft2026/09/05 14:14:03 INFO: 1 [logterm: 2, index: 11] sent MsgPreVote request to 3 at term 2
race distributed	Distributed serving race tests	2026-09-05T14:16:15.0805300Z raft2026/09/05 14:14:03 INFO: 1 received MsgPreVoteResp from 1 at term 2
race distributed	Distributed serving race tests	2026-09-05T14:16:15.0805462Z raft2026/09/05 14:14:03 INFO: 1 has received 1 MsgPreVoteResp votes and 0 vote rejections
race distributed	Distributed serving race tests	2026-09-05T14:16:15.0805602Z raft2026/09/05 14:14:03 INFO: entry at index 17 missing from unstable log; ignoring
race distributed	Distributed serving race tests	2026-09-05T14:16:15.0805714Z raft2026/09/05 14:14:03 INFO: 1 is starting a new election at term 2
race distributed	Distributed serving race tests	2026-09-05T14:16:15.0805843Z raft2026/09/05 14:14:03 INFO: 1 became pre-candidate at term 2
race distributed	Distributed serving race tests	2026-09-05T14:16:15.0806020Z raft2026/09/05 14:14:03 INFO: 1 [logterm: 2, index: 4] sent MsgPreVote request to 2 at term 2
race distributed	Distributed serving race tests	2026-09-05T14:16:15.0806178Z raft2026/09/05 14:14:03 INFO: 1 [logterm: 2, index: 4] sent MsgPreVote request to 3 at term 2
race distributed	Distributed serving race tests	2026-09-05T14:16:15.0806324Z raft2026/09/05 14:14:03 INFO: 1 received MsgPreVoteResp from 1 at term 2
race distributed	Distributed serving race tests	2026-09-05T14:16:15.0806497Z raft2026/09/05 14:14:03 INFO: 1 has received 1 MsgPreVoteResp votes and 0 vote rejections
race distributed	Distributed serving race tests	2026-09-05T14:16:15.0806632Z raft2026/09/05 14:14:04 INFO: 1 is starting a new election at term 2
race distributed	Distributed serving race tests	2026-09-05T14:16:15.0806751Z raft2026/09/05 14:14:04 INFO: 1 became pre-candidate at term 2
race distributed	Distributed serving race tests	2026-09-05T14:16:15.0806923Z raft2026/09/05 14:14:04 INFO: 1 [logterm: 2, index: 2] sent MsgPreVote request to 2 at term 2
race distributed	Distributed serving race tests	2026-09-05T14:16:15.0807095Z raft2026/09/05 14:14:04 INFO: 1 [logterm: 2, index: 2] sent MsgPreVote request to 3 at term 2
race distributed	Distributed serving race tests	2026-09-05T14:16:15.0807241Z raft2026/09/05 14:14:04 INFO: 1 received MsgPreVoteResp from 1 at term 2
race distributed	Distributed serving race tests	2026-09-05T14:16:15.0807397Z raft2026/09/05 14:14:04 INFO: 1 has received 1 MsgPreVoteResp votes and 0 vote rejections
race distributed	Distributed serving race tests	2026-09-05T14:16:15.0807557Z raft2026/09/05 14:14:04 INFO: entry at index 25 missing from unstable log; ignoring
race distributed	Distributed serving race tests	2026-09-05T14:16:15.0807694Z raft2026/09/05 14:14:04 INFO: 1 is starting a new election at term 2
race distributed	Distributed serving race tests	2026-09-05T14:16:15.0807856Z raft2026/09/05 14:14:04 INFO: 1 became pre-candidate at term 2
race distributed	Distributed serving race tests	2026-09-05T14:16:15.0808037Z raft2026/09/05 14:14:04 INFO: 1 [logterm: 2, index: 11] sent MsgPreVote request to 2 at term 2
race distributed	Distributed serving race tests	2026-09-05T14:16:15.0808209Z raft2026/09/05 14:14:04 INFO: 1 [logterm: 2, index: 11] sent MsgPreVote request to 3 at term 2
race distributed	Distributed serving race tests	2026-09-05T14:16:15.0808402Z raft2026/09/05 14:14:04 INFO: 1 received MsgPreVoteResp from 1 at term 2
race distributed	Distributed serving race tests	2026-09-05T14:16:15.0808559Z raft2026/09/05 14:14:04 INFO: 1 has received 1 MsgPreVoteResp votes and 0 vote rejections
race distributed	Distributed serving race tests	2026-09-05T14:16:15.0808722Z raft2026/09/05 14:14:04 INFO: entry at index 59 missing from unstable log; ignoring
race distributed	Distributed serving race tests	2026-09-05T14:16:15.0808858Z raft2026/09/05 14:14:04 INFO: 1 is starting a new election at term 2
race distributed	Distributed serving race tests	2026-09-05T14:16:15.0808985Z raft2026/09/05 14:14:04 INFO: 1 became pre-candidate at term 2
race distributed	Distributed serving race tests	2026-09-05T14:16:15.0809254Z raft2026/09/05 14:14:04 INFO: 1 [logterm: 2, index: 4] sent MsgPreVote request to 2 at term 2
race distributed	Distributed serving race tests	2026-09-05T14:16:15.0809442Z raft2026/09/05 14:14:04 INFO: 1 [logterm: 2, index: 4] sent MsgPreVote request to 3 at term 2
race distributed	Distributed serving race tests	2026-09-05T14:16:15.0809593Z raft2026/09/05 14:14:04 INFO: 1 received MsgPreVoteResp from 1 at term 2
race distributed	Distributed serving race tests	2026-09-05T14:16:15.0809753Z raft2026/09/05 14:14:04 INFO: 1 has received 1 MsgPreVoteResp votes and 0 vote rejections
race distributed	Distributed serving race tests	2026-09-05T14:16:15.0809900Z raft2026/09/05 14:14:04 INFO: 1 is starting a new election at term 2
race distributed	Distributed serving race tests	2026-09-05T14:16:15.0810029Z raft2026/09/05 14:14:04 INFO: 1 became pre-candidate at term 2
race distributed	Distributed serving race tests	2026-09-05T14:16:15.0810207Z raft2026/09/05 14:14:04 INFO: 1 [logterm: 2, index: 2] sent MsgPreVote request to 2 at term 2
race distributed	Distributed serving race tests	2026-09-05T14:16:15.0810371Z raft2026/09/05 14:14:04 INFO: 1 [logterm: 2, index: 2] sent MsgPreVote request to 3 at term 2
race distributed	Distributed serving race tests	2026-09-05T14:16:15.0810520Z raft2026/09/05 14:14:04 INFO: 1 received MsgPreVoteResp from 1 at term 2
race distributed	Distributed serving race tests	2026-09-05T14:16:15.0810696Z raft2026/09/05 14:14:04 INFO: 1 has received 1 MsgPreVoteResp votes and 0 vote rejections
race distributed	Distributed serving race tests	2026-09-05T14:16:15.0810863Z raft2026/09/05 14:14:04 INFO: entry at index 28 missing from unstable log; ignoring
race distributed	Distributed serving race tests	2026-09-05T14:16:15.0810988Z raft2026/09/05 14:14:05 INFO: 1 is starting a new election at term 2
race distributed	Distributed serving race tests	2026-09-05T14:16:15.0811126Z raft2026/09/05 14:14:05 INFO: 1 became pre-candidate at term 2
race distributed	Distributed serving race tests	2026-09-05T14:16:15.0811307Z raft2026/09/05 14:14:05 INFO: 1 [logterm: 2, index: 4] sent MsgPreVote request to 2 at term 2
race distributed	Distributed serving race tests	2026-09-05T14:16:15.0811487Z raft2026/09/05 14:14:05 INFO: 1 [logterm: 2, index: 4] sent MsgPreVote request to 3 at term 2
race distributed	Distributed serving race tests	2026-09-05T14:16:15.0811616Z raft2026/09/05 14:14:05 INFO: 1 received MsgPreVoteResp from 1 at term 2
race distributed	Distributed serving race tests	2026-09-05T14:16:15.0811786Z raft2026/09/05 14:14:05 INFO: 1 has received 1 MsgPreVoteResp votes and 0 vote rejections
race distributed	Distributed serving race tests	2026-09-05T14:16:15.0811920Z raft2026/09/05 14:14:05 INFO: 1 is starting a new election at term 2
race distributed	Distributed serving race tests	2026-09-05T14:16:15.0812035Z raft2026/09/05 14:14:05 INFO: 1 became pre-candidate at term 2
race distributed	Distributed serving race tests	2026-09-05T14:16:15.0812215Z raft2026/09/05 14:14:05 INFO: 1 [logterm: 2, index: 11] sent MsgPreVote request to 2 at term 2
race distributed	Distributed serving race tests	2026-09-05T14:16:15.0812399Z raft2026/09/05 14:14:05 INFO: 1 [logterm: 2, index: 11] sent MsgPreVote request to 3 at term 2
race distributed	Distributed serving race tests	2026-09-05T14:16:15.0812548Z raft2026/09/05 14:14:05 INFO: 1 received MsgPreVoteResp from 1 at term 2
race distributed	Distributed serving race tests	2026-09-05T14:16:15.0812709Z raft2026/09/05 14:14:05 INFO: 1 has received 1 MsgPreVoteResp votes and 0 vote rejections
race distributed	Distributed serving race tests	2026-09-05T14:16:15.0812838Z raft2026/09/05 14:14:05 INFO: 1 is starting a new election at term 2
race distributed	Distributed serving race tests	2026-09-05T14:16:15.0812960Z raft2026/09/05 14:14:05 INFO: 1 became pre-candidate at term 2
race distributed	Distributed serving race tests	2026-09-05T14:16:15.0813125Z raft2026/09/05 14:14:05 INFO: 1 [logterm: 2, index: 4] sent MsgPreVote request to 2 at term 2
race distributed	Distributed serving race tests	2026-09-05T14:16:15.0813285Z raft2026/09/05 14:14:05 INFO: 1 [logterm: 2, index: 4] sent MsgPreVote request to 3 at term 2
race distributed	Distributed serving race tests	2026-09-05T14:16:15.0813434Z raft2026/09/05 14:14:05 INFO: 1 received MsgPreVoteResp from 1 at term 2
race distributed	Distributed serving race tests	2026-09-05T14:16:15.0813603Z raft2026/09/05 14:14:05 INFO: 1 has received 1 MsgPreVoteResp votes and 0 vote rejections
race distributed	Distributed serving race tests	2026-09-05T14:16:15.0813786Z raft2026/09/05 14:14:05 INFO: 1 is starting a new election at term 2
race distributed	Distributed serving race tests	2026-09-05T14:16:15.0813920Z raft2026/09/05 14:14:05 INFO: 1 became pre-candidate at term 2
race distributed	Distributed serving race tests	2026-09-05T14:16:15.0814095Z raft2026/09/05 14:14:05 INFO: 1 [logterm: 2, index: 2] sent MsgPreVote request to 2 at term 2
race distributed	Distributed serving race tests	2026-09-05T14:16:15.0814316Z raft2026/09/05 14:14:05 INFO: 1 [logterm: 2, index: 2] sent MsgPreVote request to 3 at term 2
race distributed	Distributed serving race tests	2026-09-05T14:16:15.0814451Z raft2026/09/05 14:14:05 INFO: 1 received MsgPreVoteResp from 1 at term 2
race distributed	Distributed serving race tests	2026-09-05T14:16:15.0814629Z raft2026/09/05 14:14:05 INFO: 1 has received 1 MsgPreVoteResp votes and 0 vote rejections
race distributed	Distributed serving race tests	2026-09-05T14:16:15.0814802Z raft2026/09/05 14:14:05 INFO: entry at index 66 missing from unstable log; ignoring
race distributed	Distributed serving race tests	2026-09-05T14:16:15.0814941Z raft2026/09/05 14:14:06 INFO: 1 is starting a new election at term 2
race distributed	Distributed serving race tests	2026-09-05T14:16:15.0815060Z raft2026/09/05 14:14:06 INFO: 1 became pre-candidate at term 2
race distributed	Distributed serving race tests	2026-09-05T14:16:15.0815240Z raft2026/09/05 14:14:06 INFO: 1 [logterm: 2, index: 11] sent MsgPreVote request to 2 at term 2
race distributed	Distributed serving race tests	2026-09-05T14:16:15.0815421Z raft2026/09/05 14:14:06 INFO: 1 [logterm: 2, index: 11] sent MsgPreVote request to 3 at term 2
race distributed	Distributed serving race tests	2026-09-05T14:16:15.0815554Z raft2026/09/05 14:14:06 INFO: 1 received MsgPreVoteResp from 1 at term 2
race distributed	Distributed serving race tests	2026-09-05T14:16:15.0815732Z raft2026/09/05 14:14:06 INFO: 1 has received 1 MsgPreVoteResp votes and 0 vote rejections
race distributed	Distributed serving race tests	2026-09-05T14:16:15.0815877Z raft2026/09/05 14:14:06 INFO: 1 is starting a new election at term 2
race distributed	Distributed serving race tests	2026-09-05T14:16:15.0816010Z raft2026/09/05 14:14:06 INFO: 1 became pre-candidate at term 2
race distributed	Distributed serving race tests	2026-09-05T14:16:15.0816175Z raft2026/09/05 14:14:06 INFO: 1 [logterm: 2, index: 4] sent MsgPreVote request to 2 at term 2
race distributed	Distributed serving race tests	2026-09-05T14:16:15.0816353Z raft2026/09/05 14:14:06 INFO: 1 [logterm: 2, index: 4] sent MsgPreVote request to 3 at term 2
race distributed	Distributed serving race tests	2026-09-05T14:16:15.0816507Z raft2026/09/05 14:14:06 INFO: 1 received MsgPreVoteResp from 1 at term 2
race distributed	Distributed serving race tests	2026-09-05T14:16:15.0816683Z raft2026/09/05 14:14:06 INFO: 1 has received 1 MsgPreVoteResp votes and 0 vote rejections
race distributed	Distributed serving race tests	2026-09-05T14:16:15.0816811Z raft2026/09/05 14:14:06 INFO: 1 is starting a new election at term 2
race distributed	Distributed serving race tests	2026-09-05T14:16:15.0816946Z raft2026/09/05 14:14:06 INFO: 1 became pre-candidate at term 2
race distributed	Distributed serving race tests	2026-09-05T14:16:15.0817125Z raft2026/09/05 14:14:06 INFO: 1 [logterm: 2, index: 2] sent MsgPreVote request to 2 at term 2
race distributed	Distributed serving race tests	2026-09-05T14:16:15.0817288Z raft2026/09/05 14:14:06 INFO: 1 [logterm: 2, index: 2] sent MsgPreVote request to 3 at term 2
race distributed	Distributed serving race tests	2026-09-05T14:16:15.0817442Z raft2026/09/05 14:14:06 INFO: 1 received MsgPreVoteResp from 1 at term 2
race distributed	Distributed serving race tests	2026-09-05T14:16:15.0817613Z raft2026/09/05 14:14:06 INFO: 1 has received 1 MsgPreVoteResp votes and 0 vote rejections
race distributed	Distributed serving race tests	2026-09-05T14:16:15.0817750Z raft2026/09/05 14:14:06 INFO: 1 is starting a new election at term 2
race distributed	Distributed serving race tests	2026-09-05T14:16:15.0817868Z raft2026/09/05 14:14:06 INFO: 1 became pre-candidate at term 2
race distributed	Distributed serving race tests	2026-09-05T14:16:15.0818046Z raft2026/09/05 14:14:06 INFO: 1 [logterm: 2, index: 11] sent MsgPreVote request to 2 at term 2
race distributed	Distributed serving race tests	2026-09-05T14:16:15.0818225Z raft2026/09/05 14:14:06 INFO: 1 [logterm: 2, index: 11] sent MsgPreVote request to 3 at term 2
race distributed	Distributed serving race tests	2026-09-05T14:16:15.0818370Z raft2026/09/05 14:14:06 INFO: 1 received MsgPreVoteResp from 1 at term 2
race distributed	Distributed serving race tests	2026-09-05T14:16:15.0818527Z raft2026/09/05 14:14:06 INFO: 1 has received 1 MsgPreVoteResp votes and 0 vote rejections
race distributed	Distributed serving race tests	2026-09-05T14:16:15.0818668Z raft2026/09/05 14:14:06 INFO: 1 is starting a new election at term 2
race distributed	Distributed serving race tests	2026-09-05T14:16:15.0818857Z raft2026/09/05 14:14:06 INFO: 1 became pre-candidate at term 2
race distributed	Distributed serving race tests	2026-09-05T14:16:15.0819024Z raft2026/09/05 14:14:06 INFO: 1 [logterm: 2, index: 4] sent MsgPreVote request to 2 at term 2
race distributed	Distributed serving race tests	2026-09-05T14:16:15.0819389Z raft2026/09/05 14:14:06 INFO: 1 [logterm: 2, index: 4] sent MsgPreVote request to 3 at term 2
race distributed	Distributed serving race tests	2026-09-05T14:16:15.0819561Z raft2026/09/05 14:14:06 INFO: 1 received MsgPreVoteResp from 1 at term 2
race distributed	Distributed serving race tests	2026-09-05T14:16:15.0819741Z raft2026/09/05 14:14:06 INFO: 1 has received 1 MsgPreVoteResp votes and 0 vote rejections
race distributed	Distributed serving race tests	2026-09-05T14:16:15.0819932Z raft2026/09/05 14:14:09 INFO: 1 switched to configuration voters=(1 2 3)
race distributed	Distributed serving race tests	2026-09-05T14:16:15.0820069Z raft2026/09/05 14:14:09 INFO: 1 became follower at term 1
race distributed	Distributed serving race tests	2026-09-05T14:16:15.0820294Z raft2026/09/05 14:14:09 INFO: newRaft 1 [peers: [1,2,3], term: 1, commit: 1, applied: 1, lastindex: 1, lastterm: 1]
race distributed	Distributed serving race tests	2026-09-05T14:16:15.0820501Z raft2026/09/05 14:14:10 INFO: 2 switched to configuration voters=(1 2 3)
race distributed	Distributed serving race tests	2026-09-05T14:16:15.0820615Z raft2026/09/05 14:14:10 INFO: 2 became follower at term 1
race distributed	Distributed serving race tests	2026-09-05T14:16:15.0820831Z raft2026/09/05 14:14:10 INFO: newRaft 2 [peers: [1,2,3], term: 1, commit: 1, applied: 1, lastindex: 1, lastterm: 1]
race distributed	Distributed serving race tests	2026-09-05T14:16:15.0820982Z raft2026/09/05 14:14:12 INFO: 3 switched to configuration voters=(1 2 3)
race distributed	Distributed serving race tests	2026-09-05T14:16:15.0821093Z raft2026/09/05 14:14:12 INFO: 3 became follower at term 1
race distributed	Distributed serving race tests	2026-09-05T14:16:15.0821307Z raft2026/09/05 14:14:12 INFO: newRaft 3 [peers: [1,2,3], term: 1, commit: 1, applied: 1, lastindex: 1, lastterm: 1]
race distributed	Distributed serving race tests	2026-09-05T14:16:15.0821453Z raft2026/09/05 14:14:13 INFO: 1 switched to configuration voters=(1 2 3)
race distributed	Distributed serving race tests	2026-09-05T14:16:15.0821582Z raft2026/09/05 14:14:13 INFO: 1 became follower at term 1
race distributed	Distributed serving race tests	2026-09-05T14:16:15.0821773Z raft2026/09/05 14:14:13 INFO: newRaft 1 [peers: [1,2,3], term: 1, commit: 1, applied: 1, lastindex: 1, lastterm: 1]
race distributed	Distributed serving race tests	2026-09-05T14:16:15.0821922Z raft2026/09/05 14:14:14 INFO: 2 switched to configuration voters=(1 2 3)
race distributed	Distributed serving race tests	2026-09-05T14:16:15.0822045Z raft2026/09/05 14:14:14 INFO: 2 became follower at term 1
race distributed	Distributed serving race tests	2026-09-05T14:16:15.0822256Z raft2026/09/05 14:14:14 INFO: newRaft 2 [peers: [1,2,3], term: 1, commit: 1, applied: 1, lastindex: 1, lastterm: 1]
race distributed	Distributed serving race tests	2026-09-05T14:16:15.0822388Z raft2026/09/05 14:14:14 INFO: 3 switched to configuration voters=(1 2 3)
race distributed	Distributed serving race tests	2026-09-05T14:16:15.0822514Z raft2026/09/05 14:14:14 INFO: 3 became follower at term 1
race distributed	Distributed serving race tests	2026-09-05T14:16:15.0822722Z raft2026/09/05 14:14:14 INFO: newRaft 3 [peers: [1,2,3], term: 1, commit: 1, applied: 1, lastindex: 1, lastterm: 1]
race distributed	Distributed serving race tests	2026-09-05T14:16:15.0822867Z raft2026/09/05 14:14:15 INFO: 1 switched to configuration voters=(1 2 3)
race distributed	Distributed serving race tests	2026-09-05T14:16:15.0822978Z raft2026/09/05 14:14:15 INFO: 1 became follower at term 1
race distributed	Distributed serving race tests	2026-09-05T14:16:15.0823185Z raft2026/09/05 14:14:15 INFO: newRaft 1 [peers: [1,2,3], term: 1, commit: 1, applied: 1, lastindex: 1, lastterm: 1]
race distributed	Distributed serving race tests	2026-09-05T14:16:15.0823331Z raft2026/09/05 14:14:17 INFO: 2 switched to configuration voters=(1 2 3)
race distributed	Distributed serving race tests	2026-09-05T14:16:15.0823441Z raft2026/09/05 14:14:17 INFO: 2 became follower at term 1
race distributed	Distributed serving race tests	2026-09-05T14:16:15.0823652Z raft2026/09/05 14:14:17 INFO: newRaft 2 [peers: [1,2,3], term: 1, commit: 1, applied: 1, lastindex: 1, lastterm: 1]
race distributed	Distributed serving race tests	2026-09-05T14:16:15.0823794Z raft2026/09/05 14:14:18 INFO: 3 switched to configuration voters=(1 2 3)
race distributed	Distributed serving race tests	2026-09-05T14:16:15.0823911Z raft2026/09/05 14:14:18 INFO: 3 became follower at term 1
race distributed	Distributed serving race tests	2026-09-05T14:16:15.0824105Z raft2026/09/05 14:14:18 INFO: newRaft 3 [peers: [1,2,3], term: 1, commit: 1, applied: 1, lastindex: 1, lastterm: 1]
race distributed	Distributed serving race tests	2026-09-05T14:16:15.0824245Z raft2026/09/05 14:14:18 INFO: 1 is starting a new election at term 1
race distributed	Distributed serving race tests	2026-09-05T14:16:15.0824384Z raft2026/09/05 14:14:18 INFO: 1 became pre-candidate at term 1
race distributed	Distributed serving race tests	2026-09-05T14:16:15.0824564Z raft2026/09/05 14:14:18 INFO: 1 [logterm: 1, index: 1] sent MsgPreVote request to 2 at term 1
race distributed	Distributed serving race tests	2026-09-05T14:16:15.0824721Z raft2026/09/05 14:14:18 INFO: 1 [logterm: 1, index: 1] sent MsgPreVote request to 3 at term 1
race distributed	Distributed serving race tests	2026-09-05T14:16:15.0824869Z raft2026/09/05 14:14:18 INFO: 1 received MsgPreVoteResp from 1 at term 1
race distributed	Distributed serving race tests	2026-09-05T14:16:15.0825041Z raft2026/09/05 14:14:18 INFO: 1 has received 1 MsgPreVoteResp votes and 0 vote rejections
race distributed	Distributed serving race tests	2026-09-05T14:16:15.0825250Z raft2026/09/05 14:14:18 INFO: 3 [logterm: 1, index: 1, vote: 0] cast MsgPreVote for 1 [logterm: 1, index: 1] at term 1
race distributed	Distributed serving race tests	2026-09-05T14:16:15.0825464Z raft2026/09/05 14:14:18 INFO: 2 [logterm: 1, index: 1, vote: 0] cast MsgPreVote for 1 [logterm: 1, index: 1] at term 1
race distributed	Distributed serving race tests	2026-09-05T14:16:15.0825609Z raft2026/09/05 14:14:18 INFO: 1 received MsgPreVoteResp from 3 at term 1
race distributed	Distributed serving race tests	2026-09-05T14:16:15.0825782Z raft2026/09/05 14:14:18 INFO: 1 has received 2 MsgPreVoteResp votes and 0 vote rejections
race distributed	Distributed serving race tests	2026-09-05T14:16:15.0825937Z raft2026/09/05 14:14:18 INFO: 1 became candidate at term 2
race distributed	Distributed serving race tests	2026-09-05T14:16:15.0826113Z raft2026/09/05 14:14:18 INFO: 1 [logterm: 1, index: 1] sent MsgVote request to 2 at term 2
race distributed	Distributed serving race tests	2026-09-05T14:16:15.0826327Z raft2026/09/05 14:14:18 INFO: 1 [logterm: 1, index: 1] sent MsgVote request to 3 at term 2
race distributed	Distributed serving race tests	2026-09-05T14:16:15.0826529Z raft2026/09/05 14:14:18 INFO: 2 [term: 1] received a MsgVote message with higher term from 1 [term: 2]
race distributed	Distributed serving race tests	2026-09-05T14:16:15.0826713Z raft2026/09/05 14:14:18 INFO: 3 [term: 1] received a MsgVote message with higher term from 1 [term: 2]
race distributed	Distributed serving race tests	2026-09-05T14:16:15.0826839Z raft2026/09/05 14:14:18 INFO: 3 became follower at term 2
race distributed	Distributed serving race tests	2026-09-05T14:16:15.0826964Z raft2026/09/05 14:14:18 INFO: 2 became follower at term 2
race distributed	Distributed serving race tests	2026-09-05T14:16:15.0827181Z raft2026/09/05 14:14:18 INFO: 3 [logterm: 1, index: 1, vote: 0] cast MsgVote for 1 [logterm: 1, index: 1] at term 2
race distributed	Distributed serving race tests	2026-09-05T14:16:15.0827376Z raft2026/09/05 14:14:18 INFO: 2 [logterm: 1, index: 1, vote: 0] cast MsgVote for 1 [logterm: 1, index: 1] at term 2
race distributed	Distributed serving race tests	2026-09-05T14:16:15.0827522Z raft2026/09/05 14:14:18 INFO: 1 received MsgVoteResp from 1 at term 2
race distributed	Distributed serving race tests	2026-09-05T14:16:15.0827691Z raft2026/09/05 14:14:18 INFO: 1 has received 1 MsgVoteResp votes and 0 vote rejections
race distributed	Distributed serving race tests	2026-09-05T14:16:15.0827821Z raft2026/09/05 14:14:18 INFO: 1 received MsgVoteResp from 3 at term 2
race distributed	Distributed serving race tests	2026-09-05T14:16:15.0827990Z raft2026/09/05 14:14:18 INFO: 1 has received 2 MsgVoteResp votes and 0 vote rejections
race distributed	Distributed serving race tests	2026-09-05T14:16:15.0828108Z raft2026/09/05 14:14:18 INFO: 1 became leader at term 2
race distributed	Distributed serving race tests	2026-09-05T14:16:15.0828251Z raft2026/09/05 14:14:18 INFO: 1 is starting a new election at term 1
race distributed	Distributed serving race tests	2026-09-05T14:16:15.0828375Z raft2026/09/05 14:14:18 INFO: 1 became pre-candidate at term 1
race distributed	Distributed serving race tests	2026-09-05T14:16:15.0828560Z raft2026/09/05 14:14:18 INFO: 1 [logterm: 1, index: 1] sent MsgPreVote request to 2 at term 1
race distributed	Distributed serving race tests	2026-09-05T14:16:15.0828740Z raft2026/09/05 14:14:18 INFO: 1 [logterm: 1, index: 1] sent MsgPreVote request to 3 at term 1
race distributed	Distributed serving race tests	2026-09-05T14:16:15.0828891Z raft2026/09/05 14:14:18 INFO: 1 received MsgPreVoteResp from 1 at term 1
race distributed	Distributed serving race tests	2026-09-05T14:16:15.0829049Z raft2026/09/05 14:14:18 INFO: 1 has received 1 MsgPreVoteResp votes and 0 vote rejections
race distributed	Distributed serving race tests	2026-09-05T14:16:15.0829280Z raft2026/09/05 14:14:18 INFO: 2 is starting a new election at term 1
race distributed	Distributed serving race tests	2026-09-05T14:16:15.0829431Z raft2026/09/05 14:14:18 INFO: 3 is starting a new election at term 1
race distributed	Distributed serving race tests	2026-09-05T14:16:15.0829550Z raft2026/09/05 14:14:18 INFO: 2 became pre-candidate at term 1
race distributed	Distributed serving race tests	2026-09-05T14:16:15.0829681Z raft2026/09/05 14:14:18 INFO: 3 became pre-candidate at term 1
race distributed	Distributed serving race tests	2026-09-05T14:16:15.0829856Z raft2026/09/05 14:14:18 INFO: 3 [logterm: 1, index: 1] sent MsgPreVote request to 1 at term 1
race distributed	Distributed serving race tests	2026-09-05T14:16:15.0830027Z raft2026/09/05 14:14:18 INFO: 2 [logterm: 1, index: 1] sent MsgPreVote request to 1 at term 1
race distributed	Distributed serving race tests	2026-09-05T14:16:15.0830187Z raft2026/09/05 14:14:18 INFO: 3 [logterm: 1, index: 1] sent MsgPreVote request to 2 at term 1
race distributed	Distributed serving race tests	2026-09-05T14:16:15.0830364Z raft2026/09/05 14:14:18 INFO: 2 [logterm: 1, index: 1] sent MsgPreVote request to 3 at term 1
race distributed	Distributed serving race tests	2026-09-05T14:16:15.0830497Z raft2026/09/05 14:14:18 INFO: 2 is starting a new election at term 2
race distributed	Distributed serving race tests	2026-09-05T14:16:15.0830635Z raft2026/09/05 14:14:18 INFO: 2 became pre-candidate at term 2
race distributed	Distributed serving race tests	2026-09-05T14:16:15.0830797Z raft2026/09/05 14:14:18 INFO: 2 [logterm: 2, index: 5] sent MsgPreVote request to 1 at term 2
race distributed	Distributed serving race tests	2026-09-05T14:16:15.0830966Z raft2026/09/05 14:14:18 INFO: 2 [logterm: 2, index: 5] sent MsgPreVote request to 3 at term 2
race distributed	Distributed serving race tests	2026-09-05T14:16:15.0831107Z raft2026/09/05 14:14:18 INFO: 2 received MsgPreVoteResp from 2 at term 2
race distributed	Distributed serving race tests	2026-09-05T14:16:15.0831263Z raft2026/09/05 14:14:18 INFO: 2 has received 1 MsgPreVoteResp votes and 0 vote rejections
race distributed	Distributed serving race tests	2026-09-05T14:16:15.0831405Z raft2026/09/05 14:14:18 INFO: 2 received MsgPreVoteResp from 2 at term 1
race distributed	Distributed serving race tests	2026-09-05T14:16:15.0831574Z raft2026/09/05 14:14:18 INFO: 2 has received 1 MsgPreVoteResp votes and 0 vote rejections
race distributed	Distributed serving race tests	2026-09-05T14:16:15.0831716Z raft2026/09/05 14:14:18 INFO: 3 received MsgPreVoteResp from 3 at term 1
race distributed	Distributed serving race tests	2026-09-05T14:16:15.0831934Z raft2026/09/05 14:14:18 INFO: 3 has received 1 MsgPreVoteResp votes and 0 vote rejections
race distributed	Distributed serving race tests	2026-09-05T14:16:15.0832159Z raft2026/09/05 14:14:18 INFO: 2 [logterm: 1, index: 1, vote: 0] cast MsgPreVote for 3 [logterm: 1, index: 1] at term 1
race distributed	Distributed serving race tests	2026-09-05T14:16:15.0832435Z raft2026/09/05 14:14:18 INFO: 3 [logterm: 1, index: 1, vote: 0] cast MsgPreVote for 2 [logterm: 1, index: 1] at term 1
race distributed	Distributed serving race tests	2026-09-05T14:16:15.0832651Z raft2026/09/05 14:14:18 INFO: 3 [logterm: 2, index: 5, vote: 1] cast MsgPreVote for 2 [logterm: 2, index: 5] at term 2
race distributed	Distributed serving race tests	2026-09-05T14:16:15.0832783Z raft2026/09/05 14:14:18 INFO: 3 received MsgPreVoteResp from 2 at term 1
race distributed	Distributed serving race tests	2026-09-05T14:16:15.0832961Z raft2026/09/05 14:14:18 INFO: 3 has received 2 MsgPreVoteResp votes and 0 vote rejections
race distributed	Distributed serving race tests	2026-09-05T14:16:15.0833094Z raft2026/09/05 14:14:18 INFO: 3 became candidate at term 2
race distributed	Distributed serving race tests	2026-09-05T14:16:15.0833268Z raft2026/09/05 14:14:18 INFO: 3 [logterm: 1, index: 1] sent MsgVote request to 1 at term 2
race distributed	Distributed serving race tests	2026-09-05T14:16:15.0833427Z raft2026/09/05 14:14:18 INFO: 3 [logterm: 1, index: 1] sent MsgVote request to 2 at term 2
race distributed	Distributed serving race tests	2026-09-05T14:16:15.0833576Z raft2026/09/05 14:14:18 INFO: 2 received MsgPreVoteResp from 3 at term 2
race distributed	Distributed serving race tests	2026-09-05T14:16:15.0833754Z raft2026/09/05 14:14:18 INFO: 2 has received 2 MsgPreVoteResp votes and 0 vote rejections
race distributed	Distributed serving race tests	2026-09-05T14:16:15.0833870Z raft2026/09/05 14:14:18 INFO: 2 became candidate at term 3
race distributed	Distributed serving race tests	2026-09-05T14:16:15.0834048Z raft2026/09/05 14:14:18 INFO: 2 [logterm: 2, index: 5] sent MsgVote request to 1 at term 3
race distributed	Distributed serving race tests	2026-09-05T14:16:15.0834216Z raft2026/09/05 14:14:18 INFO: 2 [logterm: 2, index: 5] sent MsgVote request to 3 at term 3
race distributed	Distributed serving race tests	2026-09-05T14:16:15.0834417Z raft2026/09/05 14:14:18 INFO: 2 [term: 1] received a MsgVote message with higher term from 3 [term: 2]
race distributed	Distributed serving race tests	2026-09-05T14:16:15.0834525Z raft2026/09/05 14:14:18 INFO: 2 became follower at term 2
race distributed	Distributed serving race tests	2026-09-05T14:16:15.0834740Z raft2026/09/05 14:14:18 INFO: 2 [logterm: 1, index: 1, vote: 0] cast MsgVote for 3 [logterm: 1, index: 1] at term 2
race distributed	Distributed serving race tests	2026-09-05T14:16:15.0834886Z raft2026/09/05 14:14:18 INFO: 3 received MsgVoteResp from 3 at term 2
race distributed	Distributed serving race tests	2026-09-05T14:16:15.0835058Z raft2026/09/05 14:14:18 INFO: 3 has received 1 MsgVoteResp votes and 0 vote rejections
race distributed	Distributed serving race tests	2026-09-05T14:16:15.0835241Z raft2026/09/05 14:14:18 INFO: 3 [term: 2] received a MsgVote message with higher term from 2 [term: 3]
race distributed	Distributed serving race tests	2026-09-05T14:16:15.0835363Z raft2026/09/05 14:14:18 INFO: 3 became follower at term 3
race distributed	Distributed serving race tests	2026-09-05T14:16:15.0835570Z raft2026/09/05 14:14:18 INFO: 3 [logterm: 2, index: 5, vote: 0] cast MsgVote for 2 [logterm: 2, index: 5] at term 3
race distributed	Distributed serving race tests	2026-09-05T14:16:15.0835701Z raft2026/09/05 14:14:18 INFO: 2 received MsgPreVoteResp from 3 at term 1
race distributed	Distributed serving race tests	2026-09-05T14:16:15.0835876Z raft2026/09/05 14:14:18 INFO: 2 has received 2 MsgPreVoteResp votes and 0 vote rejections
race distributed	Distributed serving race tests	2026-09-05T14:16:15.0836002Z raft2026/09/05 14:14:18 INFO: 2 became candidate at term 2
race distributed	Distributed serving race tests	2026-09-05T14:16:15.0836173Z raft2026/09/05 14:14:18 INFO: 2 [logterm: 1, index: 1] sent MsgVote request to 1 at term 2
race distributed	Distributed serving race tests	2026-09-05T14:16:15.0836334Z raft2026/09/05 14:14:18 INFO: 2 [logterm: 1, index: 1] sent MsgVote request to 3 at term 2
race distributed	Distributed serving race tests	2026-09-05T14:16:15.0836530Z raft2026/09/05 14:14:18 INFO: 3 [term: 1] received a MsgVote message with higher term from 2 [term: 2]
race distributed	Distributed serving race tests	2026-09-05T14:16:15.0836659Z raft2026/09/05 14:14:18 INFO: 3 became follower at term 2
race distributed	Distributed serving race tests	2026-09-05T14:16:15.0836872Z raft2026/09/05 14:14:18 INFO: 3 [logterm: 1, index: 1, vote: 0] cast MsgVote for 2 [logterm: 1, index: 1] at term 2
race distributed	Distributed serving race tests	2026-09-05T14:16:15.0837004Z raft2026/09/05 14:14:18 INFO: 3 received MsgVoteResp from 2 at term 2
race distributed	Distributed serving race tests	2026-09-05T14:16:15.0837173Z raft2026/09/05 14:14:18 INFO: 3 has received 2 MsgVoteResp votes and 0 vote rejections
race distributed	Distributed serving race tests	2026-09-05T14:16:15.0837317Z raft2026/09/05 14:14:18 INFO: 2 received MsgVoteResp from 2 at term 2
race distributed	Distributed serving race tests	2026-09-05T14:16:15.0837485Z raft2026/09/05 14:14:18 INFO: 2 has received 1 MsgVoteResp votes and 0 vote rejections
race distributed	Distributed serving race tests	2026-09-05T14:16:15.0837591Z raft2026/09/05 14:14:18 INFO: 3 became leader at term 2
race distributed	Distributed serving race tests	2026-09-05T14:16:15.0837804Z raft2026/09/05 14:14:18 INFO: 2 received MsgVoteResp from 2 at term 3
race distributed	Distributed serving race tests	2026-09-05T14:16:15.0837967Z raft2026/09/05 14:14:18 INFO: 2 has received 1 MsgVoteResp votes and 0 vote rejections
race distributed	Distributed serving race tests	2026-09-05T14:16:15.0838092Z raft2026/09/05 14:14:18 INFO: 2 received MsgVoteResp from 3 at term 3
race distributed	Distributed serving race tests	2026-09-05T14:16:15.0838300Z raft2026/09/05 14:14:18 INFO: 2 has received 2 MsgVoteResp votes and 0 vote rejections
race distributed	Distributed serving race tests	2026-09-05T14:16:15.0838417Z raft2026/09/05 14:14:18 INFO: 2 became leader at term 3
race distributed	Distributed serving race tests	2026-09-05T14:16:15.0838550Z raft2026/09/05 14:14:18 INFO: 2 received MsgVoteResp from 3 at term 2
race distributed	Distributed serving race tests	2026-09-05T14:16:15.0838704Z raft2026/09/05 14:14:18 INFO: 2 has received 2 MsgVoteResp votes and 0 vote rejections
race distributed	Distributed serving race tests	2026-09-05T14:16:15.0838824Z raft2026/09/05 14:14:18 INFO: 2 became leader at term 2
race distributed	Distributed serving race tests	2026-09-05T14:16:15.0838965Z raft2026/09/05 14:14:19 INFO: 1 is starting a new election at term 1
race distributed	Distributed serving race tests	2026-09-05T14:16:15.0839160Z raft2026/09/05 14:14:19 INFO: 1 became pre-candidate at term 1
race distributed	Distributed serving race tests	2026-09-05T14:16:15.0839357Z raft2026/09/05 14:14:19 INFO: 1 [logterm: 1, index: 1] sent MsgPreVote request to 2 at term 1
race distributed	Distributed serving race tests	2026-09-05T14:16:15.0839538Z raft2026/09/05 14:14:19 INFO: 1 [logterm: 1, index: 1] sent MsgPreVote request to 3 at term 1
race distributed	Distributed serving race tests	2026-09-05T14:16:15.0839692Z raft2026/09/05 14:14:19 INFO: 1 received MsgPreVoteResp from 1 at term 1
race distributed	Distributed serving race tests	2026-09-05T14:16:15.0839857Z raft2026/09/05 14:14:19 INFO: 1 has received 1 MsgPreVoteResp votes and 0 vote rejections
race distributed	Distributed serving race tests	2026-09-05T14:16:15.0840026Z raft2026/09/05 14:14:19 WARN: 1 stepped down to follower since quorum is not active
race distributed	Distributed serving race tests	2026-09-05T14:16:15.0840147Z raft2026/09/05 14:14:19 INFO: 1 became follower at term 2
race distributed	Distributed serving race tests	2026-09-05T14:16:15.0840289Z raft2026/09/05 14:14:19 INFO: 1 is starting a new election at term 1
race distributed	Distributed serving race tests	2026-09-05T14:16:15.0840411Z raft2026/09/05 14:14:19 INFO: 1 became pre-candidate at term 1
race distributed	Distributed serving race tests	2026-09-05T14:16:15.0840594Z raft2026/09/05 14:14:19 INFO: 1 [logterm: 1, index: 1] sent MsgPreVote request to 2 at term 1
race distributed	Distributed serving race tests	2026-09-05T14:16:15.0840772Z raft2026/09/05 14:14:19 INFO: 1 [logterm: 1, index: 1] sent MsgPreVote request to 3 at term 1
race distributed	Distributed serving race tests	2026-09-05T14:16:15.0840927Z raft2026/09/05 14:14:19 INFO: 1 received MsgPreVoteResp from 1 at term 1
race distributed	Distributed serving race tests	2026-09-05T14:16:15.0841087Z raft2026/09/05 14:14:19 INFO: 1 has received 1 MsgPreVoteResp votes and 0 vote rejections
race distributed	Distributed serving race tests	2026-09-05T14:16:15.0841227Z raft2026/09/05 14:14:19 INFO: 1 is starting a new election at term 2
race distributed	Distributed serving race tests	2026-09-05T14:16:15.0841364Z raft2026/09/05 14:14:19 INFO: 1 became pre-candidate at term 2
race distributed	Distributed serving race tests	2026-09-05T14:16:15.0841528Z raft2026/09/05 14:14:19 INFO: 1 [logterm: 2, index: 5] sent MsgPreVote request to 2 at term 2
race distributed	Distributed serving race tests	2026-09-05T14:16:15.0841710Z raft2026/09/05 14:14:19 INFO: 1 [logterm: 2, index: 5] sent MsgPreVote request to 3 at term 2
race distributed	Distributed serving race tests	2026-09-05T14:16:15.0841858Z raft2026/09/05 14:14:19 INFO: 1 received MsgPreVoteResp from 1 at term 2
race distributed	Distributed serving race tests	2026-09-05T14:16:15.0842035Z raft2026/09/05 14:14:19 INFO: 1 has received 1 MsgPreVoteResp votes and 0 vote rejections
race distributed	Distributed serving race tests	2026-09-05T14:16:15.0842164Z raft2026/09/05 14:14:20 INFO: 1 is starting a new election at term 1
race distributed	Distributed serving race tests	2026-09-05T14:16:15.0842303Z raft2026/09/05 14:14:20 INFO: 1 became pre-candidate at term 1
race distributed	Distributed serving race tests	2026-09-05T14:16:15.0842481Z raft2026/09/05 14:14:20 INFO: 1 [logterm: 1, index: 1] sent MsgPreVote request to 2 at term 1
race distributed	Distributed serving race tests	2026-09-05T14:16:15.0842657Z raft2026/09/05 14:14:20 INFO: 1 [logterm: 1, index: 1] sent MsgPreVote request to 3 at term 1
race distributed	Distributed serving race tests	2026-09-05T14:16:15.0842785Z raft2026/09/05 14:14:20 INFO: 1 is starting a new election at term 1
race distributed	Distributed serving race tests	2026-09-05T14:16:15.0842918Z raft2026/09/05 14:14:20 INFO: 1 became pre-candidate at term 1
race distributed	Distributed serving race tests	2026-09-05T14:16:15.0843097Z raft2026/09/05 14:14:20 INFO: 1 [logterm: 1, index: 1] sent MsgPreVote request to 2 at term 1
race distributed	Distributed serving race tests	2026-09-05T14:16:15.0843260Z raft2026/09/05 14:14:20 INFO: 1 [logterm: 1, index: 1] sent MsgPreVote request to 3 at term 1
race distributed	Distributed serving race tests	2026-09-05T14:16:15.0843410Z raft2026/09/05 14:14:20 INFO: 1 received MsgPreVoteResp from 1 at term 1
race distributed	Distributed serving race tests	2026-09-05T14:16:15.0843583Z raft2026/09/05 14:14:20 INFO: 1 has received 1 MsgPreVoteResp votes and 0 vote rejections
race distributed	Distributed serving race tests	2026-09-05T14:16:15.0843786Z raft2026/09/05 14:14:20 INFO: 1 received MsgPreVoteResp from 1 at term 1
race distributed	Distributed serving race tests	2026-09-05T14:16:15.0843947Z raft2026/09/05 14:14:20 INFO: 1 has received 1 MsgPreVoteResp votes and 0 vote rejections
race distributed	Distributed serving race tests	2026-09-05T14:16:15.0844089Z raft2026/09/05 14:14:22 INFO: 1 switched to configuration voters=(1 2 3)
race distributed	Distributed serving race tests	2026-09-05T14:16:15.0844271Z raft2026/09/05 14:14:22 INFO: 1 became follower at term 1
race distributed	Distributed serving race tests	2026-09-05T14:16:15.0844494Z raft2026/09/05 14:14:22 INFO: newRaft 1 [peers: [1,2,3], term: 1, commit: 1, applied: 1, lastindex: 1, lastterm: 1]
race distributed	Distributed serving race tests	2026-09-05T14:16:15.0844626Z raft2026/09/05 14:14:23 INFO: 2 switched to configuration voters=(1 2 3)
race distributed	Distributed serving race tests	2026-09-05T14:16:15.0844751Z raft2026/09/05 14:14:23 INFO: 2 became follower at term 1
race distributed	Distributed serving race tests	2026-09-05T14:16:15.0844963Z raft2026/09/05 14:14:23 INFO: newRaft 2 [peers: [1,2,3], term: 1, commit: 1, applied: 1, lastindex: 1, lastterm: 1]
race distributed	Distributed serving race tests	2026-09-05T14:16:15.0845094Z raft2026/09/05 14:14:24 INFO: 3 switched to configuration voters=(1 2 3)
race distributed	Distributed serving race tests	2026-09-05T14:16:15.0845217Z raft2026/09/05 14:14:24 INFO: 3 became follower at term 1
race distributed	Distributed serving race tests	2026-09-05T14:16:15.0845426Z raft2026/09/05 14:14:24 INFO: newRaft 3 [peers: [1,2,3], term: 1, commit: 1, applied: 1, lastindex: 1, lastterm: 1]
race distributed	Distributed serving race tests	2026-09-05T14:16:15.0845568Z raft2026/09/05 14:14:25 INFO: 1 switched to configuration voters=(1 2 3)
race distributed	Distributed serving race tests	2026-09-05T14:16:15.0845679Z raft2026/09/05 14:14:25 INFO: 1 became follower at term 1
race distributed	Distributed serving race tests	2026-09-05T14:16:15.0845892Z raft2026/09/05 14:14:25 INFO: newRaft 1 [peers: [1,2,3], term: 1, commit: 1, applied: 1, lastindex: 1, lastterm: 1]
race distributed	Distributed serving race tests	2026-09-05T14:16:15.0846036Z raft2026/09/05 14:14:27 INFO: 2 switched to configuration voters=(1 2 3)
race distributed	Distributed serving race tests	2026-09-05T14:16:15.0846155Z raft2026/09/05 14:14:27 INFO: 2 became follower at term 1
race distributed	Distributed serving race tests	2026-09-05T14:16:15.0846350Z raft2026/09/05 14:14:27 INFO: newRaft 2 [peers: [1,2,3], term: 1, commit: 1, applied: 1, lastindex: 1, lastterm: 1]
race distributed	Distributed serving race tests	2026-09-05T14:16:15.0846495Z raft2026/09/05 14:14:28 INFO: 3 switched to configuration voters=(1 2 3)
race distributed	Distributed serving race tests	2026-09-05T14:16:15.0846619Z raft2026/09/05 14:14:28 INFO: 3 became follower at term 1
race distributed	Distributed serving race tests	2026-09-05T14:16:15.0846817Z raft2026/09/05 14:14:28 INFO: newRaft 3 [peers: [1,2,3], term: 1, commit: 1, applied: 1, lastindex: 1, lastterm: 1]
race distributed	Distributed serving race tests	2026-09-05T14:16:15.0846960Z raft2026/09/05 14:14:29 INFO: 1 switched to configuration voters=(1 2 3)
race distributed	Distributed serving race tests	2026-09-05T14:16:15.0847086Z raft2026/09/05 14:14:29 INFO: 1 became follower at term 1
race distributed	Distributed serving race tests	2026-09-05T14:16:15.0847296Z raft2026/09/05 14:14:29 INFO: newRaft 1 [peers: [1,2,3], term: 1, commit: 1, applied: 1, lastindex: 1, lastterm: 1]
race distributed	Distributed serving race tests	2026-09-05T14:16:15.0847424Z raft2026/09/05 14:14:29 INFO: 2 switched to configuration voters=(1 2 3)
race distributed	Distributed serving race tests	2026-09-05T14:16:15.0847546Z raft2026/09/05 14:14:29 INFO: 2 became follower at term 1
race distributed	Distributed serving race tests	2026-09-05T14:16:15.0847750Z raft2026/09/05 14:14:29 INFO: newRaft 2 [peers: [1,2,3], term: 1, commit: 1, applied: 1, lastindex: 1, lastterm: 1]
race distributed	Distributed serving race tests	2026-09-05T14:16:15.0847893Z raft2026/09/05 14:14:30 INFO: 3 switched to configuration voters=(1 2 3)
race distributed	Distributed serving race tests	2026-09-05T14:16:15.0848000Z raft2026/09/05 14:14:30 INFO: 3 became follower at term 1
race distributed	Distributed serving race tests	2026-09-05T14:16:15.0848208Z raft2026/09/05 14:14:30 INFO: newRaft 3 [peers: [1,2,3], term: 1, commit: 1, applied: 1, lastindex: 1, lastterm: 1]
race distributed	Distributed serving race tests	2026-09-05T14:16:15.0848350Z raft2026/09/05 14:14:30 INFO: 1 is starting a new election at term 1
race distributed	Distributed serving race tests	2026-09-05T14:16:15.0848467Z raft2026/09/05 14:14:30 INFO: 1 became pre-candidate at term 1
race distributed	Distributed serving race tests	2026-09-05T14:16:15.0848649Z raft2026/09/05 14:14:30 INFO: 1 [logterm: 1, index: 1] sent MsgPreVote request to 2 at term 1
race distributed	Distributed serving race tests	2026-09-05T14:16:15.0848825Z raft2026/09/05 14:14:30 INFO: 1 [logterm: 1, index: 1] sent MsgPreVote request to 3 at term 1
race distributed	Distributed serving race tests	2026-09-05T14:16:15.0848971Z raft2026/09/05 14:14:30 INFO: 1 received MsgPreVoteResp from 1 at term 1
race distributed	Distributed serving race tests	2026-09-05T14:16:15.0849262Z raft2026/09/05 14:14:30 INFO: 1 has received 1 MsgPreVoteResp votes and 0 vote rejections
race distributed	Distributed serving race tests	2026-09-05T14:16:15.0849494Z raft2026/09/05 14:14:30 INFO: 2 [logterm: 1, index: 1, vote: 0] cast MsgPreVote for 1 [logterm: 1, index: 1] at term 1
race distributed	Distributed serving race tests	2026-09-05T14:16:15.0849714Z raft2026/09/05 14:14:30 INFO: 3 [logterm: 1, index: 1, vote: 0] cast MsgPreVote for 1 [logterm: 1, index: 1] at term 1
race distributed	Distributed serving race tests	2026-09-05T14:16:15.0849925Z raft2026/09/05 14:14:30 INFO: 1 received MsgPreVoteResp from 2 at term 1
race distributed	Distributed serving race tests	2026-09-05T14:16:15.0850087Z raft2026/09/05 14:14:30 INFO: 1 has received 2 MsgPreVoteResp votes and 0 vote rejections
race distributed	Distributed serving race tests	2026-09-05T14:16:15.0850270Z raft2026/09/05 14:14:30 INFO: 1 became candidate at term 2
race distributed	Distributed serving race tests	2026-09-05T14:16:15.0850445Z raft2026/09/05 14:14:30 INFO: 1 [logterm: 1, index: 1] sent MsgVote request to 2 at term 2
race distributed	Distributed serving race tests	2026-09-05T14:16:15.0850622Z raft2026/09/05 14:14:30 INFO: 1 [logterm: 1, index: 1] sent MsgVote request to 3 at term 2
race distributed	Distributed serving race tests	2026-09-05T14:16:15.0850806Z raft2026/09/05 14:14:30 INFO: 2 [term: 1] received a MsgVote message with higher term from 1 [term: 2]
race distributed	Distributed serving race tests	2026-09-05T14:16:15.0851001Z raft2026/09/05 14:14:30 INFO: 3 [term: 1] received a MsgVote message with higher term from 1 [term: 2]
race distributed	Distributed serving race tests	2026-09-05T14:16:15.0851124Z raft2026/09/05 14:14:30 INFO: 2 became follower at term 2
race distributed	Distributed serving race tests	2026-09-05T14:16:15.0851320Z raft2026/09/05 14:14:30 INFO: 2 [logterm: 1, index: 1, vote: 0] cast MsgVote for 1 [logterm: 1, index: 1] at term 2
race distributed	Distributed serving race tests	2026-09-05T14:16:15.0851444Z raft2026/09/05 14:14:30 INFO: 3 became follower at term 2
race distributed	Distributed serving race tests	2026-09-05T14:16:15.0851647Z raft2026/09/05 14:14:30 INFO: 3 [logterm: 1, index: 1, vote: 0] cast MsgVote for 1 [logterm: 1, index: 1] at term 2
race distributed	Distributed serving race tests	2026-09-05T14:16:15.0851794Z raft2026/09/05 14:14:30 INFO: 1 received MsgVoteResp from 1 at term 2
race distributed	Distributed serving race tests	2026-09-05T14:16:15.0851950Z raft2026/09/05 14:14:30 INFO: 1 has received 1 MsgVoteResp votes and 0 vote rejections
race distributed	Distributed serving race tests	2026-09-05T14:16:15.0852094Z raft2026/09/05 14:14:30 INFO: 1 received MsgVoteResp from 3 at term 2
race distributed	Distributed serving race tests	2026-09-05T14:16:15.0852260Z raft2026/09/05 14:14:30 INFO: 1 has received 2 MsgVoteResp votes and 0 vote rejections
race distributed	Distributed serving race tests	2026-09-05T14:16:15.0852385Z raft2026/09/05 14:14:30 INFO: 1 became leader at term 2
race distributed	Distributed serving race tests	2026-09-05T14:16:15.0852513Z raft2026/09/05 14:14:30 INFO: 1 is starting a new election at term 1
race distributed	Distributed serving race tests	2026-09-05T14:16:15.0852645Z raft2026/09/05 14:14:30 INFO: 1 became pre-candidate at term 1
race distributed	Distributed serving race tests	2026-09-05T14:16:15.0852822Z raft2026/09/05 14:14:30 INFO: 1 [logterm: 1, index: 1] sent MsgPreVote request to 2 at term 1
race distributed	Distributed serving race tests	2026-09-05T14:16:15.0852981Z raft2026/09/05 14:14:30 INFO: 1 [logterm: 1, index: 1] sent MsgPreVote request to 3 at term 1
race distributed	Distributed serving race tests	2026-09-05T14:16:15.0853128Z raft2026/09/05 14:14:30 INFO: 1 received MsgPreVoteResp from 1 at term 1
race distributed	Distributed serving race tests	2026-09-05T14:16:15.0853307Z raft2026/09/05 14:14:30 INFO: 1 has received 1 MsgPreVoteResp votes and 0 vote rejections
race distributed	Distributed serving race tests	2026-09-05T14:16:15.0853526Z raft2026/09/05 14:14:30 INFO: 2 [logterm: 1, index: 1, vote: 0] cast MsgPreVote for 1 [logterm: 1, index: 1] at term 1
race distributed	Distributed serving race tests	2026-09-05T14:16:15.0853717Z raft2026/09/05 14:14:30 INFO: 3 [logterm: 1, index: 1, vote: 0] cast MsgPreVote for 1 [logterm: 1, index: 1] at term 1
race distributed	Distributed serving race tests	2026-09-05T14:16:15.0853841Z raft2026/09/05 14:14:30 INFO: 1 received MsgPreVoteResp from 2 at term 1
race distributed	Distributed serving race tests	2026-09-05T14:16:15.0854001Z raft2026/09/05 14:14:30 INFO: 1 has received 2 MsgPreVoteResp votes and 0 vote rejections
race distributed	Distributed serving race tests	2026-09-05T14:16:15.0854127Z raft2026/09/05 14:14:30 INFO: 1 became candidate at term 2
race distributed	Distributed serving race tests	2026-09-05T14:16:15.0854287Z raft2026/09/05 14:14:30 INFO: 1 [logterm: 1, index: 1] sent MsgVote request to 2 at term 2
race distributed	Distributed serving race tests	2026-09-05T14:16:15.0854452Z raft2026/09/05 14:14:30 INFO: 1 [logterm: 1, index: 1] sent MsgVote request to 3 at term 2
race distributed	Distributed serving race tests	2026-09-05T14:16:15.0854597Z raft2026/09/05 14:14:30 INFO: 1 received MsgVoteResp from 1 at term 2
race distributed	Distributed serving race tests	2026-09-05T14:16:15.0854764Z raft2026/09/05 14:14:30 INFO: 1 has received 1 MsgVoteResp votes and 0 vote rejections
race distributed	Distributed serving race tests	2026-09-05T14:16:15.0854948Z raft2026/09/05 14:14:30 INFO: 2 [term: 1] received a MsgVote message with higher term from 1 [term: 2]
race distributed	Distributed serving race tests	2026-09-05T14:16:15.0855078Z raft2026/09/05 14:14:30 INFO: 2 became follower at term 2
race distributed	Distributed serving race tests	2026-09-05T14:16:15.0855287Z raft2026/09/05 14:14:30 INFO: 2 [logterm: 1, index: 1, vote: 0] cast MsgVote for 1 [logterm: 1, index: 1] at term 2
race distributed	Distributed serving race tests	2026-09-05T14:16:15.0855468Z raft2026/09/05 14:14:30 INFO: 3 [term: 1] received a MsgVote message with higher term from 1 [term: 2]
race distributed	Distributed serving race tests	2026-09-05T14:16:15.0855588Z raft2026/09/05 14:14:30 INFO: 3 became follower at term 2
race distributed	Distributed serving race tests	2026-09-05T14:16:15.0855836Z raft2026/09/05 14:14:30 INFO: 3 [logterm: 1, index: 1, vote: 0] cast MsgVote for 1 [logterm: 1, index: 1] at term 2
race distributed	Distributed serving race tests	2026-09-05T14:16:15.0855980Z raft2026/09/05 14:14:30 INFO: 1 received MsgVoteResp from 2 at term 2
race distributed	Distributed serving race tests	2026-09-05T14:16:15.0856180Z raft2026/09/05 14:14:30 INFO: 1 has received 2 MsgVoteResp votes and 0 vote rejections
race distributed	Distributed serving race tests	2026-09-05T14:16:15.0856305Z raft2026/09/05 14:14:30 INFO: 1 became leader at term 2
race distributed	Distributed serving race tests	2026-09-05T14:16:15.0856450Z raft2026/09/05 14:14:30 INFO: 1 is starting a new election at term 1
race distributed	Distributed serving race tests	2026-09-05T14:16:15.0856589Z raft2026/09/05 14:14:30 INFO: 1 became pre-candidate at term 1
race distributed	Distributed serving race tests	2026-09-05T14:16:15.0856755Z raft2026/09/05 14:14:30 INFO: 1 [logterm: 1, index: 1] sent MsgPreVote request to 2 at term 1
race distributed	Distributed serving race tests	2026-09-05T14:16:15.0856939Z raft2026/09/05 14:14:30 INFO: 1 [logterm: 1, index: 1] sent MsgPreVote request to 3 at term 1
race distributed	Distributed serving race tests	2026-09-05T14:16:15.0857164Z raft2026/09/05 14:14:30 INFO: 3 [logterm: 1, index: 1, vote: 0] cast MsgPreVote for 1 [logterm: 1, index: 1] at term 1
race distributed	Distributed serving race tests	2026-09-05T14:16:15.0857387Z raft2026/09/05 14:14:30 INFO: 2 [logterm: 1, index: 1, vote: 0] cast MsgPreVote for 1 [logterm: 1, index: 1] at term 1
race distributed	Distributed serving race tests	2026-09-05T14:16:15.0857523Z raft2026/09/05 14:14:30 INFO: 1 received MsgPreVoteResp from 1 at term 1
race distributed	Distributed serving race tests	2026-09-05T14:16:15.0857704Z raft2026/09/05 14:14:30 INFO: 1 has received 1 MsgPreVoteResp votes and 0 vote rejections
race distributed	Distributed serving race tests	2026-09-05T14:16:15.0857848Z raft2026/09/05 14:14:30 INFO: 1 received MsgPreVoteResp from 3 at term 1
race distributed	Distributed serving race tests	2026-09-05T14:16:15.0858008Z raft2026/09/05 14:14:30 INFO: 1 has received 2 MsgPreVoteResp votes and 0 vote rejections
race distributed	Distributed serving race tests	2026-09-05T14:16:15.0858136Z raft2026/09/05 14:14:30 INFO: 1 became candidate at term 2
race distributed	Distributed serving race tests	2026-09-05T14:16:15.0858307Z raft2026/09/05 14:14:30 INFO: 1 [logterm: 1, index: 1] sent MsgVote request to 2 at term 2
race distributed	Distributed serving race tests	2026-09-05T14:16:15.0858476Z raft2026/09/05 14:14:30 INFO: 1 [logterm: 1, index: 1] sent MsgVote request to 3 at term 2
race distributed	Distributed serving race tests	2026-09-05T14:16:15.0858601Z raft2026/09/05 14:14:30 INFO: 1 received MsgVoteResp from 1 at term 2
race distributed	Distributed serving race tests	2026-09-05T14:16:15.0858772Z raft2026/09/05 14:14:30 INFO: 1 has received 1 MsgVoteResp votes and 0 vote rejections
race distributed	Distributed serving race tests	2026-09-05T14:16:15.0858970Z raft2026/09/05 14:14:30 INFO: 3 [term: 1] received a MsgVote message with higher term from 1 [term: 2]
race distributed	Distributed serving race tests	2026-09-05T14:16:15.0859254Z raft2026/09/05 14:14:30 INFO: 3 became follower at term 2
race distributed	Distributed serving race tests	2026-09-05T14:16:15.0859503Z raft2026/09/05 14:14:30 INFO: 3 [logterm: 1, index: 1, vote: 0] cast MsgVote for 1 [logterm: 1, index: 1] at term 2
race distributed	Distributed serving race tests	2026-09-05T14:16:15.0859700Z raft2026/09/05 14:14:30 INFO: 2 [term: 1] received a MsgVote message with higher term from 1 [term: 2]
race distributed	Distributed serving race tests	2026-09-05T14:16:15.0859827Z raft2026/09/05 14:14:30 INFO: 2 became follower at term 2
race distributed	Distributed serving race tests	2026-09-05T14:16:15.0860023Z raft2026/09/05 14:14:30 INFO: 2 [logterm: 1, index: 1, vote: 0] cast MsgVote for 1 [logterm: 1, index: 1] at term 2
race distributed	Distributed serving race tests	2026-09-05T14:16:15.0860171Z raft2026/09/05 14:14:30 INFO: 1 received MsgVoteResp from 2 at term 2
race distributed	Distributed serving race tests	2026-09-05T14:16:15.0860345Z raft2026/09/05 14:14:30 INFO: 1 has received 2 MsgVoteResp votes and 0 vote rejections
race distributed	Distributed serving race tests	2026-09-05T14:16:15.0860463Z raft2026/09/05 14:14:30 INFO: 1 became leader at term 2
race distributed	Distributed serving race tests	2026-09-05T14:16:15.0860613Z raft2026/09/05 14:14:30 INFO: entry at index 3 missing from unstable log; ignoring
race distributed	Distributed serving race tests	2026-09-05T14:16:15.0860775Z raft2026/09/05 14:14:30 INFO: entry at index 3 missing from unstable log; ignoring
race distributed	Distributed serving race tests	2026-09-05T14:16:15.0860931Z raft2026/09/05 14:14:31 INFO: entry at index 6 missing from unstable log; ignoring
race distributed	Distributed serving race tests	2026-09-05T14:16:15.0861094Z raft2026/09/05 14:14:31 INFO: entry at index 10 missing from unstable log; ignoring
race distributed	Distributed serving race tests	2026-09-05T14:16:15.0861236Z raft2026/09/05 14:14:31 INFO: entry at index 10 missing from unstable log; ignoring
race distributed	Distributed serving race tests	2026-09-05T14:16:15.0861391Z raft2026/09/05 14:14:32 INFO: entry at index 4 missing from unstable log; ignoring
race distributed	Distributed serving race tests	2026-09-05T14:16:15.0861545Z raft2026/09/05 14:14:32 INFO: entry at index 5 missing from unstable log; ignoring
race distributed	Distributed serving race tests	2026-09-05T14:16:15.0861686Z raft2026/09/05 14:14:32 INFO: entry at index 5 missing from unstable log; ignoring
race distributed	Distributed serving race tests	2026-09-05T14:16:15.0861902Z raft2026/09/05 14:14:32 INFO: entry at index 7 missing from unstable log; ignoring
race distributed	Distributed serving race tests	2026-09-05T14:16:15.0862058Z raft2026/09/05 14:14:33 INFO: entry at index 7 missing from unstable log; ignoring
race distributed	Distributed serving race tests	2026-09-05T14:16:15.0862277Z raft2026/09/05 14:14:33 INFO: entry at index 8 missing from unstable log; ignoring
race distributed	Distributed serving race tests	2026-09-05T14:16:15.0862427Z raft2026/09/05 14:14:33 INFO: entry at index 14 missing from unstable log; ignoring
race distributed	Distributed serving race tests	2026-09-05T14:16:15.0862590Z raft2026/09/05 14:14:33 INFO: entry at index 15 missing from unstable log; ignoring
race distributed	Distributed serving race tests	2026-09-05T14:16:15.0862752Z raft2026/09/05 14:14:33 INFO: entry at index 15 missing from unstable log; ignoring
race distributed	Distributed serving race tests	2026-09-05T14:16:15.0862912Z raft2026/09/05 14:14:34 INFO: entry at index 17 missing from unstable log; ignoring
race distributed	Distributed serving race tests	2026-09-05T14:16:15.0863060Z raft2026/09/05 14:14:34 INFO: entry at index 18 missing from unstable log; ignoring
race distributed	Distributed serving race tests	2026-09-05T14:16:15.0863223Z raft2026/09/05 14:14:34 INFO: entry at index 9 missing from unstable log; ignoring
race distributed	Distributed serving race tests	2026-09-05T14:16:15.0863385Z raft2026/09/05 14:14:35 INFO: entry at index 19 missing from unstable log; ignoring
race distributed	Distributed serving race tests	2026-09-05T14:16:15.0863543Z raft2026/09/05 14:14:35 INFO: entry at index 4 missing from unstable log; ignoring
race distributed	Distributed serving race tests	2026-09-05T14:16:15.0863691Z raft2026/09/05 14:14:35 INFO: entry at index 20 missing from unstable log; ignoring
race distributed	Distributed serving race tests	2026-09-05T14:16:15.0863851Z raft2026/09/05 14:14:35 INFO: entry at index 5 missing from unstable log; ignoring
race distributed	Distributed serving race tests	2026-09-05T14:16:15.0864016Z raft2026/09/05 14:14:35 INFO: entry at index 5 missing from unstable log; ignoring
race distributed	Distributed serving race tests	2026-09-05T14:16:15.0864159Z raft2026/09/05 14:14:35 INFO: entry at index 21 missing from unstable log; ignoring
race distributed	Distributed serving race tests	2026-09-05T14:16:15.0864320Z raft2026/09/05 14:14:35 INFO: entry at index 21 missing from unstable log; ignoring
race distributed	Distributed serving race tests	2026-09-05T14:16:15.0864480Z raft2026/09/05 14:14:35 INFO: entry at index 6 missing from unstable log; ignoring
race distributed	Distributed serving race tests	2026-09-05T14:16:15.0864642Z raft2026/09/05 14:14:36 INFO: entry at index 22 missing from unstable log; ignoring
race distributed	Distributed serving race tests	2026-09-05T14:16:15.0864789Z raft2026/09/05 14:14:36 INFO: entry at index 7 missing from unstable log; ignoring
race distributed	Distributed serving race tests	2026-09-05T14:16:15.0864952Z raft2026/09/05 14:14:36 INFO: entry at index 7 missing from unstable log; ignoring
race distributed	Distributed serving race tests	2026-09-05T14:16:15.0865118Z raft2026/09/05 14:14:36 INFO: entry at index 8 missing from unstable log; ignoring
race distributed	Distributed serving race tests	2026-09-05T14:16:15.0865278Z raft2026/09/05 14:14:36 INFO: entry at index 8 missing from unstable log; ignoring
race distributed	Distributed serving race tests	2026-09-05T14:16:15.0865424Z raft2026/09/05 14:14:36 INFO: entry at index 26 missing from unstable log; ignoring
race distributed	Distributed serving race tests	2026-09-05T14:16:15.0865584Z raft2026/09/05 14:14:37 INFO: entry at index 10 missing from unstable log; ignoring
race distributed	Distributed serving race tests	2026-09-05T14:16:15.0865742Z raft2026/09/05 14:14:37 INFO: entry at index 28 missing from unstable log; ignoring
race distributed	Distributed serving race tests	2026-09-05T14:16:15.0865885Z raft2026/09/05 14:14:37 INFO: entry at index 28 missing from unstable log; ignoring
race distributed	Distributed serving race tests	2026-09-05T14:16:15.0866044Z raft2026/09/05 14:14:37 INFO: entry at index 28 missing from unstable log; ignoring
race distributed	Distributed serving race tests	2026-09-05T14:16:15.0866203Z raft2026/09/05 14:14:37 INFO: entry at index 11 missing from unstable log; ignoring
race distributed	Distributed serving race tests	2026-09-05T14:16:15.0866361Z raft2026/09/05 14:14:37 INFO: entry at index 11 missing from unstable log; ignoring
race distributed	Distributed serving race tests	2026-09-05T14:16:15.0866506Z raft2026/09/05 14:14:37 INFO: entry at index 12 missing from unstable log; ignoring
race distributed	Distributed serving race tests	2026-09-05T14:16:15.0866668Z raft2026/09/05 14:14:37 INFO: entry at index 12 missing from unstable log; ignoring
race distributed	Distributed serving race tests	2026-09-05T14:16:15.0866828Z raft2026/09/05 14:14:37 INFO: entry at index 13 missing from unstable log; ignoring
race distributed	Distributed serving race tests	2026-09-05T14:16:15.0866986Z raft2026/09/05 14:14:37 INFO: entry at index 14 missing from unstable log; ignoring
race distributed	Distributed serving race tests	2026-09-05T14:16:15.0867127Z raft2026/09/05 14:14:37 INFO: entry at index 15 missing from unstable log; ignoring
race distributed	Distributed serving race tests	2026-09-05T14:16:15.0867288Z raft2026/09/05 14:14:38 INFO: entry at index 34 missing from unstable log; ignoring
race distributed	Distributed serving race tests	2026-09-05T14:16:15.0867446Z raft2026/09/05 14:14:38 INFO: entry at index 35 missing from unstable log; ignoring
race distributed	Distributed serving race tests	2026-09-05T14:16:15.0867638Z raft2026/09/05 14:14:38 INFO: entry at index 35 missing from unstable log; ignoring
race distributed	Distributed serving race tests	2026-09-05T14:16:15.0867796Z raft2026/09/05 14:14:39 INFO: entry at index 36 missing from unstable log; ignoring
race distributed	Distributed serving race tests	2026-09-05T14:16:15.0867955Z raft2026/09/05 14:14:39 INFO: entry at index 16 missing from unstable log; ignoring
race distributed	Distributed serving race tests	2026-09-05T14:16:15.0868163Z raft2026/09/05 14:14:39 INFO: entry at index 37 missing from unstable log; ignoring
race distributed	Distributed serving race tests	2026-09-05T14:16:15.0868306Z raft2026/09/05 14:14:39 INFO: entry at index 37 missing from unstable log; ignoring
race distributed	Distributed serving race tests	2026-09-05T14:16:15.0868471Z raft2026/09/05 14:14:39 INFO: entry at index 18 missing from unstable log; ignoring
race distributed	Distributed serving race tests	2026-09-05T14:16:15.0868629Z raft2026/09/05 14:14:39 INFO: entry at index 38 missing from unstable log; ignoring
race distributed	Distributed serving race tests	2026-09-05T14:16:15.0868791Z raft2026/09/05 14:14:39 INFO: entry at index 19 missing from unstable log; ignoring
race distributed	Distributed serving race tests	2026-09-05T14:16:15.0868933Z raft2026/09/05 14:14:39 INFO: entry at index 20 missing from unstable log; ignoring
race distributed	Distributed serving race tests	2026-09-05T14:16:15.0869213Z raft2026/09/05 14:14:39 INFO: entry at index 40 missing from unstable log; ignoring
race distributed	Distributed serving race tests	2026-09-05T14:16:15.0869386Z raft2026/09/05 14:14:39 INFO: entry at index 22 missing from unstable log; ignoring
race distributed	Distributed serving race tests	2026-09-05T14:16:15.0869548Z raft2026/09/05 14:14:40 INFO: entry at index 45 missing from unstable log; ignoring
race distributed	Distributed serving race tests	2026-09-05T14:16:15.0869695Z raft2026/09/05 14:14:40 INFO: entry at index 46 missing from unstable log; ignoring
race distributed	Distributed serving race tests	2026-09-05T14:16:15.0869857Z raft2026/09/05 14:14:40 INFO: entry at index 11 missing from unstable log; ignoring
race distributed	Distributed serving race tests	2026-09-05T14:16:15.0870015Z raft2026/09/05 14:14:40 INFO: entry at index 12 missing from unstable log; ignoring
race distributed	Distributed serving race tests	2026-09-05T14:16:15.0870158Z raft2026/09/05 14:14:40 INFO: entry at index 12 missing from unstable log; ignoring
race distributed	Distributed serving race tests	2026-09-05T14:16:15.0870317Z raft2026/09/05 14:14:40 INFO: entry at index 48 missing from unstable log; ignoring
race distributed	Distributed serving race tests	2026-09-05T14:16:15.0870477Z raft2026/09/05 14:14:42 INFO: entry at index 50 missing from unstable log; ignoring
race distributed	Distributed serving race tests	2026-09-05T14:16:15.0870636Z raft2026/09/05 14:14:42 INFO: entry at index 51 missing from unstable log; ignoring
race distributed	Distributed serving race tests	2026-09-05T14:16:15.0870775Z raft2026/09/05 14:14:42 INFO: entry at index 54 missing from unstable log; ignoring
race distributed	Distributed serving race tests	2026-09-05T14:16:15.0870934Z raft2026/09/05 14:14:42 INFO: entry at index 16 missing from unstable log; ignoring
race distributed	Distributed serving race tests	2026-09-05T14:16:15.0871101Z raft2026/09/05 14:14:42 INFO: entry at index 16 missing from unstable log; ignoring
race distributed	Distributed serving race tests	2026-09-05T14:16:15.0871256Z raft2026/09/05 14:14:42 INFO: entry at index 24 missing from unstable log; ignoring
race distributed	Distributed serving race tests	2026-09-05T14:16:15.0871400Z raft2026/09/05 14:14:43 INFO: entry at index 25 missing from unstable log; ignoring
race distributed	Distributed serving race tests	2026-09-05T14:16:15.0871557Z raft2026/09/05 14:14:43 INFO: entry at index 57 missing from unstable log; ignoring
race distributed	Distributed serving race tests	2026-09-05T14:16:15.0871715Z raft2026/09/05 14:14:43 INFO: entry at index 27 missing from unstable log; ignoring
race distributed	Distributed serving race tests	2026-09-05T14:16:15.0871856Z raft2026/09/05 14:14:43 INFO: entry at index 27 missing from unstable log; ignoring
race distributed	Distributed serving race tests	2026-09-05T14:16:15.0872017Z raft2026/09/05 14:14:43 INFO: entry at index 29 missing from unstable log; ignoring
race distributed	Distributed serving race tests	2026-09-05T14:16:15.0872177Z raft2026/09/05 14:14:43 INFO: entry at index 29 missing from unstable log; ignoring
race distributed	Distributed serving race tests	2026-09-05T14:16:15.0872336Z raft2026/09/05 14:14:43 INFO: entry at index 61 missing from unstable log; ignoring
race distributed	Distributed serving race tests	2026-09-05T14:16:15.0872480Z raft2026/09/05 14:14:43 INFO: entry at index 62 missing from unstable log; ignoring
race distributed	Distributed serving race tests	2026-09-05T14:16:15.0872640Z raft2026/09/05 14:14:43 INFO: entry at index 62 missing from unstable log; ignoring
race distributed	Distributed serving race tests	2026-09-05T14:16:15.0872798Z raft2026/09/05 14:14:44 INFO: entry at index 63 missing from unstable log; ignoring
race distributed	Distributed serving race tests	2026-09-05T14:16:15.0872943Z raft2026/09/05 14:14:44 INFO: 2 is starting a new election at term 2
race distributed	Distributed serving race tests	2026-09-05T14:16:15.0873068Z raft2026/09/05 14:14:44 INFO: 2 became pre-candidate at term 2
race distributed	Distributed serving race tests	2026-09-05T14:16:15.0873256Z raft2026/09/05 14:14:44 INFO: 2 [logterm: 2, index: 67] sent MsgPreVote request to 1 at term 2
race distributed	Distributed serving race tests	2026-09-05T14:16:15.0873444Z raft2026/09/05 14:14:44 INFO: 2 [logterm: 2, index: 67] sent MsgPreVote request to 3 at term 2
race distributed	Distributed serving race tests	2026-09-05T14:16:15.0873646Z raft2026/09/05 14:14:44 INFO: 2 received MsgPreVoteResp from 2 at term 2
race distributed	Distributed serving race tests	2026-09-05T14:16:15.0873828Z raft2026/09/05 14:14:44 INFO: 2 has received 1 MsgPreVoteResp votes and 0 vote rejections
race distributed	Distributed serving race tests	2026-09-05T14:16:15.0874214Z raft2026/09/05 14:14:44 INFO: 3 [logterm: 2, index: 67, vote: 1] ignored MsgPreVote from 2 [logterm: 2, index: 67] at term 2: lease is not expired (remaining ticks: 10)
race distributed	Distributed serving race tests	2026-09-05T14:16:15.0874359Z raft2026/09/05 14:14:44 INFO: 3 is starting a new election at term 2
race distributed	Distributed serving race tests	2026-09-05T14:16:15.0874482Z raft2026/09/05 14:14:44 INFO: 3 became pre-candidate at term 2
race distributed	Distributed serving race tests	2026-09-05T14:16:15.0874667Z raft2026/09/05 14:14:44 INFO: 3 [logterm: 2, index: 67] sent MsgPreVote request to 1 at term 2
race distributed	Distributed serving race tests	2026-09-05T14:16:15.0874851Z raft2026/09/05 14:14:44 INFO: 3 [logterm: 2, index: 67] sent MsgPreVote request to 2 at term 2
race distributed	Distributed serving race tests	2026-09-05T14:16:15.0875001Z raft2026/09/05 14:14:44 INFO: 3 received MsgPreVoteResp from 3 at term 2
race distributed	Distributed serving race tests	2026-09-05T14:16:15.0875165Z raft2026/09/05 14:14:44 INFO: 3 has received 1 MsgPreVoteResp votes and 0 vote rejections
race distributed	Distributed serving race tests	2026-09-05T14:16:15.0875396Z raft2026/09/05 14:14:44 INFO: 2 [logterm: 2, index: 67, vote: 1] cast MsgPreVote for 3 [logterm: 2, index: 67] at term 2
race distributed	Distributed serving race tests	2026-09-05T14:16:15.0875541Z raft2026/09/05 14:14:44 INFO: 3 received MsgPreVoteResp from 2 at term 2
race distributed	Distributed serving race tests	2026-09-05T14:16:15.0875717Z raft2026/09/05 14:14:44 INFO: 3 has received 2 MsgPreVoteResp votes and 0 vote rejections
race distributed	Distributed serving race tests	2026-09-05T14:16:15.0875830Z raft2026/09/05 14:14:44 INFO: 3 became candidate at term 3
race distributed	Distributed serving race tests	2026-09-05T14:16:15.0876012Z raft2026/09/05 14:14:44 INFO: 3 [logterm: 2, index: 67] sent MsgVote request to 1 at term 3
race distributed	Distributed serving race tests	2026-09-05T14:16:15.0876187Z raft2026/09/05 14:14:44 INFO: 3 [logterm: 2, index: 67] sent MsgVote request to 2 at term 3
race distributed	Distributed serving race tests	2026-09-05T14:16:15.0876370Z raft2026/09/05 14:14:44 INFO: 2 [term: 2] received a MsgVote message with higher term from 3 [term: 3]
race distributed	Distributed serving race tests	2026-09-05T14:16:15.0876497Z raft2026/09/05 14:14:44 INFO: 2 became follower at term 3
race distributed	Distributed serving race tests	2026-09-05T14:16:15.0876720Z raft2026/09/05 14:14:44 INFO: 2 [logterm: 2, index: 67, vote: 0] cast MsgVote for 3 [logterm: 2, index: 67] at term 3
race distributed	Distributed serving race tests	2026-09-05T14:16:15.0876866Z raft2026/09/05 14:14:44 INFO: 3 received MsgVoteResp from 3 at term 3
race distributed	Distributed serving race tests	2026-09-05T14:16:15.0877022Z raft2026/09/05 14:14:44 INFO: 3 has received 1 MsgVoteResp votes and 0 vote rejections
race distributed	Distributed serving race tests	2026-09-05T14:16:15.0877169Z raft2026/09/05 14:14:44 INFO: 3 received MsgVoteResp from 2 at term 3
race distributed	Distributed serving race tests	2026-09-05T14:16:15.0877338Z raft2026/09/05 14:14:44 INFO: 3 has received 2 MsgVoteResp votes and 0 vote rejections
race distributed	Distributed serving race tests	2026-09-05T14:16:15.0877457Z raft2026/09/05 14:14:44 INFO: 3 became leader at term 3
race distributed	Distributed serving race tests	2026-09-05T14:16:15.0877757Z raft2026/09/05 14:14:44 INFO: 1 [logterm: 2, index: 67, vote: 1] ignored MsgPreVote from 3 [logterm: 2, index: 67] at term 2: lease is not expired (remaining ticks: 5)
race distributed	Distributed serving race tests	2026-09-05T14:16:15.0878065Z raft2026/09/05 14:14:44 INFO: 1 [logterm: 2, index: 67, vote: 1] ignored MsgVote from 3 [logterm: 2, index: 67] at term 2: lease is not expired (remaining ticks: 5)
race distributed	Distributed serving race tests	2026-09-05T14:16:15.0878267Z raft2026/09/05 14:14:44 INFO: 1 [term: 2] received a MsgApp message with higher term from 3 [term: 3]
race distributed	Distributed serving race tests	2026-09-05T14:16:15.0878390Z raft2026/09/05 14:14:44 INFO: 1 became follower at term 3
race distributed	Distributed serving race tests	2026-09-05T14:16:15.0878613Z raft2026/09/05 14:14:44 INFO: 1 [logterm: 3, index: 68, vote: 0] rejected MsgPreVote from 2 [logterm: 2, index: 67] at term 3
race distributed	Distributed serving race tests	2026-09-05T14:16:15.0878775Z raft2026/09/05 14:14:44 INFO: entry at index 68 missing from unstable log; ignoring
race distributed	Distributed serving race tests	2026-09-05T14:16:15.0878936Z raft2026/09/05 14:14:44 INFO: entry at index 69 missing from unstable log; ignoring
race distributed	Distributed serving race tests	2026-09-05T14:16:15.0879158Z raft2026/09/05 14:14:44 INFO: 1 is starting a new election at term 3
race distributed	Distributed serving race tests	2026-09-05T14:16:15.0879293Z raft2026/09/05 14:14:44 INFO: 1 became pre-candidate at term 3
race distributed	Distributed serving race tests	2026-09-05T14:16:15.0879478Z raft2026/09/05 14:14:44 INFO: 1 [logterm: 3, index: 69] sent MsgPreVote request to 2 at term 3
race distributed	Distributed serving race tests	2026-09-05T14:16:15.0879650Z raft2026/09/05 14:14:44 INFO: 1 [logterm: 3, index: 69] sent MsgPreVote request to 3 at term 3
race distributed	Distributed serving race tests	2026-09-05T14:16:15.0880007Z raft2026/09/05 14:14:44 INFO: 2 [logterm: 3, index: 69, vote: 3] ignored MsgPreVote from 1 [logterm: 3, index: 69] at term 3: lease is not expired (remaining ticks: 10)
race distributed	Distributed serving race tests	2026-09-05T14:16:15.0880204Z raft2026/09/05 14:14:44 INFO: 1 received MsgPreVoteResp from 1 at term 3
race distributed	Distributed serving race tests	2026-09-05T14:16:15.0880379Z raft2026/09/05 14:14:44 INFO: 1 has received 1 MsgPreVoteResp votes and 0 vote rejections
race distributed	Distributed serving race tests	2026-09-05T14:16:15.0880527Z raft2026/09/05 14:14:45 INFO: 3 is starting a new election at term 2
race distributed	Distributed serving race tests	2026-09-05T14:16:15.0880647Z raft2026/09/05 14:14:45 INFO: 3 became pre-candidate at term 2
race distributed	Distributed serving race tests	2026-09-05T14:16:15.0880832Z raft2026/09/05 14:14:45 INFO: 3 [logterm: 2, index: 16] sent MsgPreVote request to 1 at term 2
race distributed	Distributed serving race tests	2026-09-05T14:16:15.0881012Z raft2026/09/05 14:14:45 INFO: 3 [logterm: 2, index: 16] sent MsgPreVote request to 2 at term 2
race distributed	Distributed serving race tests	2026-09-05T14:16:15.0881166Z raft2026/09/05 14:14:45 INFO: 3 received MsgPreVoteResp from 3 at term 2
race distributed	Distributed serving race tests	2026-09-05T14:16:15.0881331Z raft2026/09/05 14:14:45 INFO: 3 has received 1 MsgPreVoteResp votes and 0 vote rejections
race distributed	Distributed serving race tests	2026-09-05T14:16:15.0881469Z raft2026/09/05 14:14:45 INFO: 3 is starting a new election at term 2
race distributed	Distributed serving race tests	2026-09-05T14:16:15.0881608Z raft2026/09/05 14:14:45 INFO: 3 became pre-candidate at term 2
race distributed	Distributed serving race tests	2026-09-05T14:16:15.0881774Z raft2026/09/05 14:14:45 INFO: 3 [logterm: 2, index: 29] sent MsgPreVote request to 1 at term 2
race distributed	Distributed serving race tests	2026-09-05T14:16:15.0881956Z raft2026/09/05 14:14:45 INFO: 3 [logterm: 2, index: 29] sent MsgPreVote request to 2 at term 2
race distributed	Distributed serving race tests	2026-09-05T14:16:15.0882096Z raft2026/09/05 14:14:45 INFO: 2 is starting a new election at term 3
race distributed	Distributed serving race tests	2026-09-05T14:16:15.0882235Z raft2026/09/05 14:14:45 INFO: 2 became pre-candidate at term 3
race distributed	Distributed serving race tests	2026-09-05T14:16:15.0882386Z raft2026/09/05 14:14:45 WARN: 3 stepped down to follower since quorum is not active
race distributed	Distributed serving race tests	2026-09-05T14:16:15.0882566Z raft2026/09/05 14:14:45 INFO: 2 [logterm: 3, index: 69] sent MsgPreVote request to 1 at term 3
race distributed	Distributed serving race tests	2026-09-05T14:16:15.0882694Z raft2026/09/05 14:14:45 INFO: 3 became follower at term 3
race distributed	Distributed serving race tests	2026-09-05T14:16:15.0882871Z raft2026/09/05 14:14:45 INFO: 2 [logterm: 3, index: 69] sent MsgPreVote request to 3 at term 3
race distributed	Distributed serving race tests	2026-09-05T14:16:15.0883004Z raft2026/09/05 14:14:45 INFO: 3 received MsgPreVoteResp from 3 at term 2
race distributed	Distributed serving race tests	2026-09-05T14:16:15.0883186Z raft2026/09/05 14:14:45 INFO: 3 has received 1 MsgPreVoteResp votes and 0 vote rejections
race distributed	Distributed serving race tests	2026-09-05T14:16:15.0883331Z raft2026/09/05 14:14:45 INFO: 2 received MsgPreVoteResp from 2 at term 3
race distributed	Distributed serving race tests	2026-09-05T14:16:15.0883490Z raft2026/09/05 14:14:45 INFO: 2 has received 1 MsgPreVoteResp votes and 0 vote rejections
race distributed	Distributed serving race tests	2026-09-05T14:16:15.0883715Z raft2026/09/05 14:14:45 INFO: 1 [logterm: 3, index: 69, vote: 0] cast MsgPreVote for 2 [logterm: 3, index: 69] at term 3
race distributed	Distributed serving race tests	2026-09-05T14:16:15.0883861Z raft2026/09/05 14:14:45 INFO: 2 received MsgPreVoteResp from 1 at term 3
race distributed	Distributed serving race tests	2026-09-05T14:16:15.0884036Z raft2026/09/05 14:14:45 INFO: 2 has received 2 MsgPreVoteResp votes and 0 vote rejections
race distributed	Distributed serving race tests	2026-09-05T14:16:15.0884147Z raft2026/09/05 14:14:45 INFO: 2 became candidate at term 4
race distributed	Distributed serving race tests	2026-09-05T14:16:15.0884326Z raft2026/09/05 14:14:45 INFO: 2 [logterm: 3, index: 69] sent MsgVote request to 1 at term 4
race distributed	Distributed serving race tests	2026-09-05T14:16:15.0884501Z raft2026/09/05 14:14:45 INFO: 2 [logterm: 3, index: 69] sent MsgVote request to 3 at term 4
race distributed	Distributed serving race tests	2026-09-05T14:16:15.0884703Z raft2026/09/05 14:14:45 INFO: 1 [term: 3] received a MsgVote message with higher term from 2 [term: 4]
race distributed	Distributed serving race tests	2026-09-05T14:16:15.0884810Z raft2026/09/05 14:14:45 INFO: 1 became follower at term 4
race distributed	Distributed serving race tests	2026-09-05T14:16:15.0885028Z raft2026/09/05 14:14:45 INFO: 1 [logterm: 3, index: 69, vote: 0] cast MsgVote for 2 [logterm: 3, index: 69] at term 4
race distributed	Distributed serving race tests	2026-09-05T14:16:15.0885172Z raft2026/09/05 14:14:45 INFO: 2 received MsgVoteResp from 2 at term 4
race distributed	Distributed serving race tests	2026-09-05T14:16:15.0885343Z raft2026/09/05 14:14:45 INFO: 2 has received 1 MsgVoteResp votes and 0 vote rejections
race distributed	Distributed serving race tests	2026-09-05T14:16:15.0885468Z raft2026/09/05 14:14:45 INFO: 2 received MsgVoteResp from 1 at term 4
race distributed	Distributed serving race tests	2026-09-05T14:16:15.0885630Z raft2026/09/05 14:14:45 INFO: 2 has received 2 MsgVoteResp votes and 0 vote rejections
race distributed	Distributed serving race tests	2026-09-05T14:16:15.0885824Z raft2026/09/05 14:14:45 INFO: 2 became leader at term 4
race distributed	Distributed serving race tests	2026-09-05T14:16:15.0885954Z raft2026/09/05 14:14:46 INFO: 3 is starting a new election at term 2
race distributed	Distributed serving race tests	2026-09-05T14:16:15.0886088Z raft2026/09/05 14:14:46 INFO: 3 became pre-candidate at term 2
race distributed	Distributed serving race tests	2026-09-05T14:16:15.0886308Z raft2026/09/05 14:14:46 INFO: 3 [logterm: 2, index: 16] sent MsgPreVote request to 1 at term 2
race distributed	Distributed serving race tests	2026-09-05T14:16:15.0886477Z raft2026/09/05 14:14:46 INFO: 3 [logterm: 2, index: 16] sent MsgPreVote request to 2 at term 2
race distributed	Distributed serving race tests	2026-09-05T14:16:15.0886606Z raft2026/09/05 14:14:46 INFO: 3 received MsgPreVoteResp from 3 at term 2
race distributed	Distributed serving race tests	2026-09-05T14:16:15.0886775Z raft2026/09/05 14:14:46 INFO: 3 has received 1 MsgPreVoteResp votes and 0 vote rejections
race distributed	Distributed serving race tests	2026-09-05T14:16:15.0886921Z raft2026/09/05 14:14:47 INFO: 1 switched to configuration voters=(1 2 3)
race distributed	Distributed serving race tests	2026-09-05T14:16:15.0887046Z raft2026/09/05 14:14:47 INFO: 1 became follower at term 1
race distributed	Distributed serving race tests	2026-09-05T14:16:15.0887248Z raft2026/09/05 14:14:47 INFO: newRaft 1 [peers: [1,2,3], term: 1, commit: 1, applied: 1, lastindex: 1, lastterm: 1]
race distributed	Distributed serving race tests	2026-09-05T14:16:15.0887390Z raft2026/09/05 14:14:48 INFO: 2 switched to configuration voters=(1 2 3)
race distributed	Distributed serving race tests	2026-09-05T14:16:15.0887512Z raft2026/09/05 14:14:48 INFO: 2 became follower at term 1
race distributed	Distributed serving race tests	2026-09-05T14:16:15.0887709Z raft2026/09/05 14:14:48 INFO: newRaft 2 [peers: [1,2,3], term: 1, commit: 1, applied: 1, lastindex: 1, lastterm: 1]
race distributed	Distributed serving race tests	2026-09-05T14:16:15.0887858Z raft2026/09/05 14:14:48 INFO: 3 switched to configuration voters=(1 2 3)
race distributed	Distributed serving race tests	2026-09-05T14:16:15.0887978Z raft2026/09/05 14:14:48 INFO: 3 became follower at term 1
race distributed	Distributed serving race tests	2026-09-05T14:16:15.0888185Z raft2026/09/05 14:14:48 INFO: newRaft 3 [peers: [1,2,3], term: 1, commit: 1, applied: 1, lastindex: 1, lastterm: 1]
race distributed	Distributed serving race tests	2026-09-05T14:16:15.0888309Z raft2026/09/05 14:14:48 INFO: 1 is starting a new election at term 1
race distributed	Distributed serving race tests	2026-09-05T14:16:15.0888436Z raft2026/09/05 14:14:48 INFO: 1 became pre-candidate at term 1
race distributed	Distributed serving race tests	2026-09-05T14:16:15.0888607Z raft2026/09/05 14:14:48 INFO: 1 [logterm: 1, index: 1] sent MsgPreVote request to 2 at term 1
race distributed	Distributed serving race tests	2026-09-05T14:16:15.0888777Z raft2026/09/05 14:14:48 INFO: 1 [logterm: 1, index: 1] sent MsgPreVote request to 3 at term 1
race distributed	Distributed serving race tests	2026-09-05T14:16:15.0888907Z raft2026/09/05 14:14:48 INFO: 1 received MsgPreVoteResp from 1 at term 1
race distributed	Distributed serving race tests	2026-09-05T14:16:15.0889200Z raft2026/09/05 14:14:48 INFO: 1 has received 1 MsgPreVoteResp votes and 0 vote rejections
race distributed	Distributed serving race tests	2026-09-05T14:16:15.0889437Z raft2026/09/05 14:14:48 INFO: 3 [logterm: 1, index: 1, vote: 0] cast MsgPreVote for 1 [logterm: 1, index: 1] at term 1
race distributed	Distributed serving race tests	2026-09-05T14:16:15.0889640Z raft2026/09/05 14:14:48 INFO: 2 [logterm: 1, index: 1, vote: 0] cast MsgPreVote for 1 [logterm: 1, index: 1] at term 1
race distributed	Distributed serving race tests	2026-09-05T14:16:15.0889787Z raft2026/09/05 14:14:48 INFO: 1 received MsgPreVoteResp from 3 at term 1
race distributed	Distributed serving race tests	2026-09-05T14:16:15.0889965Z raft2026/09/05 14:14:48 INFO: 1 has received 2 MsgPreVoteResp votes and 0 vote rejections
race distributed	Distributed serving race tests	2026-09-05T14:16:15.0890093Z raft2026/09/05 14:14:48 INFO: 1 became candidate at term 2
race distributed	Distributed serving race tests	2026-09-05T14:16:15.0890255Z raft2026/09/05 14:14:48 INFO: 1 [logterm: 1, index: 1] sent MsgVote request to 2 at term 2
race distributed	Distributed serving race tests	2026-09-05T14:16:15.0890424Z raft2026/09/05 14:14:48 INFO: 1 [logterm: 1, index: 1] sent MsgVote request to 3 at term 2
race distributed	Distributed serving race tests	2026-09-05T14:16:15.0890620Z raft2026/09/05 14:14:48 INFO: 3 [term: 1] received a MsgVote message with higher term from 1 [term: 2]
race distributed	Distributed serving race tests	2026-09-05T14:16:15.0890818Z raft2026/09/05 14:14:48 INFO: 2 [term: 1] received a MsgVote message with higher term from 1 [term: 2]
race distributed	Distributed serving race tests	2026-09-05T14:16:15.0890927Z raft2026/09/05 14:14:48 INFO: 3 became follower at term 2
race distributed	Distributed serving race tests	2026-09-05T14:16:15.0891052Z raft2026/09/05 14:14:48 INFO: 2 became follower at term 2
race distributed	Distributed serving race tests	2026-09-05T14:16:15.0891263Z raft2026/09/05 14:14:48 INFO: 3 [logterm: 1, index: 1, vote: 0] cast MsgVote for 1 [logterm: 1, index: 1] at term 2
race distributed	Distributed serving race tests	2026-09-05T14:16:15.0891466Z raft2026/09/05 14:14:48 INFO: 2 [logterm: 1, index: 1, vote: 0] cast MsgVote for 1 [logterm: 1, index: 1] at term 2
race distributed	Distributed serving race tests	2026-09-05T14:16:15.0891594Z raft2026/09/05 14:14:48 INFO: 1 received MsgVoteResp from 1 at term 2
race distributed	Distributed serving race tests	2026-09-05T14:16:15.0891819Z raft2026/09/05 14:14:48 INFO: 1 has received 1 MsgVoteResp votes and 0 vote rejections
race distributed	Distributed serving race tests	2026-09-05T14:16:15.0891959Z raft2026/09/05 14:14:48 INFO: 1 received MsgVoteResp from 3 at term 2
race distributed	Distributed serving race tests	2026-09-05T14:16:15.0892117Z raft2026/09/05 14:14:48 INFO: 1 has received 2 MsgVoteResp votes and 0 vote rejections
race distributed	Distributed serving race tests	2026-09-05T14:16:15.0892294Z raft2026/09/05 14:14:48 INFO: 1 became leader at term 2
race distributed	Distributed serving race tests	2026-09-05T14:16:15.0892463Z raft2026/09/05 14:14:48 INFO: entry at index 3 missing from unstable log; ignoring
race distributed	Distributed serving race tests	2026-09-05T14:16:15.0892605Z raft2026/09/05 14:14:49 INFO: 3 is starting a new election at term 2
race distributed	Distributed serving race tests	2026-09-05T14:16:15.0892727Z raft2026/09/05 14:14:49 INFO: 3 became pre-candidate at term 2
race distributed	Distributed serving race tests	2026-09-05T14:16:15.0892910Z raft2026/09/05 14:14:49 INFO: 3 [logterm: 2, index: 6] sent MsgPreVote request to 1 at term 2
race distributed	Distributed serving race tests	2026-09-05T14:16:15.0893091Z raft2026/09/05 14:14:49 INFO: 3 [logterm: 2, index: 6] sent MsgPreVote request to 2 at term 2
race distributed	Distributed serving race tests	2026-09-05T14:16:15.0893243Z raft2026/09/05 14:14:49 INFO: 3 received MsgPreVoteResp from 3 at term 2
race distributed	Distributed serving race tests	2026-09-05T14:16:15.0893404Z raft2026/09/05 14:14:49 INFO: 3 has received 1 MsgPreVoteResp votes and 0 vote rejections
race distributed	Distributed serving race tests	2026-09-05T14:16:15.0893627Z raft2026/09/05 14:14:49 INFO: 2 [logterm: 2, index: 6, vote: 1] cast MsgPreVote for 3 [logterm: 2, index: 6] at term 2
race distributed	Distributed serving race tests	2026-09-05T14:16:15.0893777Z raft2026/09/05 14:14:49 INFO: 3 received MsgPreVoteResp from 2 at term 2
race distributed	Distributed serving race tests	2026-09-05T14:16:15.0893936Z raft2026/09/05 14:14:49 INFO: 3 has received 2 MsgPreVoteResp votes and 0 vote rejections
race distributed	Distributed serving race tests	2026-09-05T14:16:15.0894063Z raft2026/09/05 14:14:49 INFO: 3 became candidate at term 3
race distributed	Distributed serving race tests	2026-09-05T14:16:15.0894234Z raft2026/09/05 14:14:49 INFO: 3 [logterm: 2, index: 6] sent MsgVote request to 1 at term 3
race distributed	Distributed serving race tests	2026-09-05T14:16:15.0894406Z raft2026/09/05 14:14:49 INFO: 3 [logterm: 2, index: 6] sent MsgVote request to 2 at term 3
race distributed	Distributed serving race tests	2026-09-05T14:16:15.0894585Z raft2026/09/05 14:14:49 INFO: 2 [term: 2] received a MsgVote message with higher term from 3 [term: 3]
race distributed	Distributed serving race tests	2026-09-05T14:16:15.0894712Z raft2026/09/05 14:14:49 INFO: 2 became follower at term 3
race distributed	Distributed serving race tests	2026-09-05T14:16:15.0894923Z raft2026/09/05 14:14:49 INFO: 2 [logterm: 2, index: 6, vote: 0] cast MsgVote for 3 [logterm: 2, index: 6] at term 3
race distributed	Distributed serving race tests	2026-09-05T14:16:15.0895070Z raft2026/09/05 14:14:49 INFO: 3 received MsgVoteResp from 3 at term 3
race distributed	Distributed serving race tests	2026-09-05T14:16:15.0895224Z raft2026/09/05 14:14:49 INFO: 3 has received 1 MsgVoteResp votes and 0 vote rejections
race distributed	Distributed serving race tests	2026-09-05T14:16:15.0895363Z raft2026/09/05 14:14:49 INFO: 3 received MsgVoteResp from 2 at term 3
race distributed	Distributed serving race tests	2026-09-05T14:16:15.0895529Z raft2026/09/05 14:14:49 INFO: 3 has received 2 MsgVoteResp votes and 0 vote rejections
race distributed	Distributed serving race tests	2026-09-05T14:16:15.0895643Z raft2026/09/05 14:14:49 INFO: 3 became leader at term 3
race distributed	Distributed serving race tests	2026-09-05T14:16:15.0895797Z raft2026/09/05 14:14:49 WARN: 1 stepped down to follower since quorum is not active
race distributed	Distributed serving race tests	2026-09-05T14:16:15.0895917Z raft2026/09/05 14:14:49 INFO: 1 became follower at term 2
race distributed	Distributed serving race tests	2026-09-05T14:16:15.0896068Z raft2026/09/05 14:14:58 INFO: 1 switched to configuration voters=(1 2 3)
race distributed	Distributed serving race tests	2026-09-05T14:16:15.0896177Z raft2026/09/05 14:14:58 INFO: 1 became follower at term 1
race distributed	Distributed serving race tests	2026-09-05T14:16:15.0896394Z raft2026/09/05 14:14:58 INFO: newRaft 1 [peers: [1,2,3], term: 1, commit: 1, applied: 1, lastindex: 1, lastterm: 1]
race distributed	Distributed serving race tests	2026-09-05T14:16:15.0896544Z raft2026/09/05 14:14:59 INFO: 2 switched to configuration voters=(1 2 3)
race distributed	Distributed serving race tests	2026-09-05T14:16:15.0896671Z raft2026/09/05 14:14:59 INFO: 2 became follower at term 1
race distributed	Distributed serving race tests	2026-09-05T14:16:15.0896871Z raft2026/09/05 14:14:59 INFO: newRaft 2 [peers: [1,2,3], term: 1, commit: 1, applied: 1, lastindex: 1, lastterm: 1]
race distributed	Distributed serving race tests	2026-09-05T14:16:15.0897017Z raft2026/09/05 14:15:00 INFO: 3 switched to configuration voters=(1 2 3)
race distributed	Distributed serving race tests	2026-09-05T14:16:15.0897140Z raft2026/09/05 14:15:00 INFO: 3 became follower at term 1
race distributed	Distributed serving race tests	2026-09-05T14:16:15.0897354Z raft2026/09/05 14:15:00 INFO: newRaft 3 [peers: [1,2,3], term: 1, commit: 1, applied: 1, lastindex: 1, lastterm: 1]
race distributed	Distributed serving race tests	2026-09-05T14:16:15.0897488Z raft2026/09/05 14:15:01 INFO: 1 switched to configuration voters=(1 2 3)
race distributed	Distributed serving race tests	2026-09-05T14:16:15.0897675Z raft2026/09/05 14:15:01 INFO: 1 became follower at term 1
race distributed	Distributed serving race tests	2026-09-05T14:16:15.0897886Z raft2026/09/05 14:15:01 INFO: newRaft 1 [peers: [1,2,3], term: 1, commit: 1, applied: 1, lastindex: 1, lastterm: 1]
race distributed	Distributed serving race tests	2026-09-05T14:16:15.0898019Z raft2026/09/05 14:15:02 INFO: 2 switched to configuration voters=(1 2 3)
race distributed	Distributed serving race tests	2026-09-05T14:16:15.0898183Z raft2026/09/05 14:15:02 INFO: 2 became follower at term 1
race distributed	Distributed serving race tests	2026-09-05T14:16:15.0898394Z raft2026/09/05 14:15:02 INFO: newRaft 2 [peers: [1,2,3], term: 1, commit: 1, applied: 1, lastindex: 1, lastterm: 1]
race distributed	Distributed serving race tests	2026-09-05T14:16:15.0898539Z raft2026/09/05 14:15:04 INFO: 3 switched to configuration voters=(1 2 3)
race distributed	Distributed serving race tests	2026-09-05T14:16:15.0898647Z raft2026/09/05 14:15:04 INFO: 3 became follower at term 1
race distributed	Distributed serving race tests	2026-09-05T14:16:15.0898857Z raft2026/09/05 14:15:04 INFO: newRaft 3 [peers: [1,2,3], term: 1, commit: 1, applied: 1, lastindex: 1, lastterm: 1]
race distributed	Distributed serving race tests	2026-09-05T14:16:15.0899001Z raft2026/09/05 14:15:04 INFO: 1 is starting a new election at term 1
race distributed	Distributed serving race tests	2026-09-05T14:16:15.0899319Z raft2026/09/05 14:15:04 INFO: 1 became pre-candidate at term 1
race distributed	Distributed serving race tests	2026-09-05T14:16:15.0899536Z raft2026/09/05 14:15:04 INFO: 1 [logterm: 1, index: 1] sent MsgPreVote request to 2 at term 1
race distributed	Distributed serving race tests	2026-09-05T14:16:15.0899720Z raft2026/09/05 14:15:04 INFO: 1 [logterm: 1, index: 1] sent MsgPreVote request to 3 at term 1
race distributed	Distributed serving race tests	2026-09-05T14:16:15.0899876Z raft2026/09/05 14:15:04 INFO: 1 received MsgPreVoteResp from 1 at term 1
race distributed	Distributed serving race tests	2026-09-05T14:16:15.0900038Z raft2026/09/05 14:15:04 INFO: 1 has received 1 MsgPreVoteResp votes and 0 vote rejections
race distributed	Distributed serving race tests	2026-09-05T14:16:15.0900256Z raft2026/09/05 14:15:04 INFO: 3 [logterm: 1, index: 1, vote: 0] cast MsgPreVote for 1 [logterm: 1, index: 1] at term 1
race distributed	Distributed serving race tests	2026-09-05T14:16:15.0900472Z raft2026/09/05 14:15:04 INFO: 2 [logterm: 1, index: 1, vote: 0] cast MsgPreVote for 1 [logterm: 1, index: 1] at term 1
race distributed	Distributed serving race tests	2026-09-05T14:16:15.0900615Z raft2026/09/05 14:15:04 INFO: 1 received MsgPreVoteResp from 3 at term 1
race distributed	Distributed serving race tests	2026-09-05T14:16:15.0900774Z raft2026/09/05 14:15:04 INFO: 1 has received 2 MsgPreVoteResp votes and 0 vote rejections
race distributed	Distributed serving race tests	2026-09-05T14:16:15.0900908Z raft2026/09/05 14:15:04 INFO: 1 became candidate at term 2
race distributed	Distributed serving race tests	2026-09-05T14:16:15.0901112Z raft2026/09/05 14:15:04 INFO: 1 [logterm: 1, index: 1] sent MsgVote request to 2 at term 2
race distributed	Distributed serving race tests	2026-09-05T14:16:15.0901272Z raft2026/09/05 14:15:04 INFO: 1 [logterm: 1, index: 1] sent MsgVote request to 3 at term 2
race distributed	Distributed serving race tests	2026-09-05T14:16:15.0901454Z raft2026/09/05 14:15:04 INFO: 3 [term: 1] received a MsgVote message with higher term from 1 [term: 2]
race distributed	Distributed serving race tests	2026-09-05T14:16:15.0901566Z raft2026/09/05 14:15:04 INFO: 3 became follower at term 2
race distributed	Distributed serving race tests	2026-09-05T14:16:15.0901766Z raft2026/09/05 14:15:04 INFO: 3 [logterm: 1, index: 1, vote: 0] cast MsgVote for 1 [logterm: 1, index: 1] at term 2
race distributed	Distributed serving race tests	2026-09-05T14:16:15.0901947Z raft2026/09/05 14:15:04 INFO: 2 [term: 1] received a MsgVote message with higher term from 1 [term: 2]
race distributed	Distributed serving race tests	2026-09-05T14:16:15.0902048Z raft2026/09/05 14:15:04 INFO: 2 became follower at term 2
race distributed	Distributed serving race tests	2026-09-05T14:16:15.0902242Z raft2026/09/05 14:15:04 INFO: 2 [logterm: 1, index: 1, vote: 0] cast MsgVote for 1 [logterm: 1, index: 1] at term 2
race distributed	Distributed serving race tests	2026-09-05T14:16:15.0902371Z raft2026/09/05 14:15:04 INFO: 1 received MsgVoteResp from 1 at term 2
race distributed	Distributed serving race tests	2026-09-05T14:16:15.0902516Z raft2026/09/05 14:15:04 INFO: 1 has received 1 MsgVoteResp votes and 0 vote rejections
race distributed	Distributed serving race tests	2026-09-05T14:16:15.0902645Z raft2026/09/05 14:15:04 INFO: 1 received MsgVoteResp from 2 at term 2
race distributed	Distributed serving race tests	2026-09-05T14:16:15.0902798Z raft2026/09/05 14:15:04 INFO: 1 has received 2 MsgVoteResp votes and 0 vote rejections
race distributed	Distributed serving race tests	2026-09-05T14:16:15.0902906Z raft2026/09/05 14:15:04 INFO: 1 became leader at term 2
race distributed	Distributed serving race tests	2026-09-05T14:16:15.0903048Z raft2026/09/05 14:15:04 INFO: entry at index 3 missing from unstable log; ignoring
race distributed	Distributed serving race tests	2026-09-05T14:16:15.0903198Z raft2026/09/05 14:15:04 INFO: entry at index 3 missing from unstable log; ignoring
race distributed	Distributed serving race tests	2026-09-05T14:16:15.0903345Z raft2026/09/05 14:15:04 INFO: entry at index 4 missing from unstable log; ignoring
race distributed	Distributed serving race tests	2026-09-05T14:16:15.0903414Z FAIL
race distributed	Distributed serving race tests	2026-09-05T14:16:15.0903550Z FAIL	github.com/thesyncim/vibedb/internal/raftservice	159.487s
race distributed	Distributed serving race tests	2026-09-05T14:16:51.1262502Z ok  	github.com/thesyncim/vibedb/internal/replicatedstate	244.712s
race distributed	Distributed serving race tests	2026-09-05T14:16:51.1263036Z FAIL
race distributed	Distributed serving race tests	2026-09-05T14:16:51.1573819Z ##[error]Process completed with exit code 1.
